# Blender 5.0.1
# www.blender.org
mtllib vas-bunga_1.mtl
o vas-bunga_1
v -0.100000 0.000000 0.500000
v -0.100000 0.000000 0.400000
v -0.100000 0.100000 0.400000
v -0.100000 0.100000 0.500000
v 0.100000 0.000000 0.500000
v 0.100000 0.000000 0.400000
v 0.100000 0.100000 0.400000
v 0.100000 0.100000 0.500000
v -0.300000 0.000000 0.400000
v -0.300000 0.000000 0.300000
v -0.300000 0.100000 0.300000
v -0.300000 0.100000 0.400000
v 0.300000 0.000000 0.400000
v 0.300000 0.000000 0.300000
v 0.300000 0.100000 0.300000
v 0.300000 0.100000 0.400000
v -0.400000 0.000000 0.300000
v -0.400000 0.100000 0.300000
v 0.400000 0.000000 0.300000
v 0.400000 0.100000 0.300000
v -0.400000 0.000000 0.100000
v -0.400000 0.100000 0.100000
v 0.400000 0.000000 0.100000
v 0.400000 0.100000 0.100000
v -0.500000 0.000000 0.100000
v -0.500000 0.100000 0.100000
v 0.500000 0.000000 0.100000
v 0.500000 0.100000 0.100000
v -0.400000 0.000000 -0.100000
v -0.400000 0.100000 -0.100000
v -0.500000 0.100000 -0.100000
v -0.500000 0.000000 -0.100000
v 0.400000 0.000000 -0.100000
v 0.500000 0.000000 -0.100000
v 0.500000 0.100000 -0.100000
v 0.400000 0.100000 -0.100000
v -0.300000 0.000000 -0.300000
v -0.300000 0.100000 -0.300000
v -0.400000 0.100000 -0.300000
v -0.400000 0.000000 -0.300000
v 0.300000 0.000000 -0.300000
v 0.400000 0.000000 -0.300000
v 0.400000 0.100000 -0.300000
v 0.300000 0.100000 -0.300000
v -0.300000 0.100000 -0.400000
v -0.300000 0.000000 -0.400000
v -0.100000 0.000000 -0.400000
v -0.100000 0.100000 -0.400000
v 0.100000 0.000000 -0.400000
v 0.100000 0.100000 -0.400000
v 0.300000 0.000000 -0.400000
v 0.300000 0.100000 -0.400000
v -0.100000 0.100000 -0.500000
v -0.100000 0.000000 -0.500000
v 0.100000 0.000000 -0.500000
v 0.100000 0.100000 -0.500000
v -0.300000 0.100000 0.500000
v -0.100000 0.200000 0.500000
v 0.100000 0.200000 0.500000
v 0.300000 0.100000 0.500000
v -0.400000 0.100000 0.400000
v 0.400000 0.100000 0.400000
v -0.500000 0.100000 0.300000
v 0.500000 0.100000 0.300000
v -0.500000 0.200000 0.100000
v 0.500000 0.200000 0.100000
v -0.500000 0.200000 -0.100000
v 0.500000 0.200000 -0.100000
v -0.500000 0.100000 -0.300000
v 0.500000 0.100000 -0.300000
v -0.400000 0.100000 -0.400000
v 0.400000 0.100000 -0.400000
v -0.300000 0.100000 -0.500000
v -0.100000 0.200000 -0.500000
v 0.100000 0.200000 -0.500000
v 0.300000 0.100000 -0.500000
v -0.200000 2.000001 0.500000
v -0.200000 2.000000 0.400000
v -0.100000 2.000000 0.400000
v -0.200000 1.900001 0.500000
v -0.200000 1.900001 0.400000
v -0.100000 1.900001 0.400000
v 0.100000 1.900001 0.400000
v 0.100000 2.000000 0.400000
v 0.200000 1.900001 0.500000
v 0.200000 1.900001 0.400000
v 0.200000 2.000000 0.400000
v 0.200000 2.000001 0.500000
v -0.300000 2.000001 0.400000
v -0.300000 2.000000 0.300000
v -0.200000 2.000000 0.300000
v -0.300000 1.900001 0.400000
v -0.300000 1.900001 0.300000
v -0.200000 1.900001 0.300000
v -0.100000 1.900001 0.300000
v -0.100000 2.000000 0.300000
v 0.200000 1.900001 0.300000
v 0.200000 2.000000 0.300000
v 0.100000 2.000000 0.300000
v 0.100000 1.900001 0.300000
v 0.300000 1.900001 0.400000
v 0.300000 1.900001 0.300000
v 0.300000 2.000000 0.300000
v 0.300000 2.000001 0.400000
v -0.400000 2.000001 0.300000
v -0.400000 2.000000 0.200000
v -0.300000 2.000000 0.200000
v -0.400000 1.900001 0.300000
v -0.400000 1.900001 0.200000
v -0.300000 1.900001 0.200000
v -0.200000 1.900001 0.200000
v -0.200000 2.000000 0.200000
v 0.300000 1.900001 0.200000
v 0.300000 2.000000 0.200000
v 0.200000 2.000000 0.200000
v 0.200000 1.900001 0.200000
v 0.400000 1.900001 0.300000
v 0.400000 1.900001 0.200000
v 0.400000 2.000000 0.200000
v 0.400000 2.000001 0.300000
v -0.500000 2.000001 0.200000
v -0.400000 2.000000 0.100000
v -0.500000 1.900001 0.200000
v -0.400000 1.900001 0.100000
v -0.300000 1.900001 0.100000
v -0.300000 2.000000 0.100000
v 0.400000 1.900001 0.100000
v 0.400000 2.000000 0.100000
v 0.300000 2.000000 0.100000
v 0.300000 1.900001 0.100000
v 0.500000 1.900001 0.200000
v 0.500000 2.000001 0.200000
v -0.400000 1.900001 -0.100000
v -0.400000 2.000000 -0.100000
v 0.400000 2.000000 -0.100000
v 0.400000 1.900001 -0.100000
v -0.400000 1.900001 -0.200000
v -0.400000 2.000000 -0.200000
v -0.500000 2.000001 -0.200000
v -0.500000 1.900001 -0.200000
v -0.300000 1.900001 -0.100000
v -0.300000 1.900001 -0.200000
v -0.300000 2.000000 -0.200000
v -0.300000 2.000000 -0.100000
v 0.300000 2.000000 -0.100000
v 0.300000 2.000000 -0.200000
v 0.400000 2.000000 -0.200000
v 0.300000 1.900001 -0.100000
v 0.300000 1.900001 -0.200000
v 0.400000 1.900001 -0.200000
v 0.500000 1.900001 -0.200000
v 0.500000 2.000001 -0.200000
v -0.300000 1.900001 -0.300000
v -0.300000 2.000000 -0.300000
v -0.400000 2.000001 -0.300000
v -0.400000 1.900001 -0.300000
v -0.200000 1.900001 -0.200000
v -0.200000 1.900001 -0.300000
v -0.200000 2.000000 -0.300000
v -0.200000 2.000000 -0.200000
v 0.200000 2.000000 -0.200000
v 0.200000 2.000000 -0.300000
v 0.300000 2.000000 -0.300000
v 0.200000 1.900001 -0.200000
v 0.200000 1.900001 -0.300000
v 0.300000 1.900001 -0.300000
v 0.400000 1.900001 -0.300000
v 0.400000 2.000001 -0.300000
v -0.200000 1.900001 -0.400000
v -0.200000 2.000000 -0.400000
v -0.300000 2.000001 -0.400000
v -0.300000 1.900001 -0.400000
v -0.100000 1.900001 -0.300000
v -0.100000 1.900001 -0.400000
v -0.100000 2.000000 -0.400000
v -0.100000 2.000000 -0.300000
v 0.100000 2.000000 -0.300000
v 0.100000 2.000000 -0.400000
v 0.200000 2.000000 -0.400000
v 0.100000 1.900001 -0.300000
v 0.100000 1.900001 -0.400000
v 0.200000 1.900001 -0.400000
v 0.300000 1.900001 -0.400000
v 0.300000 2.000001 -0.400000
v -0.200000 2.000001 -0.500000
v -0.200000 1.900001 -0.500000
v 0.200000 1.900001 -0.500000
v 0.200000 2.000001 -0.500000
v -0.200000 2.100001 0.500000
v -0.200000 2.100001 0.600000
v -0.200000 2.000000 0.600000
v 0.200000 2.000000 0.600000
v 0.200000 2.100001 0.500000
v 0.200000 2.100001 0.600000
v -0.200000 2.100001 0.400000
v -0.300000 2.100001 0.400000
v -0.300000 2.100001 0.500000
v -0.300000 2.000000 0.500000
v 0.300000 2.000000 0.500000
v 0.300000 2.100001 0.400000
v 0.300000 2.100001 0.500000
v 0.200000 2.100001 0.400000
v -0.300000 2.100001 0.300000
v -0.400000 2.100001 0.300000
v -0.400000 2.100001 0.400000
v -0.400000 2.000000 0.400000
v 0.400000 2.000000 0.400000
v 0.400000 2.100001 0.300000
v 0.400000 2.100001 0.400000
v 0.300000 2.100001 0.300000
v -0.400000 2.100001 0.200000
v -0.500000 2.100001 0.200000
v -0.500000 2.100001 0.300000
v -0.500000 2.000000 0.300000
v 0.500000 2.000000 0.300000
v 0.500000 2.100001 0.200000
v 0.500000 2.100001 0.300000
v 0.400000 2.100001 0.200000
v -0.600000 2.100001 0.200000
v -0.600000 2.000000 0.200000
v 0.600000 2.000000 0.200000
v 0.600000 2.100001 0.200000
v -0.500000 2.100001 -0.200000
v -0.600000 2.100001 -0.200000
v -0.600000 2.000000 -0.200000
v 0.600000 2.000000 -0.200000
v 0.600000 2.100001 -0.200000
v 0.500000 2.100001 -0.200000
v -0.400000 2.100001 -0.300000
v -0.400000 2.100001 -0.200000
v -0.500000 2.100001 -0.300000
v -0.500000 2.000000 -0.300000
v 0.500000 2.000000 -0.300000
v 0.500000 2.100001 -0.300000
v 0.400000 2.100001 -0.300000
v 0.400000 2.100001 -0.200000
v -0.300000 2.100001 -0.400000
v -0.300000 2.100001 -0.300000
v -0.400000 2.100001 -0.400000
v -0.400000 2.000000 -0.400000
v 0.400000 2.000000 -0.400000
v 0.400000 2.100001 -0.400000
v 0.300000 2.100001 -0.400000
v 0.300000 2.100001 -0.300000
v -0.200000 2.100001 -0.500000
v -0.200000 2.100001 -0.400000
v -0.300000 2.100001 -0.500000
v -0.300000 2.000000 -0.500000
v 0.300000 2.000000 -0.500000
v 0.300000 2.100001 -0.500000
v 0.200000 2.100001 -0.500000
v 0.200000 2.100001 -0.400000
v -0.200000 2.100001 -0.600000
v -0.200000 2.000000 -0.600000
v 0.200000 2.000000 -0.600000
v 0.200000 2.100001 -0.600000
v -0.100000 0.200000 0.600000
v -0.100000 0.300000 0.500000
v -0.100000 0.300000 0.600000
v 0.100000 0.200000 0.600000
v 0.100000 0.300000 0.500000
v 0.100000 0.300000 0.600000
v -0.300000 0.300000 0.400000
v -0.300000 0.300000 0.500000
v 0.300000 0.300000 0.400000
v 0.300000 0.300000 0.500000
v -0.400000 0.300000 0.300000
v -0.400000 0.300000 0.400000
v 0.400000 0.300000 0.300000
v 0.400000 0.300000 0.400000
v -0.500000 0.300000 0.300000
v 0.500000 0.300000 0.300000
v -0.500000 0.300000 0.100000
v 0.500000 0.300000 0.100000
v -0.600000 0.200000 0.100000
v -0.600000 0.300000 0.100000
v 0.600000 0.200000 0.100000
v 0.600000 0.300000 0.100000
v -0.500000 0.300000 -0.100000
v -0.600000 0.300000 -0.100000
v -0.600000 0.200000 -0.100000
v 0.600000 0.200000 -0.100000
v 0.600000 0.300000 -0.100000
v 0.500000 0.300000 -0.100000
v -0.400000 0.300000 -0.300000
v -0.500000 0.300000 -0.300000
v 0.500000 0.300000 -0.300000
v 0.400000 0.300000 -0.300000
v -0.300000 0.300000 -0.400000
v -0.400000 0.300000 -0.400000
v 0.400000 0.300000 -0.400000
v 0.300000 0.300000 -0.400000
v -0.300000 0.300000 -0.500000
v -0.100000 0.300000 -0.500000
v 0.100000 0.300000 -0.500000
v 0.300000 0.300000 -0.500000
v -0.100000 0.300000 -0.600000
v -0.100000 0.200000 -0.600000
v 0.100000 0.200000 -0.600000
v 0.100000 0.300000 -0.600000
v -0.100000 0.400000 0.600000
v 0.100000 0.400000 0.600000
v -0.600000 0.400000 0.100000
v 0.600000 0.400000 0.100000
v -0.600000 0.400000 -0.100000
v 0.600000 0.400000 -0.100000
v -0.100000 0.400000 -0.600000
v 0.100000 0.400000 -0.600000
v -0.800000 0.600000 0.100000
v -0.700000 0.600000 0.100000
v 0.800000 0.600000 0.100000
v 0.700000 0.600000 0.100000
v -0.700000 0.600000 -0.100000
v -0.800000 0.600000 -0.100000
v 0.800000 0.600000 -0.100000
v 0.700000 0.600000 -0.100000
v -0.100000 1.000000 0.800000
v -0.100000 1.000000 0.700000
v 0.100000 1.000000 0.700000
v 0.100000 1.000000 0.800000
v -0.400000 1.000000 0.600000
v -0.400000 1.000000 0.500000
v -0.300000 1.000000 0.500000
v -0.300000 1.000000 0.600000
v 0.400000 1.000000 0.500000
v 0.400000 1.000000 0.600000
v 0.300000 1.000000 0.600000
v 0.300000 1.000000 0.500000
v -0.600000 1.000000 0.400000
v -0.600000 1.000000 0.300000
v -0.500000 1.000000 0.300000
v -0.500000 1.000000 0.400000
v 0.600000 1.000000 0.300000
v 0.600000 1.000000 0.400000
v 0.500000 1.000000 0.400000
v 0.500000 1.000000 0.300000
v -0.800000 1.000000 0.100000
v -0.700000 1.000000 0.100000
v 0.800000 1.000000 0.100000
v 0.700000 1.000000 0.100000
v -0.700000 1.000000 -0.100000
v -0.800000 1.000000 -0.100000
v 0.800000 1.000000 -0.100000
v 0.700000 1.000000 -0.100000
v -0.500000 1.000000 -0.400000
v -0.600000 1.000000 -0.400000
v -0.600000 1.000000 -0.300000
v -0.500000 1.000000 -0.300000
v 0.600000 1.000000 -0.400000
v 0.600000 1.000000 -0.300000
v 0.500000 1.000000 -0.400000
v 0.500000 1.000000 -0.300000
v -0.300000 1.000000 -0.600000
v -0.400000 1.000000 -0.600000
v -0.400000 1.000000 -0.500000
v -0.300000 1.000000 -0.500000
v 0.400000 1.000000 -0.600000
v 0.400000 1.000000 -0.500000
v 0.300000 1.000000 -0.600000
v 0.300000 1.000000 -0.500000
v -0.100000 1.000000 -0.800000
v -0.100000 1.000000 -0.700000
v 0.100000 1.000000 -0.800000
v 0.100000 1.000000 -0.700000
v -0.200000 1.100000 0.700000
v -0.200000 1.100000 0.600000
v -0.100000 1.100000 0.600000
v -0.200000 1.000000 0.700000
v -0.200000 1.000000 0.600000
v 0.100000 1.100000 0.600000
v 0.200000 1.000000 0.700000
v 0.200000 1.000000 0.600000
v 0.200000 1.100000 0.600000
v 0.200000 1.100000 0.700000
v -0.100000 1.100000 0.500000
v 0.100000 1.100000 0.500000
v -0.400000 1.100000 0.500000
v -0.400000 1.100000 0.400000
v -0.300000 1.100000 0.400000
v -0.300000 1.100000 0.500000
v -0.400000 1.000000 0.400000
v 0.400000 1.000000 0.400000
v 0.400000 1.100000 0.400000
v 0.400000 1.100000 0.500000
v 0.300000 1.100000 0.500000
v 0.300000 1.100000 0.400000
v -0.500000 1.100000 0.400000
v -0.500000 1.100000 0.300000
v -0.400000 1.100000 0.300000
v 0.500000 1.100000 0.300000
v 0.500000 1.100000 0.400000
v 0.400000 1.100000 0.300000
v -0.700000 1.100000 0.200000
v -0.600000 1.100000 0.100000
v -0.600000 1.100000 0.200000
v -0.700000 1.000000 0.200000
v -0.600000 1.000000 0.200000
v -0.500000 1.100000 0.100000
v 0.500000 1.100000 0.100000
v 0.600000 1.100000 0.100000
v 0.600000 1.100000 0.200000
v 0.700000 1.000000 0.200000
v 0.700000 1.100000 0.200000
v 0.600000 1.000000 0.200000
v -0.600000 1.100000 -0.100000
v 0.600000 1.100000 -0.100000
v -0.600000 1.000000 -0.200000
v -0.600000 1.100000 -0.200000
v -0.700000 1.100000 -0.200000
v -0.700000 1.000000 -0.200000
v -0.500000 1.100000 -0.100000
v 0.500000 1.100000 -0.100000
v 0.600000 1.100000 -0.200000
v 0.700000 1.000000 -0.200000
v 0.700000 1.100000 -0.200000
v 0.600000 1.000000 -0.200000
v -0.400000 1.000000 -0.400000
v -0.400000 1.100000 -0.400000
v -0.500000 1.100000 -0.400000
v -0.500000 1.100000 -0.300000
v -0.400000 1.100000 -0.300000
v 0.500000 1.100000 -0.400000
v 0.500000 1.100000 -0.300000
v 0.400000 1.100000 -0.400000
v 0.400000 1.000000 -0.400000
v 0.400000 1.100000 -0.300000
v -0.300000 1.100000 -0.500000
v -0.400000 1.100000 -0.500000
v -0.300000 1.100000 -0.400000
v 0.400000 1.100000 -0.500000
v 0.300000 1.100000 -0.500000
v 0.300000 1.100000 -0.400000
v -0.200000 1.100000 -0.600000
v -0.100000 1.100000 -0.600000
v -0.100000 1.100000 -0.500000
v 0.100000 1.100000 -0.500000
v 0.100000 1.100000 -0.600000
v 0.200000 1.100000 -0.600000
v -0.200000 1.100000 -0.700000
v -0.200000 1.000000 -0.700000
v -0.200000 1.000000 -0.600000
v 0.200000 1.000000 -0.600000
v 0.200000 1.000000 -0.700000
v 0.200000 1.100000 -0.700000
v -0.100000 1.300000 0.600000
v -0.100000 1.300000 0.500000
v 0.100000 1.300000 0.500000
v 0.100000 1.300000 0.600000
v -0.400000 1.300000 0.300000
v -0.300000 1.300000 0.400000
v 0.400000 1.300000 0.300000
v 0.300000 1.300000 0.400000
v -0.600000 1.300000 0.100000
v -0.500000 1.300000 0.100000
v 0.600000 1.300000 0.100000
v 0.500000 1.300000 0.100000
v -0.500000 1.300000 -0.100000
v -0.600000 1.300000 -0.100000
v 0.600000 1.300000 -0.100000
v 0.500000 1.300000 -0.100000
v -0.300000 1.300000 -0.400000
v -0.400000 1.300000 -0.300000
v 0.400000 1.300000 -0.300000
v 0.300000 1.300000 -0.400000
v -0.100000 1.300000 -0.600000
v -0.100000 1.300000 -0.500000
v 0.100000 1.300000 -0.600000
v 0.100000 1.300000 -0.500000
v -0.300000 1.400000 0.400000
v -0.200000 1.400000 0.400000
v -0.200000 1.300000 0.400000
v 0.200000 1.300000 0.400000
v 0.200000 1.400000 0.400000
v 0.300000 1.400000 0.400000
v -0.400000 1.300000 0.200000
v -0.400000 1.400000 0.200000
v -0.400000 1.400000 0.300000
v 0.400000 1.300000 0.200000
v 0.400000 1.400000 0.200000
v 0.400000 1.400000 0.300000
v -0.400000 1.300000 -0.200000
v -0.400000 1.400000 -0.300000
v -0.400000 1.400000 -0.200000
v 0.400000 1.300000 -0.200000
v 0.400000 1.400000 -0.300000
v 0.400000 1.400000 -0.200000
v -0.200000 1.300000 -0.400000
v -0.200000 1.400000 -0.400000
v -0.300000 1.400000 -0.400000
v 0.300000 1.400000 -0.400000
v 0.200000 1.400000 -0.400000
v 0.200000 1.300000 -0.400000
v -0.200000 1.500000 0.400000
v 0.200000 1.500000 0.400000
v -0.400000 1.500000 0.200000
v 0.400000 1.500000 0.200000
v -0.400000 1.500000 -0.200000
v 0.400000 1.500000 -0.200000
v -0.200000 1.500000 -0.400000
v 0.200000 1.500000 -0.400000
v -0.300000 0.300000 0.600000
v 0.300000 0.300000 0.600000
v -0.400000 0.300000 0.500000
v 0.400000 0.300000 0.500000
v -0.500000 0.300000 0.400000
v 0.500000 0.300000 0.400000
v -0.600000 0.300000 0.300000
v 0.600000 0.300000 0.300000
v -0.600000 0.300000 -0.300000
v 0.600000 0.300000 -0.300000
v -0.500000 0.300000 -0.400000
v 0.500000 0.300000 -0.400000
v -0.400000 0.300000 -0.500000
v 0.400000 0.300000 -0.500000
v -0.300000 0.300000 -0.600000
v 0.300000 0.300000 -0.600000
v -0.100000 0.400000 0.700000
v -0.100000 0.500000 0.600000
v -0.100000 0.500000 0.700000
v 0.100000 0.400000 0.700000
v 0.100000 0.500000 0.600000
v 0.100000 0.500000 0.700000
v -0.200000 0.500000 0.600000
v 0.200000 0.500000 0.600000
v -0.600000 0.500000 0.200000
v 0.600000 0.500000 0.200000
v -0.600000 0.500000 0.100000
v 0.600000 0.500000 0.100000
v -0.700000 0.400000 0.100000
v -0.700000 0.500000 0.100000
v 0.700000 0.400000 0.100000
v 0.700000 0.500000 0.100000
v -0.600000 0.500000 -0.100000
v -0.700000 0.500000 -0.100000
v -0.700000 0.400000 -0.100000
v 0.700000 0.400000 -0.100000
v 0.700000 0.500000 -0.100000
v 0.600000 0.500000 -0.100000
v -0.600000 0.500000 -0.200000
v 0.600000 0.500000 -0.200000
v -0.200000 0.500000 -0.600000
v -0.100000 0.500000 -0.600000
v 0.200000 0.500000 -0.600000
v 0.100000 0.500000 -0.600000
v -0.100000 0.500000 -0.700000
v -0.100000 0.400000 -0.700000
v 0.100000 0.400000 -0.700000
v 0.100000 0.500000 -0.700000
v -0.200000 0.500000 0.700000
v -0.200000 0.600000 0.600000
v -0.200000 0.600000 0.700000
v -0.100000 0.600000 0.700000
v 0.100000 0.600000 0.700000
v 0.200000 0.500000 0.700000
v 0.200000 0.600000 0.600000
v 0.200000 0.600000 0.700000
v -0.300000 0.600000 0.500000
v -0.300000 0.600000 0.600000
v 0.300000 0.600000 0.500000
v 0.300000 0.600000 0.600000
v -0.400000 0.600000 0.400000
v -0.400000 0.600000 0.500000
v 0.400000 0.600000 0.400000
v 0.400000 0.600000 0.500000
v -0.500000 0.600000 0.300000
v -0.500000 0.600000 0.400000
v 0.500000 0.600000 0.300000
v 0.500000 0.600000 0.400000
v -0.600000 0.600000 0.200000
v -0.600000 0.600000 0.300000
v 0.600000 0.600000 0.200000
v 0.600000 0.600000 0.300000
v -0.700000 0.500000 0.200000
v -0.700000 0.600000 0.200000
v 0.700000 0.500000 0.200000
v 0.700000 0.600000 0.200000
v -0.600000 0.600000 -0.200000
v -0.700000 0.600000 -0.200000
v -0.700000 0.500000 -0.200000
v 0.700000 0.500000 -0.200000
v 0.700000 0.600000 -0.200000
v 0.600000 0.600000 -0.200000
v -0.500000 0.600000 -0.300000
v -0.600000 0.600000 -0.300000
v 0.600000 0.600000 -0.300000
v 0.500000 0.600000 -0.300000
v -0.400000 0.600000 -0.400000
v -0.500000 0.600000 -0.400000
v 0.500000 0.600000 -0.400000
v 0.400000 0.600000 -0.400000
v -0.300000 0.600000 -0.500000
v -0.400000 0.600000 -0.500000
v 0.400000 0.600000 -0.500000
v 0.300000 0.600000 -0.500000
v -0.200000 0.600000 -0.600000
v -0.300000 0.600000 -0.600000
v 0.300000 0.600000 -0.600000
v 0.200000 0.600000 -0.600000
v -0.100000 0.600000 -0.700000
v -0.200000 0.600000 -0.700000
v -0.200000 0.500000 -0.700000
v 0.100000 0.600000 -0.700000
v 0.200000 0.500000 -0.700000
v 0.200000 0.600000 -0.700000
v -0.100000 0.600000 0.800000
v 0.100000 0.600000 0.800000
v -0.300000 0.600000 0.700000
v 0.300000 0.600000 0.700000
v -0.400000 0.600000 0.600000
v 0.400000 0.600000 0.600000
v -0.500000 0.600000 0.500000
v 0.500000 0.600000 0.500000
v -0.600000 0.600000 0.400000
v 0.600000 0.600000 0.400000
v -0.700000 0.600000 0.300000
v 0.700000 0.600000 0.300000
v -0.700000 0.600000 -0.300000
v 0.700000 0.600000 -0.300000
v -0.600000 0.600000 -0.400000
v 0.600000 0.600000 -0.400000
v -0.500000 0.600000 -0.500000
v 0.500000 0.600000 -0.500000
v -0.400000 0.600000 -0.600000
v 0.400000 0.600000 -0.600000
v -0.300000 0.600000 -0.700000
v 0.300000 0.600000 -0.700000
v -0.100000 0.600000 -0.800000
v 0.100000 0.600000 -0.800000
v -0.500000 1.000000 0.500000
v 0.500000 1.000000 0.500000
v -0.500000 1.000000 -0.500000
v 0.500000 1.000000 -0.500000
v -0.400000 1.400000 0.400000
v -0.300000 1.400000 0.300000
v 0.400000 1.400000 0.400000
v 0.300000 1.400000 0.300000
v -0.400000 1.400000 -0.400000
v -0.300000 1.400000 -0.300000
v 0.400000 1.400000 -0.400000
v 0.300000 1.400000 -0.300000
v -0.300000 1.500000 0.400000
v -0.300000 1.500000 0.300000
v -0.200000 1.500000 0.300000
v 0.300000 1.500000 0.300000
v 0.300000 1.500000 0.400000
v 0.200000 1.500000 0.300000
v -0.400000 1.500000 0.300000
v -0.300000 1.500000 0.200000
v 0.400000 1.500000 0.300000
v 0.300000 1.500000 0.200000
v -0.300000 1.500000 -0.300000
v -0.400000 1.500000 -0.300000
v -0.300000 1.500000 -0.200000
v 0.400000 1.500000 -0.300000
v 0.300000 1.500000 -0.300000
v 0.300000 1.500000 -0.200000
v -0.300000 1.500000 -0.400000
v -0.200000 1.500000 -0.300000
v 0.300000 1.500000 -0.400000
v 0.200000 1.500000 -0.300000
v -0.200000 1.600001 0.400000
v -0.200000 1.600001 0.300000
v -0.100000 1.600001 0.300000
v 0.100000 1.600001 0.300000
v 0.200000 1.600001 0.300000
v 0.200000 1.600001 0.400000
v -0.300000 1.600001 0.300000
v -0.300000 1.600001 0.200000
v -0.200000 1.600001 0.200000
v -0.100000 1.600001 0.200000
v 0.100000 1.600001 0.200000
v 0.200000 1.600001 0.200000
v 0.300000 1.600001 0.200000
v 0.300000 1.600001 0.300000
v -0.400000 1.600001 0.200000
v -0.300000 1.600001 0.100000
v -0.200000 1.600001 0.100000
v 0.200000 1.600001 0.100000
v 0.300000 1.600001 0.100000
v 0.400000 1.600001 0.200000
v -0.300000 1.600001 -0.100000
v 0.300000 1.600001 -0.100000
v -0.300000 1.600001 -0.200000
v -0.400000 1.600001 -0.200000
v -0.200000 1.600001 -0.200000
v -0.200000 1.600001 -0.100000
v 0.200000 1.600001 -0.100000
v 0.200000 1.600001 -0.200000
v 0.300000 1.600001 -0.200000
v 0.400000 1.600001 -0.200000
v -0.200000 1.600001 -0.300000
v -0.300000 1.600001 -0.300000
v -0.100000 1.600001 -0.300000
v -0.100000 1.600001 -0.200000
v 0.100000 1.600001 -0.200000
v 0.100000 1.600001 -0.300000
v 0.200000 1.600001 -0.300000
v 0.300000 1.600001 -0.300000
v -0.200000 1.600001 -0.400000
v 0.200000 1.600001 -0.400000
v 0.100000 1.700001 0.200000
v -0.200000 1.700001 0.100000
v -0.100000 1.700001 -0.200000
v 0.100000 1.700001 -0.200000
v -0.100000 1.800001 0.300000
v -0.100000 1.800001 0.200000
v 0.000000 1.800001 0.200000
v 0.100000 1.800001 0.200000
v 0.100000 1.800001 0.300000
v 0.000000 1.700001 0.200000
v -0.100000 1.700001 0.100000
v -0.100000 1.800001 0.100000
v -0.200000 1.800001 0.100000
v -0.200000 1.800001 0.200000
v 0.200000 1.800001 0.100000
v 0.200000 1.800001 0.200000
v 0.100000 1.800001 0.100000
v 0.100000 1.700001 0.100000
v -0.200000 1.700001 0.000000
v -0.200000 1.800001 0.000000
v -0.300000 1.800001 0.100000
v 0.300000 1.800001 0.000000
v 0.300000 1.800001 0.100000
v -0.200000 1.800001 -0.100000
v -0.300000 1.800001 -0.100000
v 0.300000 1.800001 -0.100000
v 0.200000 1.800001 -0.100000
v -0.100000 1.700001 -0.100000
v -0.100000 1.800001 -0.200000
v -0.100000 1.800001 -0.100000
v -0.200000 1.800001 -0.200000
v 0.200000 1.800001 -0.200000
v 0.100000 1.800001 -0.200000
v 0.100000 1.700001 -0.100000
v -0.100000 1.800001 -0.300000
v 0.100000 1.800001 -0.300000
v -0.100000 1.800001 0.400000
v 0.100000 1.800001 0.400000
v -0.100000 1.900001 0.200000
v -0.200000 1.800001 0.300000
v 0.200000 1.800001 0.300000
v 0.100000 1.900001 0.200000
v -0.200000 1.900001 0.100000
v -0.300000 1.800001 0.200000
v 0.300000 1.800001 0.200000
v 0.200000 1.900001 0.100000
v -0.400000 1.800001 0.100000
v 0.400000 1.800001 0.100000
v 0.300000 1.900001 0.000000
v -0.400000 1.800001 -0.100000
v 0.400000 1.800001 -0.100000
v -0.200000 1.900001 -0.100000
v -0.300000 1.800001 -0.200000
v 0.300000 1.800001 -0.200000
v 0.200000 1.900001 -0.100000
v -0.100000 1.900001 -0.200000
v -0.200000 1.800001 -0.300000
v 0.200000 1.800001 -0.300000
v -0.100000 1.800001 -0.400000
v 0.100000 1.800001 -0.400000
v -0.300000 1.000000 0.700000
v 0.300000 1.000000 0.700000
v -0.700000 1.000000 0.300000
v 0.700000 1.000000 0.300000
v -0.700000 1.000000 -0.300000
v 0.700000 1.000000 -0.300000
v -0.300000 1.000000 -0.700000
v 0.300000 1.000000 -0.700000
v -0.300000 1.100000 0.600000
v 0.300000 1.100000 0.600000
v -0.600000 1.100000 0.300000
v 0.600000 1.100000 0.300000
v -0.600000 1.100000 -0.300000
v 0.600000 1.100000 -0.300000
v -0.300000 1.100000 -0.600000
v 0.300000 1.100000 -0.600000
v -0.300000 1.300000 0.500000
v -0.200000 1.300000 0.500000
v 0.200000 1.300000 0.500000
v 0.300000 1.300000 0.500000
v -0.500000 1.300000 0.300000
v -0.500000 1.300000 0.200000
v 0.500000 1.300000 0.200000
v 0.500000 1.300000 0.300000
v -0.500000 1.300000 -0.200000
v 0.500000 1.300000 -0.200000
v -0.500000 1.300000 -0.300000
v 0.500000 1.300000 -0.300000
v -0.200000 1.300000 -0.500000
v -0.300000 1.300000 -0.500000
v 0.200000 1.300000 -0.500000
v 0.300000 1.300000 -0.500000
v -0.200000 1.400000 0.500000
v 0.200000 1.400000 0.500000
v -0.500000 1.400000 0.200000
v 0.500000 1.400000 0.200000
v -0.500000 1.400000 -0.200000
v 0.500000 1.400000 -0.200000
v -0.200000 1.400000 -0.500000
v 0.200000 1.400000 -0.500000
v 0.000000 1.700001 0.100000
v -0.100000 1.700001 0.000000
v -0.200000 3.000001 0.100000
v -0.200000 2.900001 0.200000
v 0.100000 3.000001 0.100000
v 0.100000 2.900001 0.200000
v -0.200000 2.900001 0.100000
v -0.200000 3.000001 0.000000
v -0.100000 2.900001 0.100000
v 0.100000 2.900001 0.100000
v 0.100000 2.900001 0.000000
v 0.100000 3.000001 0.000000
v 0.000000 2.900001 0.100000
v 0.000000 2.900001 0.000000
v -0.200000 3.100001 0.000000
v -0.300000 3.000001 0.100000
v 0.200000 3.100001 0.000000
v 0.100000 3.100001 0.000000
v 0.200000 3.000001 0.100000
v -0.100000 3.100001 -0.100000
v -0.200000 3.100001 -0.100000
v 0.100000 3.100001 -0.100000
v 0.000000 3.100001 -0.100000
v 0.200000 3.200001 0.000000
v -0.200000 3.200001 -0.100000
v 0.100000 3.200001 -0.100000
v 0.200000 3.100001 -0.100000
v 0.200000 3.200001 -0.100000
v -0.200000 3.300001 -0.100000
v -0.300000 3.300001 -0.100000
v 0.100000 3.300001 -0.100000
v 0.200000 3.300001 -0.100000
v -0.200000 3.300001 -0.200000
v -0.200000 3.200001 -0.200000
v 0.100000 3.200001 -0.200000
v 0.100000 3.300001 -0.200000
v -0.200000 3.400001 -0.200000
v -0.200000 3.400001 -0.100000
v 0.100000 3.400001 -0.200000
v 0.100000 3.400001 -0.100000
v 0.000000 1.800001 0.100000
v -0.100000 1.800001 0.000000
v -0.100000 1.900001 0.000000
v 0.100000 1.900001 -0.100000
v 0.100000 1.900001 0.000000
v 0.200000 1.900001 0.000000
v -0.100000 1.900001 0.100000
v 0.100000 1.900001 0.100000
v 0.100000 2.000000 0.000000
v 0.000000 2.000000 -0.100000
v 0.100000 2.000000 -0.100000
v 0.200000 2.000000 -0.100000
v 0.200000 2.000000 0.000000
v -0.100000 2.100001 0.100000
v -0.100000 2.100001 0.000000
v 0.000000 2.100001 0.000000
v 0.000000 2.100001 0.100000
v 0.100000 2.100001 0.000000
v -0.100000 2.100001 -0.100000
v 0.100000 2.100001 -0.100000
v 0.100000 2.000000 -0.200000
v 0.000000 2.000000 -0.200000
v 0.100000 2.200001 0.000000
v 0.100000 2.200001 0.100000
v 0.000000 2.200001 0.100000
v 0.000000 2.200001 0.000000
v -0.100000 2.200001 -0.100000
v -0.200000 2.100001 -0.100000
v -0.200000 2.100001 0.000000
v -0.100000 2.200001 0.000000
v 0.000000 2.200001 -0.100000
v 0.200000 2.100001 0.000000
v 0.200000 2.100001 -0.100000
v 0.200000 2.200001 -0.100000
v 0.200000 2.200001 0.000000
v 0.100000 2.200001 -0.100000
v 0.100000 2.200001 -0.200000
v 0.000000 2.200001 -0.200000
v -0.100000 2.200001 0.100000
v -0.200000 2.300001 -0.100000
v -0.200000 2.300001 0.000000
v -0.100000 2.200001 -0.200000
v -0.400000 2.400001 0.100000
v -0.400000 2.400001 0.000000
v -0.300000 2.400001 0.000000
v -0.400000 2.300001 0.100000
v -0.200000 2.300001 0.100000
v -0.200000 2.400001 0.000000
v -0.200000 2.400001 0.100000
v -0.100000 2.400001 0.000000
v -0.300000 2.400001 -0.100000
v -0.400000 2.400001 -0.100000
v -0.400000 2.300001 -0.100000
v -0.200000 2.400001 -0.100000
v -0.100000 2.400001 -0.100000
v 0.100000 2.400001 -0.100000
v 0.000000 2.400001 -0.100000
v 0.000000 2.400001 -0.200000
v -0.100000 2.400001 -0.200000
v -0.400000 2.500001 0.000000
v -0.400000 2.500001 0.100000
v -0.500000 2.500001 0.000000
v -0.500000 2.400001 0.000000
v -0.500000 2.500001 0.100000
v -0.500000 2.400001 0.100000
v 0.000000 2.500001 0.000000
v 0.000000 2.500001 0.100000
v -0.100000 2.500001 0.000000
v -0.300000 2.500001 -0.100000
v -0.300000 2.500001 0.000000
v -0.400000 2.500001 -0.100000
v -0.100000 2.500001 -0.100000
v 0.100000 2.500001 -0.100000
v 0.100000 2.500001 0.000000
v -0.300000 2.500001 -0.200000
v -0.400000 2.500001 -0.200000
v -0.400000 2.400001 -0.200000
v -0.200000 2.400001 -0.200000
v -0.200000 2.500001 -0.200000
v -0.200000 2.500001 -0.100000
v 0.100000 2.400001 -0.200000
v 0.100000 2.500001 0.100000
v 0.100000 2.600001 0.000000
v 0.200000 2.600001 0.100000
v 0.200000 2.600001 0.000000
v 0.300000 2.600001 0.000000
v 0.300000 2.600001 0.100000
v 0.200000 2.500001 0.100000
v 0.200000 2.500001 0.000000
v 0.300000 2.500001 0.000000
v 0.400000 2.500001 0.100000
v 0.400000 2.500001 0.000000
v 0.400000 2.600001 0.000000
v 0.400000 2.600001 0.100000
v -0.400000 2.600001 -0.100000
v -0.400000 2.600001 0.000000
v -0.500000 2.600001 0.000000
v -0.200000 2.500001 0.000000
v 0.000000 2.600001 -0.100000
v 0.200000 2.600001 -0.100000
v 0.100000 2.600001 -0.100000
v 0.300000 2.500001 -0.100000
v 0.300000 2.600001 -0.100000
v -0.500000 2.600001 -0.200000
v -0.500000 2.500001 -0.200000
v -0.300000 2.600001 -0.200000
v -0.300000 2.600001 -0.100000
v 0.100000 2.600001 -0.200000
v 0.000000 2.600001 -0.200000
v -0.100000 2.700001 0.000000
v -0.100000 2.700001 0.100000
v 0.000000 2.700001 0.100000
v 0.100000 2.700001 0.100000
v 0.300000 2.700001 0.100000
v 0.300000 2.700001 0.000000
v 0.400000 2.700001 0.000000
v 0.500000 2.600001 0.100000
v 0.500000 2.600001 0.000000
v 0.500000 2.700001 0.000000
v 0.500000 2.700001 0.100000
v -0.200000 2.700001 0.000000
v 0.000000 2.700001 -0.100000
v 0.100000 2.700001 -0.100000
v 0.400000 2.600001 -0.100000
v 0.400000 2.700001 -0.100000
v 0.300000 2.700001 -0.100000
v 0.300000 2.600001 -0.200000
v 0.300000 2.700001 -0.200000
v 0.200000 2.700001 -0.200000
v 0.200000 2.600001 -0.200000
v 0.200000 2.700001 -0.100000
v -0.200000 2.800001 0.100000
v -0.100000 2.800001 0.100000
v -0.200000 2.700001 0.100000
v 0.000000 2.800001 0.000000
v 0.000000 2.800001 0.100000
v -0.100000 2.800001 -0.100000
v -0.200000 2.800001 -0.100000
v 0.000000 2.800001 -0.100000
v 0.300000 2.800001 0.000000
v 0.500000 2.800001 0.000000
v 0.300000 2.800001 -0.200000
v 0.500000 2.700001 -0.200000
v 0.500000 2.800001 -0.200000
v 0.000000 2.900001 -0.100000
v -0.100000 2.900001 -0.100000
v 0.100000 2.800001 0.000000
v 0.100000 2.800001 -0.100000
v -0.200000 2.900001 -0.100000
v 0.000000 2.900001 -0.200000
v -0.100000 2.900001 -0.200000
v 0.000000 3.100001 -0.200000
v -0.100000 3.100001 -0.200000
v -0.200000 2.800001 0.200000
v 0.100000 2.800001 0.200000
v 0.100000 2.800001 0.100000
v -0.300000 2.900001 0.100000
v -0.300000 3.000001 0.200000
v -0.300000 2.900001 0.200000
v 0.200000 2.900001 0.200000
v 0.200000 2.900001 0.100000
v 0.200000 3.000001 0.200000
v -0.400000 3.100001 0.000000
v -0.400000 3.000001 0.000000
v -0.400000 3.000001 0.100000
v 0.300000 3.000001 0.100000
v 0.300000 3.000001 0.000000
v -0.400000 3.200001 0.100000
v -0.400000 3.200001 0.000000
v 0.300000 3.200001 0.000000
v 0.300000 3.200001 0.100000
v -0.400000 3.100001 -0.100000
v -0.400000 3.300001 -0.100000
v -0.400000 3.300001 0.000000
v 0.300000 3.200001 -0.100000
v 0.300000 3.300001 -0.100000
v 0.300000 3.300001 0.000000
v -0.300000 3.400001 -0.200000
v -0.300000 3.300001 -0.200000
v -0.300000 3.400001 -0.100000
v 0.200000 3.300001 -0.200000
v 0.200000 3.400001 -0.200000
v 0.200000 3.400001 -0.100000
v -0.200000 3.500001 -0.200000
v -0.200000 3.500001 -0.100000
v 0.100000 3.500001 -0.200000
v 0.100000 3.500001 -0.100000
vn -1.0000 -0.0000 -0.0000
vn -0.0000 -1.0000 -0.0000
vn -0.0000 -0.0000 1.0000
vn -0.0000 1.0000 -0.0000
vn -0.0000 -0.0000 -1.0000
vn 1.0000 -0.0000 -0.0000
vn 0.7071 -0.0000 0.7071
vn 0.7071 -0.0000 -0.7071
vn -0.0000 0.0779 -0.9970
vn 0.0444 -0.0000 -0.9990
vn -0.0000 0.1544 0.9880
vn -0.0000 -0.0779 -0.9970
vt 0.944444 0.796296
vt 0.962963 0.777778
vt 0.944444 0.777778
vt 0.888889 0.888889
vt 0.907407 0.907407
vt 0.907407 0.888889
vt 0.944444 0.370370
vt 0.962963 0.351852
vt 0.944444 0.351852
vt 0.481481 0.611111
vt 0.592593 0.611111
vt 0.611111 0.629630
vt 0.962963 0.055556
vt 0.944444 0.074074
vt 0.944444 0.055556
vt 0.833333 0.222222
vt 0.851852 0.296296
vt 0.851852 0.222222
vt 0.277778 0.740741
vt 0.296296 0.759259
vt 0.296296 0.740741
vt 0.351852 0.500000
vt 0.333333 0.574074
vt 0.333333 0.500000
vt 0.351852 0.944444
vt 0.333333 0.962963
vt 0.351852 0.962963
vt 0.351852 0.629630
vt 0.351852 0.574074
vt 0.703704 0.888889
vt 0.666667 0.870370
vt 0.666667 0.888889
vt 0.425926 0.740741
vt 0.481481 0.740741
vt 0.407407 0.759259
vt 0.648148 0.129630
vt 0.629630 0.148148
vt 0.629630 0.129630
vt 0.814815 0.925926
vt 0.833333 0.907407
vt 0.814815 0.907407
vt 0.796296 0.907407
vt 0.759259 0.888889
vt 0.759259 0.907407
vt 0.907407 0.462963
vt 0.925926 0.481481
vt 0.925926 0.462963
vt 0.740741 0.777778
vt 0.722222 0.796296
vt 0.722222 0.777778
vt 0.981481 0.037037
vt 0.962963 0.037037
vt 0.648148 0.944444
vt 0.629630 0.962963
vt 0.629630 0.944444
vt 0.629630 0.870370
vt 0.592593 0.888889
vt 0.592593 0.870370
vt 0.277778 0.888889
vt 0.240741 0.870370
vt 0.240741 0.888889
vt 0.944444 0.444444
vt 0.925926 0.444444
vt 0.611111 0.370370
vt 0.537037 0.370370
vt 0.611111 0.388889
vt 0.740741 0.444444
vt 0.759259 0.462963
vt 0.759259 0.444444
vt 0.388889 0.648148
vt 0.425926 0.648148
vt 0.388889 0.666667
vt 0.722222 0.407407
vt 0.740741 0.370370
vt 0.740741 0.407407
vt 0.851852 0.074074
vt 0.833333 0.000000
vt 0.851852 0.000000
vt 0.629630 0.055556
vt 0.648148 0.074074
vt 0.648148 0.055556
vt 0.666667 0.370370
vt 0.648148 0.388889
vt 0.648148 0.370370
vt 0.129630 0.925926
vt 0.111111 0.944444
vt 0.111111 0.925926
vt 0.703704 0.666667
vt 0.685185 0.666667
vt 0.666667 0.685185
vt 0.629630 0.907407
vt 0.629630 0.888889
vt 0.870370 0.925926
vt 0.888889 0.944444
vt 0.870370 0.944444
vt 0.907407 0.277778
vt 0.925926 0.240741
vt 0.907407 0.240741
vt 0.574074 0.944444
vt 0.592593 0.962963
vt 0.592593 0.944444
vt 0.148148 0.944444
vt 0.129630 0.962963
vt 0.129630 0.944444
vt 0.925926 0.574074
vt 0.907407 0.592593
vt 0.907407 0.574074
vt 0.962963 0.444444
vt 0.944444 0.462963
vt 0.962963 0.111111
vt 0.944444 0.129630
vt 0.944444 0.111111
vt 0.018519 0.685185
vt -0.000000 0.703704
vt -0.000000 0.685185
vt 0.907407 0.388889
vt 0.925926 0.351852
vt 0.907407 0.351852
vt 0.851852 0.444444
vt 0.833333 0.370370
vt 0.851852 0.370370
vt 0.796296 0.074074
vt 0.814815 0.000000
vt 0.796296 0.000000
vt 0.796296 0.666667
vt 0.814815 0.740741
vt 0.814815 0.666667
vt 0.759259 0.925926
vt 0.777778 0.944444
vt 0.777778 0.925926
vt 0.648148 0.111111
vt 0.629630 0.111111
vt 0.888889 0.907407
vt 0.888889 0.925926
vt 0.425926 0.388889
vt 0.444444 0.388889
vt 0.481481 0.407407
vt 0.018519 0.962963
vt 0.037037 0.944444
vt 0.018519 0.944444
vt 0.962963 0.703704
vt 0.944444 0.722222
vt 0.944444 0.703704
vt 0.740741 0.333333
vt 0.759259 0.351852
vt 0.740741 0.351852
vt 0.296296 0.833333
vt 0.314815 0.851852
vt 0.296296 0.851852
vt 0.962963 0.481481
vt 0.944444 0.500000
vt 0.944444 0.481481
vt 0.592593 0.907407
vt 0.555556 0.888889
vt 0.555556 0.907407
vt 0.962963 0.370370
vt 0.981481 0.351852
vt 0.425926 0.833333
vt 0.444444 0.814815
vt 0.425926 0.814815
vt 0.888889 0.462963
vt 0.907407 0.425926
vt 0.888889 0.425926
vt 0.907407 0.666667
vt 0.888889 0.629630
vt 0.907407 0.629630
vt 0.777778 0.203704
vt 0.759259 0.222222
vt 0.759259 0.203704
vt 0.648148 0.407407
vt 0.907407 0.314815
vt 0.925926 0.277778
vt 0.851852 0.907407
vt 0.833333 0.925926
vt 0.796296 0.944444
vt 0.777778 0.962963
vt 0.518519 0.944444
vt 0.500000 0.962963
vt 0.500000 0.944444
vt 0.444444 0.907407
vt 0.407407 0.888889
vt 0.407407 0.907407
vt 0.018519 0.925926
vt 0.907407 0.111111
vt 0.925926 0.074074
vt 0.907407 0.074074
vt 0.722222 0.888889
vt 0.740741 0.870370
vt 0.722222 0.870370
vt 0.796296 0.240741
vt 0.759259 0.240741
vt 0.851852 0.833333
vt 0.870370 0.851852
vt 0.870370 0.833333
vt 0.388889 0.925926
vt 0.370370 0.907407
vt 0.388889 0.907407
vt 0.888889 0.240741
vt 0.777778 0.129630
vt 0.759259 0.148148
vt 0.759259 0.129630
vt 0.074074 0.851852
vt 0.111111 0.870370
vt 0.111111 0.851852
vt 0.722222 0.240741
vt 0.703704 0.259259
vt 0.703704 0.240741
vt 0.740741 0.814815
vt 0.722222 0.833333
vt 0.740741 0.833333
vt 0.722222 0.759259
vt 0.648148 0.777778
vt 0.648148 0.759259
vt 0.111111 0.796296
vt 0.129630 0.814815
vt 0.111111 0.814815
vt 0.592593 0.592593
vt 0.611111 0.611111
vt 0.611111 0.574074
vt 0.444444 0.481481
vt 0.407407 0.462963
vt 0.407407 0.481481
vt 0.703704 0.185185
vt 0.722222 0.166667
vt 0.703704 0.166667
vt 0.666667 0.796296
vt 0.685185 0.814815
vt 0.685185 0.796296
vt 0.537037 0.925926
vt 0.555556 0.925926
vt 0.685185 0.648148
vt 0.703704 0.648148
vt 0.722222 0.666667
vt 0.666667 0.833333
vt 0.648148 0.851852
vt 0.648148 0.833333
vt 0.962963 0.296296
vt 0.981481 0.314815
vt 0.981481 0.296296
vt 0.685185 0.185185
vt 0.666667 0.203704
vt 0.666667 0.185185
vt 0.407407 0.851852
vt 0.425926 0.870370
vt 0.388889 0.870370
vt 0.185185 0.833333
vt 0.203704 0.814815
vt 0.185185 0.814815
vt 0.648148 0.925926
vt 0.666667 0.944444
vt 0.666667 0.925926
vt 0.962963 0.870370
vt 0.944444 0.888889
vt 0.944444 0.870370
vt 0.944444 0.407407
vt 0.962963 0.388889
vt 0.944444 0.388889
vt 0.981481 0.055556
vt 0.962963 0.074074
vt 0.148148 0.870370
vt 0.277778 0.962963
vt 0.296296 0.944444
vt 0.277778 0.944444
vt 0.925926 0.166667
vt 0.944444 0.185185
vt 0.944444 0.166667
vt 0.537037 0.870370
vt 0.555556 0.870370
vt 0.870370 0.907407
vt 0.888889 0.870370
vt 0.870370 0.870370
vt 0.629630 0.277778
vt 0.648148 0.240741
vt 0.648148 0.277778
vt 0.185185 0.944444
vt 0.166667 0.962963
vt 0.166667 0.944444
vt 0.962963 0.203704
vt 0.944444 0.222222
vt 0.944444 0.203704
vt 0.925926 0.148148
vt 0.925926 0.111111
vt 0.759259 0.314815
vt 0.740741 0.314815
vt 0.759259 0.333333
vt 0.833333 0.944444
vt 0.814815 0.962963
vt 0.814815 0.944444
vt 0.833333 0.592593
vt 0.814815 0.592593
vt 0.925926 0.814815
vt 0.944444 0.833333
vt 0.944444 0.814815
vt 0.129630 0.851852
vt 0.148148 0.777778
vt 0.129630 0.777778
vt 0.314815 0.888889
vt 0.277778 0.870370
vt 0.722222 0.907407
vt 0.685185 0.888889
vt 0.685185 0.907407
vt 0.925926 0.259259
vt 0.944444 0.277778
vt 0.944444 0.259259
vt 0.888889 0.814815
vt 0.907407 0.777778
vt 0.888889 0.777778
vt 0.740741 0.907407
vt 0.722222 0.925926
vt 0.851852 0.740741
vt 0.833333 0.685185
vt 0.851852 0.685185
vt 0.981481 0.000000
vt 0.962963 0.018519
vt 0.962963 0.000000
vt 0.740741 0.851852
vt 0.351852 0.037037
vt 0.333333 0.055556
vt 0.333333 0.037037
vt 0.703704 0.148148
vt 0.555556 0.851852
vt 0.500000 0.870370
vt 0.500000 0.851852
vt 0.759259 0.870370
vt 0.740741 0.888889
vt 0.944444 0.666667
vt 0.962963 0.648148
vt 0.944444 0.648148
vt 0.796296 0.925926
vt 0.462963 0.296296
vt 0.481481 0.296296
vt 0.444444 0.314815
vt 0.925926 0.296296
vt 0.037037 0.870370
vt 0.074074 0.888889
vt 0.074074 0.870370
vt 0.962963 0.740741
vt 0.962963 0.722222
vt 0.462963 0.851852
vt 0.481481 0.796296
vt 0.462963 0.796296
vt 0.129630 0.981481
vt 0.148148 0.962963
vt 0.018519 0.981481
vt 0.037037 0.962963
vt 0.537037 0.944444
vt 0.518519 0.962963
vt 0.777778 0.555556
vt 0.796296 0.574074
vt 0.796296 0.555556
vt 0.962963 0.148148
vt 0.944444 0.148148
vt 0.759259 0.833333
vt 0.796296 0.259259
vt 0.777778 0.277778
vt 0.314815 0.925926
vt 0.296296 0.925926
vt 0.740741 0.759259
vt 0.111111 0.981481
vt 0.111111 0.962963
vt 0.648148 0.814815
vt 0.648148 0.796296
vt 0.333333 0.814815
vt 0.351852 0.833333
vt 0.351852 0.814815
vt 0.296296 0.518519
vt 0.222222 0.537037
vt 0.222222 0.518519
vt 0.888889 0.388889
vt 0.888889 0.351852
vt 0.092593 0.925926
vt 0.074074 0.944444
vt 0.074074 0.925926
vt 0.314815 0.962963
vt 0.296296 0.981481
vt 0.296296 0.962963
vt 0.018519 0.722222
vt 0.037037 0.703704
vt 0.018519 0.740741
vt 0.685185 0.277778
vt 0.666667 0.296296
vt 0.666667 0.277778
vt 0.333333 0.018519
vt 0.351852 0.018519
vt 0.277778 0.000000
vt 0.925926 0.629630
vt 0.870370 0.759259
vt 0.888889 0.703704
vt 0.870370 0.703704
vt 0.685185 0.925926
vt 0.703704 0.907407
vt 0.925926 0.722222
vt 0.944444 0.740741
vt 0.518519 0.777778
vt 0.500000 0.796296
vt 0.518519 0.796296
vt 0.907407 0.555556
vt 0.925926 0.555556
vt 0.814815 0.148148
vt 0.796296 0.222222
vt 0.796296 0.148148
vt 0.740741 0.185185
vt 0.722222 0.148148
vt 0.740741 0.203704
vt 0.296296 0.777778
vt 0.296296 0.814815
vt 0.314815 0.814815
vt 0.814815 0.888889
vt 0.833333 0.870370
vt 0.814815 0.870370
vt 0.370370 0.962963
vt 0.388889 0.944444
vt 0.370370 0.944444
vt 0.444444 0.203704
vt 0.407407 0.203704
vt 0.462963 0.185185
vt 0.925926 0.092593
vt 0.907407 0.166667
vt 0.888889 0.111111
vt 0.574074 0.555556
vt 0.500000 0.574074
vt 0.500000 0.555556
vt 0.759259 0.962963
vt 0.759259 0.944444
vt 0.222222 0.962963
vt 0.240741 0.944444
vt 0.222222 0.944444
vt 0.203704 0.074074
vt 0.185185 0.055556
vt 0.185185 0.074074
vt 0.203704 0.962963
vt 0.185185 0.981481
vt 0.185185 0.962963
vt 0.574074 0.925926
vt 0.092593 0.907407
vt 0.111111 0.907407
vt 0.685185 0.111111
vt 0.925926 0.518519
vt 0.925926 0.500000
vt 0.851852 0.666667
vt 0.833333 0.666667
vt 0.870370 0.888889
vt 0.833333 0.888889
vt 0.611111 0.759259
vt 0.592593 0.777778
vt 0.592593 0.759259
vt 0.851852 0.148148
vt 0.833333 0.148148
vt 0.907407 0.055556
vt 0.888889 0.055556
vt 0.388889 0.592593
vt 0.444444 0.592593
vt 0.481481 0.629630
vt 0.962963 0.092593
vt 0.944444 0.092593
vt 0.925926 0.888889
vt 0.925926 0.870370
vt 0.259259 0.925926
vt 0.259259 0.888889
vt 0.703704 0.796296
vt 0.703704 0.814815
vt 0.000000 0.888889
vt 0.018519 0.888889
vt 0.888889 0.592593
vt 0.888889 0.555556
vt 0.685185 0.222222
vt 0.370370 0.814815
vt 0.518519 0.833333
vt 0.500000 0.833333
vt 0.351852 0.981481
vt 0.796296 0.351852
vt 0.796296 0.333333
vt 0.777778 0.314815
vt 0.981481 0.222222
vt 0.962963 0.240741
vt 0.962963 0.222222
vt 0.444444 0.722222
vt 0.518519 0.703704
vt 0.444444 0.703704
vt 0.333333 0.148148
vt 0.296296 0.166667
vt 0.296296 0.148148
vt 0.814815 0.481481
vt 0.796296 0.481481
vt 0.925926 0.425926
vt 0.925926 0.407407
vt 0.870370 0.537037
vt 0.888889 0.481481
vt 0.870370 0.481481
vt 0.925926 0.648148
vt 0.925926 0.666667
vt 0.777778 0.351852
vt 0.796296 0.388889
vt 0.814815 0.407407
vt 0.962963 0.555556
vt 0.944444 0.574074
vt 0.944444 0.555556
vt 0.592593 0.018519
vt 0.629630 0.074074
vt 0.592593 0.037037
vt 0.074074 0.907407
vt 0.944444 0.333333
vt 0.925926 0.333333
vt 0.481481 0.388889
vt 0.481481 0.425926
vt 0.500000 0.425926
vt 0.037037 0.907407
vt 0.851852 0.925926
vt 0.722222 0.129630
vt 0.703704 0.129630
vt 0.574074 0.574074
vt 0.944444 0.851852
vt 0.962963 0.833333
vt 0.203704 0.796296
vt 0.222222 0.814815
vt 0.222222 0.796296
vt 0.870370 0.462963
vt 0.870370 0.425926
vt 0.870370 0.018519
vt 0.851852 0.037037
vt 0.851852 0.018519
vt 0.259259 0.962963
vt 0.277778 0.981481
vt 0.259259 0.981481
vt 0.296296 0.037037
vt 0.277778 0.055556
vt 0.277778 0.037037
vt 0.425926 0.722222
vt 0.425926 0.703704
vt 0.759259 0.722222
vt 0.740741 0.740741
vt 0.740741 0.722222
vt 0.444444 0.796296
vt 0.462963 0.814815
vt 0.370370 0.925926
vt 0.370370 0.740741
vt 0.388889 0.722222
vt 0.388889 0.740741
vt 0.907407 0.740741
vt 0.907407 0.722222
vt 0.148148 0.222222
vt 0.074074 0.203704
vt 0.074074 0.222222
vt 0.703704 0.055556
vt 0.722222 0.074074
vt 0.722222 0.055556
vt 0.981481 0.203704
vt 0.685185 0.851852
vt 0.685185 0.833333
vt 0.185185 0.611111
vt 0.148148 0.537037
vt 0.166667 0.574074
vt 0.944444 0.240741
vt 0.907407 0.481481
vt 0.888889 0.518519
vt 0.962963 0.851852
vt 0.796296 0.888889
vt 0.796296 0.870370
vt 0.703704 0.037037
vt 0.685185 0.055556
vt 0.685185 0.037037
vt 0.185185 0.407407
vt 0.222222 0.333333
vt 0.222222 0.407407
vt 0.370370 0.796296
vt 0.407407 0.777778
vt 0.425926 0.759259
vt 0.870370 0.111111
vt 0.870370 0.037037
vt 0.314815 0.944444
vt 0.333333 0.944444
vt 0.925926 0.851852
vt 0.925926 0.833333
vt 0.648148 0.907407
vt 0.981481 0.111111
vt 0.962963 0.129630
vt 0.981481 0.129630
vt 0.851852 0.944444
vt 0.870370 0.962963
vt 0.925926 0.055556
vt 0.870370 0.592593
vt 0.888889 0.537037
vt 0.759259 0.500000
vt 0.740741 0.518519
vt 0.777778 0.518519
vt 0.648148 0.351852
vt 0.666667 0.351852
vt 0.462963 0.833333
vt 0.444444 0.833333
vt 0.425926 0.370370
vt 0.444444 0.351852
vt 0.444444 0.370370
vt 0.018519 0.851852
vt 0.000000 0.870370
vt 0.000000 0.851852
vt 0.777778 0.870370
vt 0.870370 0.185185
vt 0.851852 0.259259
vt 0.851852 0.185185
vt 0.888889 0.370370
vt 0.870370 0.370370
vt 0.944444 0.037037
vt 0.944444 0.018519
vt 0.962963 0.814815
vt 0.944444 0.518519
vt 0.925926 0.537037
vt 0.962963 0.907407
vt 0.944444 0.925926
vt 0.944444 0.907407
vt 0.537037 0.814815
vt 0.537037 0.796296
vt 0.962963 0.407407
vt 0.981481 0.388889
vt 0.925926 0.759259
vt 0.925926 0.777778
vt 0.907407 0.203704
vt 0.888889 0.166667
vt 0.222222 0.833333
vt 0.185185 0.851852
vt 0.203704 0.851852
vt 0.166667 0.740741
vt 0.148148 0.759259
vt 0.129630 0.759259
vt 0.500000 0.166667
vt 0.444444 0.166667
vt 0.425926 0.148148
vt 0.407407 0.925926
vt 0.074074 0.833333
vt 0.000000 0.833333
vt 0.962963 0.574074
vt 0.944444 0.592593
vt 0.777778 0.907407
vt 0.759259 0.185185
vt 0.777778 0.185185
vt 0.851852 0.518519
vt 0.833333 0.444444
vt 0.555556 0.944444
vt 0.537037 0.962963
vt 0.092593 0.944444
vt 0.074074 0.962963
vt 0.185185 0.888889
vt 0.148148 0.888889
vt 0.111111 0.777778
vt 0.092593 0.796296
vt 0.092593 0.777778
vt 0.055556 0.944444
vt 0.055556 0.925926
vt 0.685185 0.444444
vt 0.703704 0.462963
vt 0.703704 0.444444
vt 0.907407 0.944444
vt 0.888889 0.962963
vt 0.703704 0.592593
vt 0.629630 0.611111
vt 0.629630 0.592593
vt 0.481481 0.925926
vt 0.462963 0.944444
vt 0.462963 0.925926
vt 0.481481 0.944444
vt 0.500000 0.925926
vt 0.925926 0.129630
vt 0.037037 0.759259
vt 0.055556 0.777778
vt 0.055556 0.759259
vt 0.722222 0.333333
vt 0.722222 0.314815
vt 0.777778 0.481481
vt 0.759259 0.481481
vt 0.740741 0.462963
vt 0.944444 0.944444
vt 0.925926 0.962963
vt 0.925926 0.944444
vt 0.000000 0.962963
vt 0.000000 0.944444
vt 0.907407 0.870370
vt 0.870370 0.722222
vt 0.851852 0.722222
vt 0.481481 0.759259
vt 0.500000 0.759259
vt 0.111111 0.888889
vt 0.740741 0.925926
vt 0.814815 0.222222
vt 0.092593 0.518519
vt 0.092593 0.444444
vt 0.074074 0.444444
vt 0.962963 0.259259
vt 0.537037 0.222222
vt 0.518519 0.222222
vt 0.518519 0.296296
vt 0.425926 0.777778
vt 0.462963 0.777778
vt 0.462963 0.759259
vt 0.907407 0.148148
vt 0.777778 0.888889
vt 0.740741 0.944444
vt 0.296296 0.425926
vt 0.259259 0.388889
vt 0.296296 0.407407
vt 0.888889 0.037037
vt 0.888889 0.018519
vt 0.574074 0.203704
vt 0.537037 0.203704
vt 0.574074 0.222222
vt 0.351852 0.462963
vt 0.333333 0.425926
vt 0.351852 0.425926
vt 0.148148 0.925926
vt 0.166667 0.888889
vt 0.814815 0.370370
vt 0.611111 0.666667
vt 0.629630 0.666667
vt 0.629630 0.685185
vt 0.240741 0.851852
vt 0.648148 0.555556
vt 0.629630 0.555556
vt 0.629630 0.574074
vt 0.851852 0.796296
vt 0.870370 0.814815
vt 0.851852 0.814815
vt 0.851852 0.759259
vt 0.870370 0.777778
vt 0.314815 0.870370
vt 0.333333 0.870370
vt 0.351852 0.888889
vt 0.777778 0.037037
vt 0.777778 0.055556
vt 0.703704 0.777778
vt 0.203704 0.944444
vt 0.388889 0.462963
vt 0.407407 0.444444
vt 0.388889 0.444444
vt 0.685185 0.129630
vt 0.703704 0.111111
vt 0.629630 0.925926
vt 0.259259 0.111111
vt 0.240741 0.074074
vt 0.259259 0.074074
vt 0.648148 0.037037
vt 0.925926 0.611111
vt 0.944444 0.611111
vt 0.462963 0.648148
vt 0.500000 0.666667
vt 0.500000 0.648148
vt 0.129630 0.888889
vt 0.722222 0.814815
vt 0.907407 0.037037
vt 0.925926 0.037037
vt 0.833333 0.833333
vt 0.259259 0.370370
vt 0.314815 0.351852
vt 0.314815 0.370370
vt 0.703704 0.351852
vt 0.537037 0.759259
vt 0.518519 0.759259
vt 0.555556 0.777778
vt 0.740741 0.796296
vt 0.314815 0.981481
vt 0.407407 0.814815
vt 0.870370 0.000000
vt 0.944444 0.000000
vt 0.222222 0.870370
vt 0.240741 0.796296
vt 0.814815 0.333333
vt 0.796296 0.314815
vt 0.814815 0.314815
vt 0.981481 0.277778
vt 0.962963 0.277778
vt 0.777778 0.425926
vt 0.759259 0.425926
vt 0.277778 0.925926
vt 0.759259 0.740741
vt 0.518519 0.814815
vt 0.074074 0.185185
vt 0.092593 0.185185
vt 0.296296 0.722222
vt 0.277778 0.703704
vt 0.277778 0.722222
vt 0.925926 0.740741
vt 0.962963 0.185185
vt 0.981481 0.166667
vt 0.962963 0.166667
vt 0.685185 0.944444
vt 0.666667 0.962963
vt 0.481481 0.777778
vt 0.203704 0.148148
vt 0.185185 0.092593
vt 0.925926 0.018519
vt 0.444444 0.888889
vt 0.462963 0.888889
vt 0.296296 0.888889
vt 0.574074 0.907407
vt 0.851852 0.537037
vt 0.851852 0.481481
vt 0.444444 0.962963
vt 0.444444 0.944444
vt 0.370370 0.055556
vt 0.351852 0.074074
vt 0.351852 0.055556
vt 0.796296 0.962963
vt 0.703704 0.074074
vt 0.222222 0.888889
vt 0.833333 0.074074
vt 0.166667 0.851852
vt 0.166667 0.814815
vt 0.333333 0.851852
vt 0.351852 0.870370
vt 0.351852 0.851852
vt 0.611111 0.814815
vt 0.629630 0.833333
vt 0.629630 0.814815
vt 0.722222 0.703704
vt 0.740741 0.685185
vt 0.722222 0.722222
vt 0.888889 0.314815
vt 0.888889 0.277778
vt 0.351852 0.703704
vt 0.388889 0.703704
vt 0.333333 0.722222
vt 0.981481 0.425926
vt 0.981481 0.407407
vt 0.351852 0.925926
vt 0.907407 0.703704
vt 0.925926 0.703704
vt 0.518519 0.925926
vt 0.037037 0.851852
vt 0.074074 0.629630
vt 0.074074 0.648148
vt 0.092593 0.666667
vt 0.092593 0.962963
vt 0.814815 0.518519
vt 0.814815 0.444444
vt 0.037037 0.925926
vt 0.037037 0.888889
vt 0.703704 0.925926
vt 0.592593 0.833333
vt 0.592593 0.814815
vt 0.907407 0.833333
vt 0.907407 0.814815
vt 0.833333 0.814815
vt 0.703704 0.851852
vt 0.666667 0.851852
vt 0.759259 0.759259
vt 0.537037 0.185185
vt 0.518519 0.166667
vt 0.777778 0.111111
vt 0.777778 0.074074
vt 0.351852 0.388889
vt 0.333333 0.388889
vt 0.722222 0.370370
vt 0.722222 0.351852
vt 0.740741 0.111111
vt 0.722222 0.111111
vt 0.888889 0.759259
vt 0.629630 0.703704
vt 0.648148 0.722222
vt 0.629630 0.722222
vt 0.962963 0.796296
vt 0.925926 0.685185
vt 0.944444 0.685185
vt 0.388889 0.833333
vt 0.370370 0.833333
vt 0.666667 0.148148
vt 0.648148 0.166667
vt 0.537037 0.166667
vt 0.185185 0.925926
vt 0.981481 0.333333
vt 0.962963 0.333333
vt 0.722222 0.851852
vt 0.555556 0.703704
vt 0.555556 0.722222
vt 0.370370 0.092593
vt 0.351852 0.129630
vt 0.425926 0.888889
vt 0.925926 0.000000
vt 0.925926 0.388889
vt 0.962963 0.314815
vt 0.907407 0.000000
vt 0.888889 0.000000
vt 0.666667 0.222222
vt 0.685185 0.203704
vt 0.185185 0.166667
vt 0.185185 0.148148
vt 0.962963 0.759259
vt 0.944444 0.759259
vt 0.314815 0.833333
vt 0.481481 0.851852
vt 0.055556 0.203704
vt 0.055556 0.185185
vt 0.074074 0.666667
vt 0.037037 0.648148
vt 0.555556 0.962963
vt 0.629630 0.518519
vt 0.629630 0.500000
vt 0.648148 0.500000
vt 0.092593 0.685185
vt 0.129630 0.648148
vt 0.166667 0.648148
vt 0.240741 0.425926
vt 0.259259 0.425926
vt 0.222222 0.500000
vt 0.796296 0.851852
vt 0.759259 0.851852
vt 0.685185 0.259259
vt 0.944444 0.314815
vt 0.592593 0.925926
vt 0.611111 0.944444
vt 0.611111 0.925926
vt 0.648148 0.703704
vt 0.666667 0.722222
vt 0.962963 0.685185
vt 0.574074 0.777778
vt 0.574074 0.759259
vt 0.185185 0.518519
vt 0.203704 0.444444
vt 0.203704 0.518519
vt 0.333333 0.796296
vt 0.611111 0.592593
vt 0.259259 0.833333
vt 0.277778 0.851852
vt 0.277778 0.833333
vt 0.555556 0.685185
vt 0.796296 0.407407
vt 0.777778 0.407407
vt 0.870370 0.314815
vt 0.166667 0.777778
vt 0.148148 0.851852
vt 0.462963 0.351852
vt 0.611111 0.907407
vt 0.870370 0.259259
vt 0.888889 0.259259
vt 0.888889 0.851852
vt 0.907407 0.851852
vt 0.777778 0.370370
vt 0.259259 0.944444
vt 0.240741 0.962963
vt 0.833333 0.740741
vt 0.759259 0.629630
vt 0.777778 0.648148
vt 0.777778 0.629630
vt 0.574074 0.722222
vt 0.592593 0.722222
vt 0.759259 0.592593
vt 0.722222 0.518519
vt 0.722222 0.592593
vt 0.388889 0.962963
vt 0.370370 0.981481
vt 0.537037 0.777778
vt 0.907407 0.611111
vt 0.592593 0.111111
vt 0.611111 0.129630
vt 0.592593 0.092593
vt 0.500000 0.907407
vt 0.481481 0.907407
vt 0.833333 0.962963
vt 0.203704 0.925926
vt 0.000000 0.777778
vt 0.074074 0.796296
vt 0.074074 0.777778
vt 0.203704 0.759259
vt 0.203704 0.740741
vt 0.481481 0.962963
vt 0.925926 0.185185
vt 0.925926 0.203704
vt 0.962963 0.611111
vt 0.944444 0.629630
vt 0.574074 0.814815
vt 0.555556 0.833333
vt 0.555556 0.814815
vt 0.444444 0.129630
vt 0.481481 0.055556
vt 0.462963 0.074074
vt 0.166667 0.185185
vt 0.166667 0.166667
vt 0.370370 0.888889
vt 0.037037 0.666667
vt 0.018519 0.629630
vt 0.944444 0.537037
vt 0.962963 0.518519
vt 0.629630 0.796296
vt 0.055556 0.703704
vt 0.092593 0.703704
vt 0.888889 0.203704
vt 0.870370 0.148148
vt 0.888889 0.148148
vt 0.666667 0.907407
vt 0.444444 0.462963
vt 0.462963 0.444444
vt 0.444444 0.444444
vt 0.259259 0.055556
vt 0.833333 0.777778
vt 0.833333 0.759259
vt 0.518519 0.888889
vt 0.500000 0.888889
vt 0.203704 0.833333
vt 0.870370 0.333333
vt 0.851852 0.407407
vt 0.870370 0.407407
vt 0.240741 0.833333
vt 0.833333 0.851852
vt 0.814815 0.240741
vt 0.388889 0.407407
vt 0.388889 0.425926
vt 0.259259 0.129630
vt 0.240741 0.111111
vt 0.259259 0.148148
vt 0.925926 0.222222
vt 0.055556 0.962963
vt 0.037037 0.981481
vt 0.962963 0.500000
vt 0.000000 0.981481
vt 0.888889 0.666667
vt 0.462963 0.870370
vt 0.814815 0.074074
vt 0.333333 0.925926
vt 0.333333 0.888889
vt 0.666667 0.314815
vt 0.370370 0.388889
vt 0.388889 0.370370
vt 0.370370 0.370370
vt 0.425926 0.925926
vt 0.407407 0.944444
vt 0.611111 0.296296
vt 0.629630 0.314815
vt 0.629630 0.296296
vt 0.555556 0.740741
vt 0.537037 0.740741
vt 0.740741 0.500000
vt 0.722222 0.500000
vt 0.870370 0.203704
vt 0.407407 0.796296
vt 0.925926 0.907407
vt 0.425926 0.907407
vt 0.111111 0.833333
vt 0.055556 0.740741
vt 0.037037 0.740741
vt 0.148148 0.037037
vt 0.166667 0.018519
vt 0.148148 0.018519
vt 0.870370 0.648148
vt 0.888889 0.648148
vt 0.074074 0.018519
vt 0.055556 0.037037
vt 0.074074 0.037037
vt 0.462963 0.907407
vt 0.925926 0.796296
vt 0.537037 0.888889
vt 0.722222 0.611111
vt 0.833333 0.296296
vt 0.018519 0.666667
vt 0.925926 0.925926
vt 0.796296 0.111111
vt 0.388889 0.814815
vt 0.388889 0.796296
vt 0.333333 0.777778
vt 0.314815 0.759259
vt 0.462963 0.388889
vt 0.481481 0.370370
vt 0.462963 0.370370
vt 0.740741 0.962963
vt 0.796296 0.777778
vt 0.777778 0.759259
vt 0.777778 0.740741
vt 0.814815 0.629630
vt 0.796296 0.629630
vt 0.425926 0.962963
vt 0.425926 0.944444
vt 0.981481 0.092593
vt 0.981481 0.148148
vt 0.722222 0.962963
vt 0.722222 0.944444
vt 0.907407 0.518519
vt 0.907407 0.925926
vt 0.074074 0.814815
vt 0.037037 0.796296
vt 0.851852 0.592593
vt 0.851852 0.777778
vt 0.833333 0.796296
vt 0.648148 0.000000
vt 0.962963 0.537037
vt 0.185185 0.703704
vt 0.314815 0.685185
vt 0.759259 0.666667
vt 0.722222 0.685185
vt 0.537037 0.851852
vt 0.537037 0.833333
vt 0.814815 0.296296
vt 0.092593 0.851852
vt 0.740741 0.259259
vt 0.759259 0.259259
vt 0.759259 0.277778
vt 0.777778 0.592593
vt 0.518519 0.685185
vt 0.444444 0.685185
vt 0.148148 0.981481
vt 0.203704 0.722222
vt 0.407407 0.351852
vt 0.388889 0.351852
vt 0.277778 0.277778
vt 0.259259 0.314815
vt 0.277778 0.314815
vt 0.814815 0.814815
vt 0.796296 0.740741
vt 0.574074 0.518519
vt 0.592593 0.537037
vt 0.574074 0.500000
vt 0.759259 0.574074
vt 0.759259 0.555556
vt 0.962963 0.666667
vt 0.944444 0.425926
vt 0.740741 0.425926
vt 0.888889 0.092593
vt 0.870370 0.092593
vt 0.018519 0.870370
vt 0.851852 0.648148
vt 0.222222 0.981481
vt 0.703704 0.944444
vt 0.222222 0.351852
vt 0.259259 0.333333
vt 0.240741 0.925926
vt 0.222222 0.907407
vt 0.222222 0.925926
vt 0.925926 0.592593
vt 0.611111 0.722222
vt 0.333333 0.462963
vt 0.222222 0.703704
vt 0.203704 0.703704
vt 0.537037 0.722222
vt 0.537037 0.703704
vt 0.981481 0.259259
vt 0.981481 0.240741
vt 0.796296 0.722222
vt 0.777778 0.703704
vt 0.685185 0.722222
vt 0.666667 0.740741
vt 0.796296 0.296296
vt 0.777778 0.296296
vt 0.962963 0.925926
vt 0.703704 0.833333
vt -0.000000 0.148148
vt 0.018519 0.074074
vt -0.000000 0.074074
vt 0.981481 0.074074
vt 0.685185 0.962963
vt 0.666667 0.259259
vt 0.888889 0.740741
vt -0.000000 0.796296
vt 0.703704 0.388889
vt 0.703704 0.370370
vt 0.611111 0.777778
vt 0.629630 0.759259
vt 0.555556 0.796296
vt 0.314815 0.592593
vt 0.314815 0.611111
vt 0.296296 0.611111
vt 0.203704 0.888889
vt 0.759259 0.111111
vt 0.037037 0.166667
vt 0.055556 0.166667
vt 0.833333 0.518519
vt 0.666667 0.777778
vt 0.629630 0.777778
vt 0.611111 0.796296
vt 0.666667 0.814815
vt 0.574074 0.425926
vt 0.592593 0.462963
vt 0.574074 0.444444
vt 0.166667 0.333333
vt 0.018519 0.296296
vt 0.018519 0.333333
vt 0.296296 0.018519
vt 0.000000 0.925926
vt -0.000000 0.722222
vt 0.444444 0.925926
vt 0.259259 0.814815
vt 0.240741 0.814815
vt 0.425926 0.129630
vt 0.018519 0.148148
vt 0.018519 0.166667
vt 0.444444 0.777778
vt 0.759259 0.018519
vt 0.740741 0.037037
vt 0.759259 0.037037
vt 0.722222 0.037037
vt 0.462963 0.574074
vt 0.462963 0.592593
vt 0.185185 0.740741
vt 0.981481 0.370370
vt 0.981481 0.185185
vt 0.777778 0.574074
vt 0.166667 0.203704
vt 0.148148 0.185185
vt 0.148148 0.203704
vt 0.074074 0.981481
vt 0.166667 0.981481
vt 0.444444 0.851852
vt 0.166667 0.925926
vt 0.796296 0.518519
vt 0.796296 0.185185
vt 0.370370 0.537037
vt 0.388889 0.555556
vt 0.388889 0.537037
vt 0.166667 0.722222
vt 0.166667 0.703704
vt 0.111111 0.703704
vt 0.148148 0.444444
vt 0.129630 0.444444
vt 0.148148 0.425926
vt 0.962963 0.888889
vt 0.129630 0.833333
vt 0.203704 0.259259
vt 0.203704 0.240741
vt 0.222222 0.240741
vt 0.055556 0.981481
vt 0.518519 0.722222
vt 0.259259 0.796296
vt 0.277778 0.814815
vt 0.777778 0.148148
vt 0.629630 0.851852
vt 0.666667 0.703704
vt 0.851852 0.111111
vt 0.685185 0.740741
vt 0.703704 0.722222
vt 0.240741 0.648148
vt 0.277778 0.666667
vt 0.277778 0.648148
vt 0.240741 0.981481
vt 0.222222 0.074074
vt 0.092593 0.981481
vt 0.648148 0.185185
vt 0.666667 0.166667
vt 0.925926 0.370370
vt 0.981481 0.018519
vt 0.925926 0.314815
vt 0.462963 0.962963
vt 0.240741 0.759259
vt 0.203704 0.777778
vt 0.185185 0.796296
vt 0.388889 0.888889
vt 0.648148 0.962963
vt 0.074074 0.000000
vt 0.018519 0.444444
vt 0.018519 0.518519
vt 0.037037 0.518519
vt 0.407407 0.166667
vt 0.407407 0.185185
vt 0.037037 0.055556
vt 0.018519 0.055556
vt 0.907407 0.962963
vt 0.944444 0.962963
vt 0.962963 0.944444
vt 0.166667 0.037037
vt 0.185185 0.037037
vt 0.092593 0.814815
vt 0.851852 0.333333
vt 0.759259 0.814815
vt -0.000000 0.666667
vt 0.407407 0.333333
vt 0.629630 0.037037
vt 0.185185 0.759259
vt 0.796296 0.648148
vt 0.685185 0.148148
vt 0.500000 0.814815
vt 0.370370 0.444444
vt 0.370370 0.425926
vt 0.703704 0.962963
vt 0.574074 0.796296
vt 0.370370 0.592593
vt 0.388889 0.574074
vt 0.370370 0.574074
vt 0.648148 0.648148
vt 0.666667 0.629630
vt 0.648148 0.629630
vt 0.203704 0.981481
vt 0.277778 0.111111
vt 0.851852 0.703704
vt 0.944444 0.296296
vt 0.037037 0.037037
vt 0.740741 0.000000
vt 0.740741 0.018519
vt 0.703704 0.740741
vt 0.685185 0.759259
vt 0.518519 0.740741
vt 0.796296 0.814815
vt 0.759259 0.777778
vt 0.740741 0.055556
vt 0.962963 0.592593
vt 0.555556 0.759259
vt 0.574074 0.851852
vt 0.296296 0.129630
vt 0.277778 0.148148
vt 0.277778 0.129630
vt 0.481481 0.833333
vt 0.037037 0.592593
vt 0.111111 0.592593
vt 0.037037 0.611111
vt 0.962963 0.425926
vt 0.277778 0.759259
vt 0.333333 0.629630
vt 0.703704 0.870370
vt 0.481481 0.722222
vt 0.500000 0.740741
vt 0.407407 0.740741
vt 0.648148 0.148148
vt 0.629630 0.370370
vt 0.648148 0.314815
vt 0.629630 0.351852
vt 0.611111 0.351852
vt 0.537037 0.351852
vt 0.518519 0.351852
vt 0.518519 0.314815
vt 0.500000 0.314815
vt 0.500000 0.370370
vt 0.518519 0.370370
vt 0.518519 0.388889
vt 0.537037 0.388889
vt 0.537037 0.407407
vt 0.611111 0.407407
vt 0.629630 0.388889
vt 0.351852 0.685185
vt 0.314815 0.648148
vt 0.351852 0.648148
vt 0.388889 0.629630
vt 0.351852 0.666667
vt 0.425926 0.685185
vt 0.388889 0.685185
vt 0.666667 0.388889
vt 0.703704 0.685185
vt 0.666667 0.666667
vt 0.574074 0.962963
vt 0.962963 0.462963
vt 0.018519 0.703704
vt 0.407407 0.370370
vt 0.388889 0.388889
vt 0.407407 0.407407
vt 0.407407 0.388889
vt 0.777778 0.222222
vt 0.722222 0.388889
vt 0.851852 0.851852
vt 0.722222 0.259259
vt 0.129630 0.796296
vt 0.574074 0.592593
vt 0.722222 0.185185
vt 0.537037 0.907407
vt 0.666667 0.648148
vt 0.703704 0.629630
vt 0.722222 0.648148
vt 0.407407 0.833333
vt 0.425926 0.851852
vt 0.629630 0.185185
vt 0.666667 0.240741
vt 0.611111 0.277778
vt 0.648148 0.296296
vt 0.759259 0.296296
vt 0.722222 0.296296
vt 0.777778 0.333333
vt 0.462963 0.277778
vt 0.481481 0.277778
vt 0.481481 0.314815
vt 0.462963 0.314815
vt 0.444444 0.296296
vt 0.814815 0.259259
vt 0.777778 0.240741
vt 0.333333 0.833333
vt 0.296296 0.537037
vt 0.685185 0.296296
vt 0.370370 0.074074
vt 0.388889 0.074074
vt 0.388889 0.111111
vt 0.370370 0.111111
vt 0.370370 0.129630
vt 0.351852 0.148148
vt 0.333333 0.166667
vt 0.277778 0.166667
vt 0.277778 0.185185
vt 0.351852 0.185185
vt 0.351852 0.166667
vt 0.370370 0.166667
vt 0.370370 0.148148
vt 0.388889 0.148148
vt 0.388889 0.129630
vt 0.407407 0.129630
vt 0.407407 0.055556
vt 0.388889 0.055556
vt 0.388889 0.037037
vt 0.370370 0.037037
vt 0.370370 0.018519
vt 0.351852 0.000000
vt 0.277778 0.018519
vt 0.259259 0.018519
vt 0.259259 0.037037
vt 0.240741 0.037037
vt 0.240741 0.055556
vt 0.222222 0.055556
vt 0.222222 0.129630
vt 0.240741 0.129630
vt 0.500000 0.777778
vt 0.740741 0.148148
vt 0.740741 0.240741
vt 0.277778 0.777778
vt 0.481481 0.240741
vt 0.462963 0.240741
vt 0.462963 0.222222
vt 0.444444 0.222222
vt 0.407407 0.222222
vt 0.388889 0.222222
vt 0.388889 0.240741
vt 0.370370 0.240741
vt 0.370370 0.277778
vt 0.388889 0.277778
vt 0.388889 0.296296
vt 0.407407 0.296296
vt 0.407407 0.314815
vt 0.462963 0.333333
vt 0.388889 0.333333
vt 0.388889 0.314815
vt 0.370370 0.314815
vt 0.370370 0.296296
vt 0.351852 0.296296
vt 0.351852 0.222222
vt 0.370370 0.222222
vt 0.370370 0.203704
vt 0.388889 0.203704
vt 0.388889 0.185185
vt 0.462963 0.203704
vt 0.481481 0.203704
vt 0.481481 0.222222
vt 0.500000 0.222222
vt 0.500000 0.296296
vt 0.203704 0.055556
vt 0.685185 0.074074
vt 0.481481 0.592593
vt 0.351852 0.592593
vt 0.703704 0.222222
vt 0.518519 0.851852
vt 0.814815 0.555556
vt 0.796296 0.370370
vt 0.777778 0.388889
vt 0.518519 0.074074
vt 0.518519 0.018519
vt 0.555556 0.018519
vt 0.555556 0.000000
vt 0.592593 0.000000
vt 0.629630 0.018519
vt 0.537037 0.055556
vt 0.537037 0.074074
vt 0.555556 0.037037
vt 0.555556 0.055556
vt 0.611111 0.055556
vt 0.592593 0.055556
vt 0.611111 0.074074
vt 0.500000 0.388889
vt 0.611111 0.555556
vt 0.296296 0.055556
vt 0.333333 0.740741
vt 0.333333 0.759259
vt 0.314815 0.740741
vt 0.314815 0.722222
vt 0.370370 0.759259
vt 0.259259 0.592593
vt 0.259259 0.574074
vt 0.277778 0.574074
vt 0.277778 0.537037
vt 0.296296 0.592593
vt 0.277778 0.592593
vt 0.277778 0.611111
vt 0.259259 0.611111
vt 0.259259 0.629630
vt 0.185185 0.629630
vt 0.166667 0.611111
vt 0.166667 0.592593
vt 0.148148 0.592593
vt 0.185185 0.574074
vt 0.185185 0.592593
vt 0.166667 0.537037
vt 0.185185 0.333333
vt 0.388889 0.759259
vt 0.388889 0.777778
vt 0.370370 0.777778
vt 0.851852 0.962963
vt 0.203704 0.870370
vt 0.092593 0.759259
vt 0.092593 0.740741
vt 0.166667 0.759259
vt 0.518519 0.148148
vt 0.425926 0.166667
vt 0.185185 0.870370
vt 0.648148 0.444444
vt 0.611111 0.444444
vt 0.629630 0.444444
vt 0.629630 0.462963
vt 0.722222 0.444444
vt 0.685185 0.407407
vt 0.703704 0.611111
vt 0.037037 0.777778
vt 0.777778 0.462963
vt 0.740741 0.481481
vt 0.870370 0.740741
vt 0.111111 0.518519
vt 0.111111 0.444444
vt 0.092593 0.425926
vt 0.074074 0.425926
vt 0.074074 0.518519
vt 0.592593 0.296296
vt 0.611111 0.222222
vt 0.592593 0.222222
vt 0.574074 0.296296
vt 0.592593 0.314815
vt 0.537037 0.296296
vt 0.518519 0.203704
vt 0.240741 0.518519
vt 0.240741 0.500000
vt 0.259259 0.500000
vt 0.314815 0.500000
vt 0.314815 0.518519
vt 0.314815 0.407407
vt 0.314815 0.425926
vt 0.296296 0.500000
vt 0.259259 0.407407
vt 0.296296 0.388889
vt 0.592593 0.203704
vt 0.574074 0.185185
vt 0.555556 0.666667
vt 0.537037 0.666667
vt 0.537037 0.629630
vt 0.574074 0.629630
vt 0.574074 0.666667
vt 0.648148 0.666667
vt 0.703704 0.574074
vt 0.703704 0.555556
vt 0.722222 0.555556
vt 0.685185 0.518519
vt 0.685185 0.555556
vt 0.648148 0.518519
vt 0.611111 0.518519
vt 0.870370 0.796296
vt 0.759259 0.055556
vt 0.759259 0.000000
vt 0.777778 0.000000
vt 0.796296 0.037037
vt 0.462963 0.685185
vt 0.462963 0.666667
vt 0.500000 0.685185
vt 0.537037 0.685185
vt 0.537037 0.648148
vt 0.500000 0.629630
vt 0.462963 0.629630
vt 0.240741 0.370370
vt 0.240741 0.351852
vt 0.259259 0.351852
vt 0.314815 0.388889
vt 0.333333 0.351852
vt 0.333333 0.370370
vt 0.333333 0.981481
vt 0.777778 0.444444
vt 0.148148 0.166667
vt 0.148148 0.148148
vt 0.166667 0.148148
vt 0.129630 0.185185
vt 0.129630 0.166667
vt 0.037037 0.148148
vt 0.055556 0.148148
vt 0.074074 0.148148
vt 0.074074 0.166667
vt 0.092593 0.166667
vt 0.296296 0.703704
vt 0.037037 0.129630
vt 0.055556 0.129630
vt 0.055556 0.074074
vt 0.055556 0.092593
vt 0.037037 0.092593
vt 0.037037 0.074074
vt 0.055556 0.055556
vt 0.074074 0.055556
vt 0.074074 0.074074
vt 0.092593 0.037037
vt 0.092593 0.055556
vt 0.166667 0.055556
vt 0.166667 0.129630
vt 0.148148 0.055556
vt 0.129630 0.055556
vt 0.129630 0.037037
vt 0.166667 0.074074
vt 0.148148 0.074074
vt 0.166667 0.092593
vt 0.185185 0.129630
vt 0.611111 0.833333
vt 0.407407 0.703704
vt 0.407407 0.722222
vt 0.333333 0.703704
vt 0.314815 0.703704
vt 0.092593 0.629630
vt 0.500000 0.185185
vt 0.740741 0.129630
vt 0.537037 0.148148
vt 0.351852 0.111111
vt 0.351852 0.092593
vt 0.333333 0.111111
vt 0.203704 0.166667
vt 0.388889 0.851852
vt 0.481481 0.888889
vt 0.685185 0.462963
vt 0.722222 0.462963
vt 0.703704 0.500000
vt 0.703704 0.518519
vt 0.685185 0.500000
vt 0.611111 0.500000
vt 0.611111 0.462963
vt 0.648148 0.462963
vt 0.203704 0.648148
vt 0.203704 0.685185
vt 0.166667 0.685185
vt 0.166667 0.666667
vt 0.129630 0.629630
vt 0.166667 0.629630
vt 0.129630 0.666667
vt 0.129630 0.685185
vt 0.092593 0.648148
vt 0.240741 0.407407
vt 0.222222 0.425926
vt 0.703704 0.277778
vt 0.611111 0.962963
vt 0.203704 0.537037
vt 0.148148 0.518519
vt 0.185185 0.444444
vt 0.203704 0.425926
vt 0.222222 0.444444
vt 0.351852 0.796296
vt 0.259259 0.851852
vt 0.759259 0.370370
vt 0.759259 0.648148
vt 0.759259 0.518519
vt 0.388889 0.981481
vt 0.518519 0.092593
vt 0.537037 0.129630
vt 0.555556 0.129630
vt 0.555556 0.111111
vt 0.592593 0.074074
vt 0.555556 0.074074
vt 0.555556 0.092593
vt 0.629630 0.092593
vt 0.611111 0.148148
vt 0.592593 0.129630
vt 0.962963 0.629630
vt 0.574074 0.833333
vt 0.462963 0.129630
vt 0.462963 0.092593
vt 0.481481 0.092593
vt 0.500000 0.055556
vt 0.518519 0.055556
vt 0.518519 0.037037
vt 0.500000 0.037037
vt 0.500000 0.000000
vt 0.462963 0.000000
vt 0.407407 0.111111
vt 0.444444 0.074074
vt 0.444444 0.111111
vt 0.462963 0.018519
vt 0.185185 0.185185
vt 0.037037 0.629630
vt 0.462963 0.462963
vt 0.277778 0.074074
vt 0.407407 0.425926
vt 0.259259 0.166667
vt 0.240741 0.148148
vt 0.703704 0.314815
vt 0.611111 0.314815
vt 0.425926 0.796296
vt 0.703704 0.203704
vt 0.055556 0.018519
vt 0.037037 0.685185
vt 0.796296 0.129630
vt 0.351852 0.759259
vt 0.351852 0.777778
vt 0.314815 0.777778
vt 0.777778 0.722222
vt 0.777778 0.777778
vt 0.407407 0.962963
vt 0.018519 0.759259
vt 0.037037 0.833333
vt 0.685185 0.000000
vt 0.185185 0.685185
vt 0.759259 0.685185
vt 0.092593 0.833333
vt 0.740741 0.277778
vt 0.740741 0.296296
vt 0.777778 0.259259
vt 0.259259 0.277778
vt 0.500000 0.500000
vt 0.518519 0.555556
vt 0.518519 0.537037
vt 0.537037 0.537037
vt 0.537037 0.518519
vt 0.574074 0.481481
vt 0.537037 0.481481
vt 0.537037 0.500000
vt 0.592593 0.555556
vt 0.574074 0.537037
vt 0.722222 0.425926
vt 0.759259 0.407407
vt 0.314815 0.314815
vt 0.314815 0.259259
vt 0.296296 0.259259
vt 0.296296 0.240741
vt 0.314815 0.240741
vt 0.314815 0.222222
vt 0.296296 0.222222
vt 0.296296 0.185185
vt 0.277778 0.203704
vt 0.259259 0.203704
vt 0.259259 0.259259
vt 0.277778 0.259259
vt 0.296296 0.277778
vt 0.333333 0.333333
vt 0.333333 0.314815
vt 0.351852 0.351852
vt 0.351852 0.333333
vt 0.296296 0.314815
vt 0.314815 0.333333
vt 0.222222 0.314815
vt 0.240741 0.907407
vt 0.222222 0.722222
vt 0.759259 0.703704
vt 0.333333 0.518519
vt 0.333333 0.555556
vt 0.314815 0.537037
vt 0.314815 0.629630
vt 0.314815 0.555556
vt 0.333333 0.592593
vt 0.759259 0.074074
vt 0.037037 0.185185
vt 0.685185 0.777778
vt 0.537037 0.444444
vt 0.537037 0.462963
vt 0.518519 0.462963
vt 0.518519 0.481481
vt 0.500000 0.481481
vt 0.537037 0.425926
vt 0.574074 0.407407
vt 0.611111 0.425926
vt 0.611111 0.481481
vt 0.592593 0.481481
vt 0.574074 0.462963
vt 0.185185 0.296296
vt 0.166667 0.296296
vt 0.166667 0.259259
vt 0.148148 0.259259
vt 0.148148 0.370370
vt 0.166667 0.370370
vt 0.111111 0.388889
vt 0.148148 0.388889
vt 0.074074 0.407407
vt 0.111111 0.407407
vt 0.037037 0.370370
vt 0.037037 0.388889
vt 0.074074 0.388889
vt 0.148148 0.240741
vt 0.111111 0.240741
vt 0.111111 0.222222
vt 0.074074 0.240741
vt 0.037037 0.240741
vt 0.037037 0.259259
vt 0.018519 0.370370
vt 0.018519 0.259259
vt 0.000000 0.296296
vt 0.000000 0.333333
vt -0.000000 0.740741
vt 0.444444 0.148148
vt 0.444444 0.574074
vt 0.796296 0.203704
vt 0.370370 0.481481
vt 0.351852 0.481481
vt 0.351852 0.537037
vt 0.370370 0.555556
vt 0.370370 0.518519
vt 0.388889 0.518519
vt 0.481481 0.518519
vt 0.462963 0.518519
vt 0.462963 0.537037
vt 0.481481 0.481481
vt 0.481481 0.537037
vt 0.500000 0.537037
vt 0.462963 0.555556
vt 0.481481 0.555556
vt 0.092593 0.722222
vt 0.111111 0.722222
vt 0.111111 0.740741
vt 0.185185 0.722222
vt 0.111111 0.685185
vt 0.129630 0.537037
vt 0.185185 0.425926
vt 0.129630 0.518519
vt 0.148148 0.407407
vt 0.129630 0.425926
vt 0.203704 0.333333
vt 0.203704 0.314815
vt 0.185185 0.222222
vt 0.203704 0.222222
vt 0.203704 0.296296
vt 0.185185 0.259259
vt 0.259259 0.759259
vt 0.685185 0.685185
vt 0.240741 0.685185
vt 0.240741 0.666667
vt 0.277778 0.685185
vt 0.277778 0.629630
vt 0.240741 0.629630
vt 0.222222 0.148148
vt 0.222222 0.777778
vt 0.240741 0.777778
vt 0.185185 0.777778
vt 0.148148 0.000000
vt 0.037037 0.407407
vt 0.037037 0.425926
vt 0.018519 0.425926
vt 0.000000 0.444444
vt 0.000000 0.518519
vt 0.018519 0.537037
vt 0.092593 0.537037
vt 0.037037 0.444444
vt 0.444444 0.185185
vt 0.962963 0.962963
vt 0.444444 0.333333
vt 0.777778 0.666667
vt 0.592593 0.796296
vt 0.722222 0.000000
vt 0.703704 0.759259
vt 0.703704 0.703704
vt 0.574074 0.870370
vt 0.592593 0.851852
vt 0.018519 0.592593
vt 0.000000 0.592593
vt 0.000000 0.537037
vt 0.018519 0.574074
vt 0.037037 0.574074
vt 0.111111 0.574074
vt 0.129630 0.574074
vt 0.129630 0.592593
vt 0.129630 0.611111
vt 0.111111 0.611111
vt 0.111111 0.629630
vt 0.018519 0.611111
s 0
usemtl vas-bunga_1_Material
f 691/1/1 499/2/1 658/3/1
f 825/4/1 833/5/1 834/6/1
f 528/7/2 575/8/2 526/9/2
f 1009/10/3 824/11/3 1017/12/3
f 196/13/4 204/14/4 205/15/4
f 314/16/5 341/17/5 313/18/5
f 188/19/5 250/20/5 249/21/5
f 614/22/3 335/23/3 568/24/3
f 580/25/5 582/26/5 581/27/5
f 572/28/3 272/23/3 508/29/3
f 845/30/2 847/31/2 843/32/2
f 804/33/3 806/34/3 998/35/3
f 125/36/6 107/37/6 110/38/6
f 12/39/1 10/40/1 9/41/1
f 628/42/2 599/43/2 627/44/2
f 68/45/5 283/46/5 282/47/5
f 900/48/3 937/49/3 902/50/3
f 906/13/2 922/51/2 907/52/2
f 490/53/6 655/54/6 640/55/6
f 734/56/4 703/57/4 728/58/4
f 944/59/1 902/60/1 937/61/1
f 932/62/6 934/47/6 931/63/6
f 491/64/5 488/65/5 500/66/5
f 940/67/2 967/68/2 943/69/2
f 35/70/6 70/71/6 68/72/6
f 978/73/4 973/74/4 977/75/4
f 335/76/6 612/77/6 568/78/6
f 94/79/5 96/80/5 95/81/5
f 173/82/3 159/83/3 158/84/3
f 336/85/6 391/86/6 335/87/6
f 894/88/2 891/89/2 917/90/2
f 515/91/2 294/32/2 293/92/2
f 710/93/4 718/94/4 801/95/4
f 461/96/1 427/97/1 429/98/1
f 482/99/5 651/100/5 638/101/5
f 324/102/4 322/103/4 321/104/4
f 136/105/3 145/106/3 148/107/3
f 322/108/4 332/109/4 629/62/4
f 235/110/4 243/111/4 244/112/4
f 157/113/3 143/114/3 142/115/3
f 281/116/2 65/117/2 275/118/2
f 319/119/6 606/120/6 553/121/6
f 353/122/1 625/123/1 596/124/1
f 607/125/1 324/126/1 558/127/1
f 442/128/5 776/129/5 359/130/5
f 110/38/1 721/131/1 744/132/1
f 29/133/5 31/93/5 30/134/5
f 841/135/4 717/136/4 722/137/4
f 52/138/2 43/139/2 44/140/2
f 650/141/6 674/142/6 644/143/6
f 900/144/6 935/145/6 936/146/6
f 168/147/6 242/148/6 235/149/6
f 417/150/4 631/151/4 345/152/4
f 299/153/2 74/154/2 298/155/2
f 971/156/1 970/157/1 940/8/1
f 205/158/1 105/159/1 206/160/1
f 268/161/1 18/162/1 61/163/1
f 272/164/3 20/165/3 64/166/3
f 141/167/3 134/168/3 133/169/3
f 224/73/1 220/83/1 219/170/1
f 897/171/5 876/172/5 871/96/5
f 10/173/3 18/174/3 17/40/3
f 449/175/4 782/176/4 781/129/4
f 469/177/4 477/178/4 633/179/4
f 76/180/2 50/181/2 56/182/2
f 49/183/6 56/139/6 50/140/6
f 314/184/2 310/185/2 309/186/2
f 870/187/2 865/188/2 879/189/2
f 547/190/2 307/168/2 546/191/2
f 184/192/5 242/193/5 241/194/5
f 548/195/6 308/196/6 547/197/6
f 459/96/4 456/198/4 455/98/4
f 95/199/6 79/200/6 82/201/6
f 759/202/5 181/203/5 760/204/5
f 719/205/6 713/206/6 702/207/6
f 120/208/5 210/209/5 208/210/5
f 226/211/6 222/212/6 221/213/6
f 132/214/3 222/215/3 216/216/3
f 817/217/5 1010/218/5 1007/219/5
f 760/220/2 735/221/2 759/222/2
f 708/223/1 718/224/1 701/225/1
f 89/226/5 195/227/5 78/228/5
f 301/155/1 519/229/1 518/230/1
f 885/231/4 888/232/4 895/233/4
f 171/234/6 238/235/6 154/236/6
f 660/237/5 698/238/5 655/239/5
f 709/240/6 83/241/6 738/242/6
f 923/243/6 963/244/6 953/245/6
f 190/246/1 77/247/1 191/248/1
f 579/249/5 577/250/5 539/251/5
f 783/252/3 479/253/3 478/254/3
f 559/255/2 610/256/2 560/257/2
f 941/258/4 949/259/4 939/13/4
f 133/260/1 747/204/1 124/203/1
f 271/261/2 268/262/2 505/263/2
f 348/264/1 419/265/1 345/266/1
f 270/155/3 16/267/3 62/268/3
f 290/269/5 45/270/5 71/271/5
f 951/272/3 907/273/3 952/274/3
f 1012/92/2 815/31/2 1003/56/2
f 384/275/4 386/276/4 385/277/4
f 391/278/4 392/279/4 383/280/4
f 341/281/4 337/184/4 338/282/4
f 892/283/1 884/284/1 911/285/1
f 786/286/4 463/287/4 484/288/4
f 359/127/5 624/289/5 597/290/5
f 549/291/2 518/292/2 519/293/2
f 345/294/1 621/295/1 588/296/1
f 986/297/1 973/298/1 809/59/1
f 516/299/2 295/300/2 300/301/2
f 544/302/2 603/303/2 543/304/2
f 286/305/5 39/306/5 69/307/5
f 441/308/4 767/309/4 353/299/4
f 906/310/6 865/311/6 866/312/6
f 718/313/3 841/314/3 801/315/3
f 139/316/5 224/189/5 223/188/5
f 97/317/4 742/318/4 100/319/4
f 671/320/6 701/225/6 709/240/6
f 1027/321/4 1024/322/4 1025/323/4
f 864/324/4 866/325/4 865/188/4
f 651/326/1 489/327/1 638/328/1
f 4/329/1 2/41/1 1/42/1
f 688/330/4 689/331/4 696/332/4
f 589/333/2 585/303/2 586/172/2
f 82/334/5 84/335/5 83/336/5
f 497/142/5 683/337/5 653/338/5
f 558/339/1 264/340/1 501/341/1
f 570/342/2 566/343/2 613/103/2
f 860/344/2 872/345/2 858/138/2
f 485/346/4 490/347/4 640/177/4
f 714/348/5 739/349/5 706/350/5
f 553/57/2 605/268/2 552/154/2
f 755/351/6 853/266/6 846/352/6
f 120/208/3 217/353/3 208/210/3
f 870/354/3 881/355/3 855/190/3
f 567/262/2 614/356/2 568/357/2
f 884/358/5 902/50/5 900/48/5
f 332/103/4 330/359/4 329/360/4
f 89/226/3 205/361/3 206/362/3
f 88/363/1 202/364/1 87/365/1
f 192/366/3 190/367/3 191/368/3
f 264/369/1 12/118/1 57/370/1
f 382/371/6 384/372/6 325/373/6
f 644/374/3 665/375/3 646/376/3
f 701/377/3 672/378/3 708/379/3
f 111/380/6 91/381/6 94/382/6
f 83/383/2 86/384/2 80/385/2
f 466/164/1 434/386/1 435/166/1
f 594/387/5 514/388/5 296/389/5
f 534/390/5 305/391/5 535/301/5
f 598/392/2 626/393/2 597/142/2
f 151/394/5 147/395/5 152/396/5
f 726/397/5 136/105/5 751/398/5
f 626/399/6 359/400/6 597/401/6
f 890/402/1 879/403/1 908/404/1
f 843/405/1 855/406/1 859/407/1
f 898/408/2 896/409/2 897/410/2
f 566/411/2 562/412/2 611/413/2
f 664/414/4 663/415/4 666/416/4
f 328/417/3 384/112/3 385/282/3
f 597/418/6 296/419/6 516/184/6
f 194/420/4 189/421/4 190/422/4
f 764/129/4 404/423/4 333/424/4
f 269/425/2 506/426/2 270/427/2
f 132/428/2 120/429/2 119/430/2
f 468/92/4 465/153/4 466/57/4
f 243/431/4 251/432/4 252/433/4
f 832/434/6 1022/101/6 1023/99/6
f 441/435/1 439/87/1 440/436/1
f 725/437/1 676/80/1 721/131/1
f 915/151/6 947/438/6 909/439/6
f 865/311/1 856/440/1 857/441/1
f 3/442/2 57/409/2 12/443/2
f 731/444/6 752/445/6 724/446/6
f 358/16/5 622/447/5 593/448/5
f 591/419/1 515/449/1 293/450/1
f 803/451/3 805/452/3 1011/453/3
f 228/454/4 235/112/4 236/455/4
f 778/254/4 450/456/4 777/457/4
f 784/458/3 392/61/3 390/459/3
f 171/460/5 239/227/5 237/461/5
f 52/462/5 291/183/5 72/463/5
f 463/458/5 423/59/5 426/459/5
f 18/397/3 271/464/3 63/465/3
f 713/206/1 702/207/1 669/466/1
f 139/316/3 230/324/3 223/188/3
f 197/364/1 89/467/1 198/365/1
f 168/468/3 244/323/3 163/469/3
f 958/411/6 960/470/6 957/27/6
f 916/471/2 911/472/2 902/473/2
f 201/474/4 202/475/4 193/476/4
f 189/477/5 88/478/5 77/479/5
f 180/480/4 174/481/4 173/482/4
f 344/350/5 315/483/5 316/484/5
f 881/255/6 889/485/6 887/486/6
f 592/487/5 293/488/5 513/489/5
f 554/490/6 555/326/6 556/491/6
f 1005/492/1 1009/493/1 1013/494/1
f 642/495/4 495/496/4 647/497/4
f 283/498/6 585/499/6 306/500/6
f 826/501/6 836/371/6 831/373/6
f 771/117/1 397/502/1 330/503/1
f 723/504/2 726/505/2 751/506/2
f 968/507/5 984/373/5 983/501/5
f 21/269/3 26/508/3 25/173/3
f 114/320/1 130/509/1 113/510/1
f 59/219/2 257/420/2 58/511/2
f 793/512/1 471/513/1 778/292/1
f 80/514/1 78/515/1 81/516/1
f 316/517/2 311/163/2 312/518/2
f 185/519/6 246/520/6 170/521/6
f 75/522/6 300/523/6 295/524/6
f 95/525/4 111/526/4 94/527/4
f 77/479/3 197/528/3 198/529/3
f 760/530/6 180/531/6 736/532/6
f 108/533/1 106/534/1 109/341/1
f 872/195/3 863/413/3 858/535/3
f 930/46/5 933/151/5 932/152/5
f 370/536/4 374/537/4 373/538/4
f 149/392/3 161/539/3 164/540/3
f 255/541/2 185/542/2 254/543/2
f 124/544/5 126/545/5 125/546/5
f 493/174/4 642/288/4 641/39/4
f 961/476/2 951/547/2 974/278/2
f 171/234/1 247/548/1 248/549/1
f 496/550/1 383/551/1 451/552/1
f 268/304/2 264/475/2 503/553/2
f 12/554/3 268/555/3 61/488/3
f 472/556/6 794/254/6 779/512/6
f 897/410/4 899/557/4 895/558/4
f 741/559/3 100/560/3 709/561/3
f 317/562/3 606/563/3 320/564/3
f 913/565/2 930/566/2 931/567/2
f 223/568/4 219/520/4 212/569/4
f 538/570/2 580/26/2 537/571/2
f 658/292/4 657/572/4 651/573/4
f 527/249/3 529/91/3 303/574/3
f 67/575/5 280/576/5 279/577/5
f 785/578/5 483/579/5 481/95/5
f 377/185/1 381/15/1 322/580/1
f 590/581/5 512/582/5 291/487/5
f 965/583/2 968/584/2 983/585/2
f 757/586/5 173/82/5 735/587/5
f 105/159/6 211/588/6 204/589/6
f 707/590/4 709/591/4 708/592/4
f 187/593/6 179/594/6 182/595/6
f 882/43/2 871/596/2 867/324/2
f 624/597/6 358/598/6 593/599/6
f 583/518/1 511/600/1 286/601/1
f 15/602/2 62/314/2 16/603/2
f 784/604/4 478/292/4 451/293/4
f 996/605/6 806/606/6 995/438/6
f 711/607/4 719/608/4 702/609/4
f 152/396/5 227/610/5 226/611/5
f 1025/612/1 837/613/1 838/256/1
f 442/614/4 768/3/4 443/615/4
f 343/616/4 340/617/4 339/418/4
f 989/618/1 803/619/1 808/620/1
f 722/621/3 846/622/3 845/623/3
f 805/624/4 803/625/4 998/626/4
f 904/412/1 903/627/1 905/195/1
f 794/628/4 470/595/4 793/629/4
f 480/630/3 644/631/3 636/496/3
f 909/42/3 935/130/3 911/632/3
f 750/633/5 141/167/5 725/634/5
f 332/635/3 613/636/3 566/119/3
f 649/637/4 650/638/4 644/346/4
f 230/639/4 231/640/4 223/372/4
f 135/641/1 127/260/1 128/642/1
f 131/643/3 119/644/3 118/645/3
f 331/373/3 771/646/3 330/647/3
f 457/648/1 797/649/1 785/650/1
f 791/651/6 491/652/6 492/94/6
f 139/653/6 212/654/6 121/655/6
f 929/656/3 923/657/3 914/658/3
f 509/45/2 279/485/2 280/162/2
f 804/659/1 972/660/1 994/656/1
f 382/661/3 391/352/3 383/281/3
f 116/662/5 114/663/5 113/664/5
f 884/284/6 901/665/6 883/666/6
f 959/667/4 956/668/4 954/669/4
f 801/670/6 707/671/6 710/672/6
f 18/673/2 12/140/2 61/674/2
f 183/461/6 163/549/6 166/227/6
f 23/675/3 28/456/3 24/6/3
f 145/310/1 149/676/1 148/677/1
f 325/469/6 610/678/6 564/679/6
f 264/501/2 259/680/2 501/335/2
f 725/437/6 125/36/6 721/131/6
f 369/44/3 769/681/3 324/308/3
f 347/682/1 619/448/1 584/399/1
f 410/683/1 578/684/1 313/685/1
f 336/197/3 772/627/3 390/195/3
f 511/303/2 285/686/2 286/304/2
f 1001/434/6 1002/637/6 1000/230/6
f 599/687/5 600/688/5 440/689/5
f 941/690/5 943/691/5 942/692/5
f 442/693/6 444/264/6 438/418/6
f 876/558/4 878/694/4 871/596/4
f 356/309/1 775/695/1 353/681/1
f 553/696/3 517/697/3 522/698/3
f 185/519/1 253/699/1 254/700/1
f 548/701/5 545/702/5 602/703/5
f 898/704/6 871/705/6 878/706/6
f 535/707/2 303/708/2 529/642/2
f 324/636/3 609/709/3 558/120/3
f 447/710/3 779/711/3 794/712/3
f 251/148/4 253/60/4 245/713/4
f 466/714/5 789/715/5 799/716/5
f 104/717/3 209/718/3 200/719/3
f 121/720/5 211/721/5 106/387/5
f 955/722/3 956/723/3 981/724/3
f 896/725/6 948/122/6 913/726/6
f 1004/557/5 815/40/5 808/443/5
f 172/727/5 170/49/5 169/50/5
f 265/431/2 504/427/2 266/728/2
f 26/165/2 18/106/2 63/464/2
f 757/729/2 729/730/2 731/731/2
f 217/259/4 218/455/4 208/14/4
f 141/732/1 753/733/1 725/437/1
f 521/55/2 554/249/2 522/734/2
f 141/735/4 124/736/4 125/737/4
f 705/738/5 100/560/5 709/561/5
f 348/631/5 773/739/5 420/740/5
f 53/741/5 75/742/5 56/743/5
f 447/707/6 370/744/6 376/642/6
f 171/460/3 246/745/3 237/461/3
f 296/185/6 52/746/6 76/747/6
f 183/719/5 179/748/5 184/192/5
f 838/749/3 831/750/3 840/751/3
f 736/752/3 173/82/3 735/587/3
f 966/753/1 955/754/1 982/755/1
f 381/112/3 387/661/3 332/282/3
f 189/329/4 196/129/4 197/130/4
f 117/756/3 103/745/3 102/49/3
f 780/26/4 472/757/4 779/374/4
f 323/14/3 377/417/3 322/185/3
f 104/758/1 210/158/1 103/160/1
f 170/521/1 186/759/1 169/78/1
f 838/315/4 1018/603/4 1020/760/4
f 333/761/3 616/762/3 764/60/3
f 909/763/4 900/764/4 910/765/4
f 364/43/4 361/299/4 362/187/4
f 655/766/4 500/237/4 660/767/4
f 943/69/2 933/768/2 926/769/2
f 603/357/6 598/263/6 543/770/6
f 177/358/1 181/771/1 180/531/1
f 167/772/5 163/469/5 168/468/5
f 185/542/4 170/773/4 175/774/4
f 1021/775/2 831/776/2 836/777/2
f 306/306/2 531/778/2 304/539/2
f 868/779/2 855/780/2 869/781/2
f 648/782/3 675/783/3 495/250/3
f 964/784/5 966/341/5 965/340/5
f 119/430/4 152/785/4 128/786/4
f 47/787/1 53/602/1 54/603/1
f 454/658/3 394/788/3 398/789/3
f 881/357/1 868/297/1 869/790/1
f 397/791/3 393/230/3 396/155/3
f 586/792/5 510/489/5 287/793/5
f 630/657/4 382/794/4 325/795/4
f 113/796/4 746/797/4 116/798/4
f 416/175/4 766/287/4 350/799/4
f 100/560/5 98/800/5 97/544/5
f 47/761/5 45/641/5 48/801/5
f 612/76/3 325/448/3 564/802/3
f 287/803/2 283/248/2 284/804/2
f 933/805/5 959/806/5 958/807/5
f 120/808/1 218/809/1 119/810/1
f 704/811/6 696/812/6 733/813/6
f 899/814/5 878/96/5 882/815/5
f 434/816/4 437/817/4 439/818/4
f 970/612/5 968/819/5 967/820/5
f 416/821/6 774/413/6 413/25/6
f 732/822/5 149/392/5 754/823/5
f 987/824/3 814/179/3 975/660/3
f 738/202/3 82/334/3 737/825/3
f 695/826/5 704/827/5 732/828/5
f 238/86/4 239/829/4 229/639/4
f 610/636/3 327/830/3 560/831/3
f 45/463/1 293/832/1 73/833/1
f 360/681/6 776/424/6 431/695/6
f 617/782/2 577/834/2 578/390/2
f 120/808/6 209/835/6 207/836/6
f 16/116/6 266/163/6 60/369/6
f 6/291/6 8/837/6 5/838/6
f 467/823/6 436/164/6 437/491/6
f 104/717/5 202/839/5 200/719/5
f 909/470/6 885/26/6 891/27/6
f 18/31/1 21/840/1 17/841/1
f 885/842/3 900/48/3 884/358/3
f 1007/843/2 819/844/2 805/624/2
f 705/845/1 670/122/1 663/846/1
f 871/705/1 862/847/1 850/848/1
f 981/809/4 982/58/4 980/835/4
f 736/752/5 165/849/5 758/850/5
f 130/509/1 722/851/1 723/852/1
f 914/305/3 866/387/3 863/853/3
f 152/854/6 234/855/6 228/856/6
f 481/857/4 787/293/4 785/1/4
f 291/376/2 287/570/2 288/262/2
f 573/858/2 527/143/2 525/859/2
f 89/467/6 203/860/6 196/861/6
f 1011/862/4 824/863/4 1009/864/4
f 417/865/5 419/277/5 418/275/5
f 464/866/4 791/8/4 492/867/4
f 898/840/5 948/187/5 921/868/5
f 228/856/1 132/869/1 216/870/1
f 749/871/4 164/872/4 180/480/4
f 49/245/5 52/873/5 51/244/5
f 37/874/1 45/603/1 46/760/1
f 860/875/5 874/255/5 873/257/5
f 732/867/2 726/238/2 727/876/2
f 584/450/5 286/877/5 509/878/5
f 84/879/1 100/880/1 83/241/1
f 168/881/2 152/785/2 147/882/2
f 655/883/6 689/3/6 656/884/6
f 71/345/2 38/646/2 39/139/2
f 491/860/4 799/148/4 488/885/4
f 878/789/5 861/886/5 862/339/5
f 615/251/2 569/782/2 570/390/2
f 248/887/2 170/773/2 171/888/2
f 733/889/3 703/890/3 704/827/3
f 634/99/3 647/891/3 477/637/3
f 796/892/6 783/893/6 456/894/6
f 264/895/3 4/896/3 8/897/3
f 551/898/3 552/899/3 761/900/3
f 23/901/6 20/324/6 19/902/6
f 713/206/6 111/380/6 714/903/6
f 296/502/2 291/876/2 292/904/2
f 607/905/2 550/906/2 551/907/2
f 728/908/6 729/909/6 730/855/6
f 732/865/6 687/708/6 688/641/6
f 667/143/1 648/910/1 642/859/1
f 116/911/1 715/446/1 716/912/1
f 423/476/4 424/553/4 426/279/4
f 484/95/5 798/652/5 786/94/5
f 653/906/4 652/100/4 497/101/4
f 344/913/6 581/914/6 414/915/6
f 85/916/6 87/365/6 88/363/6
f 213/218/1 121/655/1 214/917/1
f 155/918/1 239/919/1 240/920/1
f 151/712/6 132/869/6 131/921/6
f 763/778/4 397/884/4 396/614/4
f 351/667/5 620/922/5 589/923/5
f 588/601/5 290/814/5 511/924/5
f 622/925/6 351/926/6 589/295/6
f 708/592/2 741/927/2 709/591/2
f 521/907/6 520/153/6 302/928/6
f 568/814/3 270/929/3 506/930/3
f 39/931/1 290/6/1 71/932/1
f 996/933/2 994/850/2 973/74/2
f 429/934/4 428/935/4 418/426/4
f 322/839/3 611/126/3 562/936/3
f 715/937/5 130/938/5 723/939/5
f 715/446/6 672/940/6 678/941/6
f 363/942/5 627/943/5 361/944/5
f 839/945/6 1027/946/6 840/411/6
f 619/947/5 345/321/5 588/755/5
f 161/166/1 165/739/1 164/948/1
f 14/573/6 16/932/6 13/837/6
f 276/162/2 271/875/2 507/116/2
f 308/949/5 543/950/5 300/951/5
f 372/952/6 374/656/6 371/953/6
f 475/578/3 795/954/3 782/286/3
f 425/865/5 422/728/5 351/955/5
f 254/956/5 256/957/5 255/958/5
f 188/19/3 245/959/3 185/960/3
f 638/179/4 637/961/4 482/659/4
f 352/962/6 422/280/6 423/963/6
f 498/964/4 655/965/4 656/740/4
f 651/572/5 691/254/5 658/512/5
f 14/932/3 20/457/3 15/675/3
f 105/966/3 213/967/3 214/968/3
f 894/969/5 850/970/5 859/971/5
f 184/972/2 168/881/2 163/973/2
f 16/182/2 8/974/2 7/196/2
f 348/577/4 346/351/4 347/576/4
f 729/975/5 703/890/5 685/976/5
f 641/977/1 634/978/1 469/605/1
f 559/235/6 502/979/6 266/362/6
f 457/438/4 453/554/4 454/46/4
f 343/645/6 311/980/6 315/981/6
f 561/982/3 505/983/3 268/984/3
f 601/249/2 542/985/2 541/574/2
f 736/986/2 732/987/2 733/988/2
f 111/526/4 125/737/4 110/989/4
f 121/720/3 219/990/3 220/991/3
f 458/660/5 411/992/5 405/993/5
f 77/247/6 195/618/6 189/994/6
f 627/995/1 362/996/1 361/997/1
f 155/918/6 230/713/6 138/998/6
f 33/999/6 43/271/6 36/409/6
f 66/400/3 278/1000/3 274/190/3
f 720/1001/4 729/730/4 724/1002/4
f 142/1003/2 133/1004/2 153/1005/2
f 579/392/2 533/143/2 534/823/2
f 356/280/5 428/1006/5 427/279/5
f 875/1007/4 876/1008/4 863/345/4
f 351/1009/4 358/605/4 425/151/4
f 862/1010/2 851/138/2 850/673/2
f 24/388/2 64/164/2 20/1011/2
f 387/639/1 331/87/1 332/371/1
f 448/1012/4 446/873/4 445/244/4
f 338/399/3 309/122/3 310/1013/3
f 867/297/1 899/1014/1 882/1015/1
f 291/747/6 43/877/6 72/874/6
f 404/85/3 403/102/3 401/104/3
f 736/752/5 693/1016/5 735/587/5
f 721/1017/2 714/1018/2 744/1019/2
f 883/1020/3 904/1021/3 905/627/3
f 972/1022/5 809/1023/5 973/1024/5
f 967/1025/6 966/753/6 943/1026/6
f 966/1027/4 969/943/4 971/1028/4
f 567/930/6 506/1029/6 272/982/6
f 101/1030/6 103/160/6 104/758/6
f 857/253/4 855/1031/4 854/456/4
f 625/834/2 595/299/2 596/391/2
f 352/182/5 774/1020/5 350/1032/5
f 155/1033/3 238/294/3 229/204/3
f 745/1034/3 116/662/3 716/1035/3
f 628/997/6 364/793/6 602/996/6
f 87/1036/2 199/1037/2 88/1038/2
f 593/388/6 291/1039/6 514/1040/6
f 100/880/1 708/223/1 709/240/1
f 77/1041/2 89/1042/2 78/1043/2
f 365/658/1 369/953/1 368/1044/1
f 733/988/4 735/221/4 729/730/4
f 372/615/3 770/1/3 373/1045/3
f 989/824/2 809/1046/2 807/992/2
f 139/653/1 231/1047/1 232/944/1
f 605/1048/1 318/121/1 552/17/1
f 729/975/3 157/113/3 731/1049/3
f 41/5/5 43/1050/5 42/1031/5
f 706/1051/6 95/199/6 705/845/6
f 573/491/3 569/859/3 574/858/3
f 976/824/5 810/346/5 996/229/5
f 993/370/5 990/171/5 991/814/5
f 998/398/1 997/977/1 999/606/1
f 92/565/1 90/1052/1 93/1053/1
f 960/565/3 927/1054/3 928/1055/3
f 715/1056/2 745/1057/2 716/1058/2
f 500/424/6 697/1059/6 660/695/6
f 822/1060/6 812/1061/6 811/1062/6
f 181/203/3 175/335/3 174/336/3
f 274/125/2 508/1063/2 272/1064/2
f 582/1021/2 618/1065/2 581/1066/2
f 708/379/5 116/662/5 716/1035/5
f 1023/1067/4 839/110/4 840/454/4
f 920/609/4 915/1050/4 909/1031/4
f 236/919/1 168/147/1 147/920/1
f 827/1068/6 824/781/6 817/351/6
f 762/695/4 372/1069/4 371/1070/4
f 139/653/1 123/716/1 121/655/1
f 1015/497/6 1017/105/6 1010/398/6
f 950/398/3 938/1071/3 908/438/3
f 37/5/5 39/134/5 38/1072/5
f 880/628/2 881/1073/2 886/1074/2
f 562/1075/1 268/487/1 503/792/1
f 101/1076/3 87/1077/3 86/990/3
f 663/1078/3 709/561/3 705/738/3
f 636/1079/6 645/497/6 474/977/6
f 1013/1080/4 1017/1081/4 831/776/4
f 565/270/3 507/718/3 271/305/3
f 557/1039/3 503/1075/3 264/581/3
f 424/263/4 431/522/4 432/934/4
f 320/1082/4 318/1083/4 317/233/4
f 347/1063/5 617/350/5 765/1064/5
f 168/468/5 234/1084/5 233/1085/5
f 620/16/6 350/1086/6 585/682/6
f 155/1033/5 231/1087/5 229/204/5
f 849/1088/6 851/1089/6 860/1090/6
f 88/363/6 194/885/6 192/407/6
f 723/939/3 678/942/3 679/1091/3
f 85/1092/3 77/479/3 80/1093/3
f 727/251/5 682/300/5 687/32/5
f 823/608/4 993/672/4 820/1050/4
f 619/1094/2 583/276/2 584/343/2
f 350/602/4 351/580/4 352/747/4
f 330/802/1 613/123/1 329/1013/1
f 185/960/5 187/777/5 186/1095/5
f 714/1018/2 705/1096/2 740/1097/2
f 986/1098/5 821/1099/5 820/1100/5
f 327/1101/6 608/1102/6 560/126/6
f 1010/291/6 1006/306/6 1007/615/6
f 452/97/6 385/616/6 386/963/6
f 209/372/4 210/1007/4 200/646/4
f 643/508/3 667/286/3 642/174/3
f 305/1103/1 539/1104/1 280/1105/1
f 714/348/3 110/1106/3 744/1107/3
f 140/210/5 138/902/5 137/353/5
f 646/1108/6 666/859/6 494/326/6
f 571/1109/2 616/612/2 572/255/2
f 925/1110/4 926/769/4 940/67/4
f 566/983/1 271/1111/1 505/1112/1
f 252/462/1 188/1113/1 179/594/1
f 563/389/6 504/1114/6 270/1039/6
f 266/952/2 262/789/2 261/1044/2
f 609/1086/1 322/120/1 562/1048/1
f 623/1115/2 591/935/2 592/425/2
f 407/309/4 765/1116/4 410/834/4
f 821/1099/5 1013/1117/5 825/1118/5
f 328/1014/6 770/570/6 327/356/6
f 545/1119/1 307/1120/1 542/1121/1
f 758/1122/6 164/948/6 732/106/6
f 724/446/1 685/1123/1 686/941/1
f 830/229/1 1018/637/1 1019/230/1
f 748/1064/3 130/938/3 723/939/3
f 939/24/1 898/704/1 897/1124/1
f 1019/1095/2 829/1125/2 830/1126/2
f 132/869/6 217/1127/6 215/1128/6
f 74/475/1 297/1129/1 298/1130/1
f 864/1131/3 857/1132/3 847/1082/3
f 735/1133/6 756/1134/6 729/909/6
f 901/1135/4 902/473/4 904/1136/4
f 814/670/2 810/1137/2 813/608/2
f 983/442/6 981/40/6 959/443/6
f 184/1138/6 250/868/6 243/840/6
f 460/1120/5 406/60/5 412/761/5
f 991/94/2 985/1072/2 986/134/2
f 225/1139/2 121/1140/2 220/1141/2
f 979/454/2 987/1142/2 975/259/2
f 496/1116/3 673/1143/3 650/782/3
f 94/382/1 714/903/1 740/1144/1
f 43/307/2 35/539/2 36/1145/2
f 532/304/3 304/97/3 531/553/3
f 33/6/5 35/1031/5 34/456/5
f 465/629/5 437/1074/5 434/1146/5
f 455/98/3 399/982/3 400/616/3
f 417/1006/1 428/553/1 355/279/1
f 59/104/6 262/360/6 260/86/6
f 555/257/2 608/156/2 556/7/2
f 562/27/2 558/413/2 609/25/2
f 611/127/1 332/936/1 566/441/1
f 575/867/3 571/9/3 526/502/3
f 165/849/3 177/1147/3 180/1148/3
f 157/1149/1 757/1150/1 731/444/1
f 98/1151/1 116/911/1 97/755/1
f 302/1046/2 517/322/2 301/993/2
f 104/758/6 201/860/6 199/1052/6
f 405/1152/4 408/1153/4 409/1154/4
f 787/955/5 421/801/5 420/1155/5
f 726/1156/6 722/851/6 679/545/6
f 330/362/3 615/856/3 570/855/3
f 155/1157/2 171/888/2 154/1158/2
f 623/830/5 353/289/5 596/1159/5
f 92/1160/3 78/228/3 89/226/3
f 204/52/4 212/15/4 213/602/4
f 158/1161/6 160/1162/6 157/1149/6
f 154/236/1 172/1163/1 153/361/1
f 262/1164/3 524/1165/3 302/1166/3
f 43/305/5 287/932/5 70/838/5
f 33/1167/2 21/1168/2 29/1169/2
f 83/383/4 95/525/4 82/1170/4
f 41/1171/6 52/140/6 44/674/6
f 133/260/6 122/680/6 124/203/6
f 710/1172/5 708/379/5 701/377/5
f 549/386/1 550/328/1 523/965/1
f 924/1066/1 929/1173/1 928/1020/1
f 750/706/2 721/1017/2 747/847/2
f 761/105/4 369/631/4 324/1122/4
f 337/233/1 314/942/1 309/944/1
f 138/998/1 156/1174/1 137/1175/1
f 894/969/3 909/626/3 891/1176/3
f 155/1157/2 139/1177/2 232/1178/2
f 940/1179/3 966/341/3 971/533/3
f 711/1180/5 713/1181/5 712/1182/5
f 721/1183/3 124/544/3 747/559/3
f 997/651/2 804/1050/2 999/1072/2
f 326/277/4 328/343/4 327/102/4
f 1001/1184/5 805/452/5 819/1185/5
f 992/821/6 985/1015/6 990/724/6
f 227/248/4 216/621/4 222/1186/4
f 964/1187/6 956/256/6 933/156/6
f 920/278/2 908/1188/2 938/779/2
f 110/1106/5 112/1091/5 111/1189/5
f 249/1190/2 179/1191/2 188/1192/2
f 835/666/2 825/381/2 834/1016/2
f 810/1193/2 1000/829/2 806/640/2
f 334/647/4 336/139/4 335/832/4
f 802/433/3 720/1194/3 719/276/3
f 935/1195/4 946/1012/4 944/244/4
f 449/963/3 388/418/3 389/264/3
f 993/535/1 986/724/1 820/821/1
f 538/427/5 536/1119/5 306/1121/5
f 416/707/5 415/277/5 414/1196/5
f 706/350/3 669/585/3 670/1197/3
f 724/1198/3 141/167/3 725/634/3
f 798/440/4 479/289/4 796/1075/4
f 407/153/5 409/434/5 408/905/5
f 105/966/5 203/835/5 90/836/5
f 378/779/4 388/280/4 387/265/4
f 244/548/1 184/1138/1 163/549/1
f 477/1199/1 495/1200/1 476/1201/1
f 839/1202/5 836/1203/5 833/1204/5
f 312/1205/6 576/1206/6 532/1207/6
f 69/1145/2 30/822/2 31/388/2
f 488/609/1 789/1208/1 487/253/1
f 156/216/5 154/1209/5 153/215/5
f 621/958/5 355/1087/5 592/645/5
f 400/1210/4 401/1211/4 403/1212/4
f 933/1213/2 957/640/2 934/1007/2
f 246/39/4 247/175/4 237/329/4
f 88/478/3 201/1127/3 193/1214/3
f 487/93/4 790/578/4 461/508/4
f 961/1215/1 972/1175/1 978/1216/1
f 725/634/5 686/401/5 681/1217/5
f 2/841/3 12/56/3 9/1218/3
f 751/619/6 127/260/6 748/926/6
f 694/90/1 703/1219/1 735/1133/1
f 355/599/1 623/568/1 592/1220/1
f 777/865/1 379/1155/1 380/641/1
f 886/807/3 889/245/3 883/806/3
f 407/1014/1 773/25/1 347/821/1
f 173/1221/1 759/1222/1 735/1133/1
f 593/1065/2 589/795/2 590/1066/2
f 26/1223/1 67/1224/1 31/1225/1
f 441/632/5 775/128/5 433/130/5
f 356/522/4 354/1226/4 355/935/4
f 445/87/1 375/744/1 367/680/1
f 152/785/2 221/1227/2 132/428/2
f 65/360/3 276/1228/3 275/829/3
f 259/352/1 58/576/1 257/111/1
f 828/1229/2 1010/1230/2 824/863/2
f 873/7/6 875/875/6 872/1231/6
f 853/1232/4 851/52/4 849/314/4
f 769/503/1 323/904/1 324/1233/1
f 792/357/6 432/59/6 431/790/6
f 333/448/6 614/1013/6 572/802/6
f 635/659/4 636/1234/4 474/657/4
f 39/409/1 29/901/1 30/558/1
f 656/393/5 690/883/5 498/337/5
f 167/406/6 147/920/6 150/1216/6
f 918/1235/5 916/1236/5 944/1237/5
f 6/806/3 16/1238/3 7/724/3
f 123/310/3 106/387/3 121/720/3
f 661/1239/1 643/250/1 493/53/1
f 88/1038/2 191/1240/2 77/1041/2
f 574/1241/1 396/1242/1 338/1243/1
f 803/625/2 1005/1244/2 1004/1245/2
f 587/1039/1 513/464/1 290/581/1
f 645/1129/4 646/767/4 494/686/4
f 121/1140/2 105/1246/2 214/1247/2
f 188/1113/6 256/833/6 251/463/6
f 822/1248/2 817/672/2 818/651/2
f 712/1249/1 802/1250/1 711/670/1
f 104/1251/2 120/429/2 207/1252/2
f 132/214/5 218/1253/5 216/216/5
f 963/117/4 952/171/4 953/1233/4
f 350/1254/5 618/929/5 585/598/5
f 458/901/1 394/1255/1 453/902/1
f 753/1256/5 157/113/5 731/1049/5
f 709/591/2 737/1257/2 705/1096/2
f 705/738/3 94/79/3 740/1258/3
f 185/960/5 247/1259/5 245/959/5
f 53/501/2 45/833/2 73/507/2
f 184/192/3 252/999/3 179/748/3
f 564/1111/3 266/569/3 504/699/3
f 404/9/6 772/1231/6 333/117/6
f 563/945/2 612/1021/2 564/412/2
f 595/934/1 601/770/1 541/458/1
f 311/494/3 340/484/3 312/922/3
f 130/938/5 128/125/5 127/1260/5
f 894/485/6 919/62/6 920/63/6
f 142/510/6 144/1261/6 141/732/6
f 360/955/5 430/427/5 358/1121/5
f 152/396/3 236/1262/3 147/395/3
f 753/1263/2 724/1002/2 725/1264/2
f 597/523/2 593/376/2 594/261/2
f 683/1265/1 651/1070/1 653/1116/1
f 108/1266/3 90/836/3 105/966/3
f 816/1267/5 807/1268/5 997/1269/5
f 68/585/2 277/484/2 66/667/2
f 903/1270/2 883/1271/2 905/1272/2
f 358/425/4 359/1273/4 360/431/4
f 20/1071/6 270/465/6 62/555/6
f 82/201/1 705/845/1 737/1156/1
f 752/1274/4 142/1003/4 141/735/4
f 754/389/6 148/677/6 726/1275/6
f 513/1276/2 289/767/2 290/303/2
f 105/1246/2 89/1042/2 206/1277/2
f 117/1162/6 119/810/6 120/808/6
f 677/1278/3 702/1279/3 721/1183/3
f 483/1075/4 795/1159/4 476/635/4
f 174/1280/6 176/1281/6 173/1221/6
f 930/1214/6 943/1026/6 926/1282/6
f 448/1283/3 367/1284/3 370/1060/3
f 721/1183/5 743/1285/5 713/1181/5
f 640/631/5 654/964/5 485/1286/5
f 716/912/6 97/755/6 741/1287/6
f 844/1280/1 736/532/1 733/813/1
f 976/321/6 962/835/6 975/1288/6
f 723/852/6 113/510/6 745/733/6
f 459/999/6 400/1283/6 406/839/6
f 756/1289/4 158/1290/4 157/1291/4
f 421/728/4 419/433/4 420/275/4
f 425/1119/6 430/934/6 424/426/6
f 380/781/4 378/265/4 377/266/4
f 589/993/6 287/1292/6 512/469/6
f 470/1293/3 473/1294/3 493/1295/3
f 621/62/2 587/1296/2 588/1109/2
f 691/1/1 699/857/1 499/2/1
f 825/4/1 829/133/1 833/5/1
f 528/7/2 532/156/2 575/8/2
f 1017/12/3 1014/453/3 1009/10/3
f 824/11/3 1010/218/3 1017/12/3
f 196/13/4 203/259/4 204/14/4
f 314/16/5 342/1048/5 341/17/5
f 188/19/5 251/1297/5 250/20/5
f 614/22/3 334/29/3 335/23/3
f 580/25/5 540/571/5 582/26/5
f 572/28/3 567/1298/3 272/23/3
f 845/30/2 848/1299/2 847/31/2
f 804/33/3 994/528/3 995/1300/3
f 806/34/3 1000/1301/3 1002/679/3
f 804/33/3 995/1300/3 806/34/3
f 998/35/3 999/1302/3 804/33/3
f 806/34/3 1002/679/3 998/35/3
f 125/36/6 126/1303/6 107/37/6
f 12/39/1 11/174/1 10/40/1
f 628/42/2 602/557/2 599/43/2
f 68/45/5 284/554/5 283/46/5
f 900/48/3 936/756/3 937/49/3
f 906/13/2 914/258/2 922/51/2
f 490/53/6 659/1239/6 655/54/6
f 734/56/4 704/92/4 703/57/4
f 944/59/1 945/298/1 902/60/1
f 932/62/6 933/109/6 934/47/6
f 490/1304/5 639/84/5 424/1305/5
f 424/1305/5 432/1023/5 464/1306/5
f 464/1306/5 492/1307/5 491/64/5
f 488/65/5 487/1308/5 461/1309/5
f 461/1309/5 429/1310/5 418/1311/5
f 418/1311/5 637/1312/5 489/1313/5
f 489/1313/5 657/1314/5 499/1315/5
f 499/1315/5 699/1316/5 700/1317/5
f 500/66/5 659/1318/5 490/1304/5
f 499/1315/5 700/1317/5 500/66/5
f 461/1309/5 418/1311/5 489/1313/5
f 488/65/5 461/1309/5 489/1313/5
f 489/1313/5 499/1315/5 500/66/5
f 490/1304/5 424/1305/5 464/1306/5
f 490/1304/5 464/1306/5 491/64/5
f 488/65/5 489/1313/5 500/66/5
f 500/66/5 490/1304/5 491/64/5
f 940/67/2 970/669/2 967/68/2
f 274/1319/6 272/1081/6 64/1320/6
f 28/1321/6 27/28/6 34/1322/6
f 66/1323/6 274/1319/6 64/1320/6
f 287/1324/6 284/1325/6 68/72/6
f 68/72/6 66/1323/6 64/1320/6
f 28/1321/6 34/1322/6 35/70/6
f 68/72/6 64/1320/6 28/1321/6
f 70/71/6 287/1324/6 68/72/6
f 68/72/6 28/1321/6 35/70/6
f 978/73/4 972/849/4 973/74/4
f 335/76/6 630/802/6 612/77/6
f 94/79/5 91/499/5 96/80/5
f 173/82/3 176/1326/3 159/83/3
f 336/85/6 390/104/6 391/86/6
f 917/90/2 918/1327/2 894/88/2
f 891/89/2 892/1328/2 917/90/2
f 515/91/2 297/985/2 294/32/2
f 710/93/4 701/134/4 718/94/4
f 461/96/1 790/172/1 427/97/1
f 482/99/5 652/1329/5 651/100/5
f 324/102/4 323/343/4 322/103/4
f 136/105/3 135/1122/3 145/106/3
f 322/108/4 381/1330/4 332/109/4
f 235/110/4 242/576/4 243/111/4
f 157/113/3 160/1331/3 143/114/3
f 281/116/2 67/875/2 65/117/2
f 319/119/6 320/636/6 606/120/6
f 353/122/1 767/1013/1 625/123/1
f 607/125/1 761/1102/1 324/126/1
f 442/128/5 438/424/5 776/129/5
f 110/38/1 125/36/1 721/131/1
f 29/133/5 32/269/5 31/93/5
f 706/1332/4 705/1096/4 707/590/4
f 706/1332/4 707/590/4 841/135/4
f 713/1333/4 714/1018/4 706/1332/4
f 722/137/4 842/1334/4 712/1335/4
f 712/1335/4 713/1333/4 706/1332/4
f 712/1335/4 706/1332/4 841/135/4
f 715/1056/4 723/504/4 722/137/4
f 708/592/4 716/1058/4 715/1056/4
f 717/136/4 708/592/4 715/1056/4
f 722/137/4 712/1335/4 841/135/4
f 717/136/4 715/1056/4 722/137/4
f 52/138/2 72/345/2 43/139/2
f 650/141/6 673/338/6 674/142/6
f 900/144/6 911/285/6 935/145/6
f 168/147/6 241/885/6 242/148/6
f 417/150/4 355/1009/4 631/151/4
f 299/153/2 75/57/2 74/154/2
f 971/156/1 969/1187/1 970/157/1
f 205/158/1 204/589/1 105/159/1
f 268/161/1 267/45/1 18/162/1
f 272/164/3 269/1011/3 20/165/3
f 141/167/3 144/1336/3 134/168/3
f 224/73/1 225/1337/1 220/83/1
f 897/171/5 896/1233/5 876/172/5
f 10/173/3 11/508/3 18/174/3
f 449/175/4 475/799/4 782/176/4
f 469/177/4 634/347/4 477/178/4
f 76/180/2 52/788/2 50/181/2
f 49/183/6 55/832/6 56/139/6
f 314/184/2 313/282/2 310/185/2
f 870/187/2 866/325/2 865/188/2
f 547/190/2 308/400/2 307/168/2
f 184/192/5 243/1338/5 242/193/5
f 548/195/6 544/535/6 308/196/6
f 459/96/4 460/815/4 456/198/4
f 95/199/6 96/1217/6 79/200/6
f 759/202/5 174/336/5 181/203/5
f 719/205/6 720/1339/6 713/206/6
f 120/208/5 103/745/5 210/209/5
f 226/211/6 227/50/6 222/212/6
f 132/214/3 221/1340/3 222/215/3
f 1007/219/5 812/511/5 818/1341/5
f 817/217/5 824/11/5 1010/218/5
f 1007/219/5 818/1341/5 817/217/5
f 760/220/2 736/986/2 735/221/2
f 708/223/1 717/1342/1 718/224/1
f 89/226/5 196/1163/5 195/227/5
f 301/155/1 517/1343/1 519/229/1
f 885/231/4 884/1344/4 883/1271/4
f 883/1271/4 889/1345/4 888/232/4
f 888/232/4 890/1346/4 895/233/4
f 895/233/4 894/88/4 891/89/4
f 885/231/4 883/1271/4 888/232/4
f 895/233/4 891/89/4 885/231/4
f 171/234/6 237/841/6 238/235/6
f 660/237/5 697/876/5 698/238/5
f 709/240/6 100/880/6 83/241/6
f 953/245/6 922/860/6 914/1347/6
f 923/243/6 941/1348/6 963/244/6
f 953/245/6 914/1347/6 923/243/6
f 190/246/1 189/994/1 77/247/1
f 579/249/5 578/53/5 577/250/5
f 783/252/3 796/1208/3 479/253/3
f 559/255/2 564/612/2 610/256/2
f 941/258/4 948/1142/4 949/259/4
f 133/260/1 750/926/1 747/204/1
f 271/261/2 267/376/2 268/262/2
f 348/264/1 420/962/1 419/265/1
f 270/155/3 265/1343/3 16/267/3
f 290/269/5 289/133/5 45/270/5
f 951/272/3 879/1349/3 865/1229/3
f 907/273/3 922/1350/3 953/382/3
f 951/272/3 865/1229/3 907/273/3
f 972/1022/3 974/1351/3 951/272/3
f 952/274/3 976/1352/3 973/1024/3
f 973/1024/3 972/1022/3 951/272/3
f 907/273/3 953/382/3 952/274/3
f 952/274/3 973/1024/3 951/272/3
f 1012/92/2 821/32/2 815/31/2
f 384/275/4 383/433/4 386/276/4
f 391/278/4 390/476/4 392/279/4
f 341/281/4 342/693/4 337/184/4
f 892/283/1 893/1353/1 886/1354/1
f 886/1354/1 883/666/1 884/284/1
f 884/284/1 900/144/1 911/285/1
f 911/285/1 916/1355/1 917/473/1
f 892/283/1 886/1354/1 884/284/1
f 911/285/1 917/473/1 892/283/1
f 786/286/4 788/954/4 463/287/4
f 359/127/5 357/441/5 624/289/5
f 549/291/2 523/573/2 518/292/2
f 345/294/1 631/926/1 621/295/1
f 986/297/1 977/722/1 973/298/1
f 516/299/2 296/187/2 295/300/2
f 544/302/2 548/172/2 603/303/2
f 286/305/5 285/838/5 39/306/5
f 441/308/4 440/681/4 767/309/4
f 906/310/6 907/936/6 865/311/6
f 718/313/3 717/1232/3 841/314/3
f 139/316/5 225/868/5 224/189/5
f 97/317/4 116/798/4 742/318/4
f 709/240/6 664/1261/6 671/320/6
f 701/225/6 708/223/6 709/240/6
f 1027/321/4 1026/268/4 1024/322/4
f 864/324/4 863/43/4 866/325/4
f 651/326/1 657/1108/1 489/327/1
f 4/329/1 3/39/1 2/41/1
f 688/330/4 687/1356/4 682/1357/4
f 689/331/4 698/1358/4 697/1359/4
f 688/330/4 682/1357/4 689/331/4
f 696/332/4 695/1360/4 688/330/4
f 689/331/4 697/1359/4 696/332/4
f 589/333/2 620/1276/2 585/303/2
f 82/334/5 79/833/5 84/335/5
f 497/142/5 684/393/5 683/337/5
f 558/339/1 557/886/1 264/340/1
f 570/342/2 565/1094/2 566/343/2
f 860/344/2 873/1008/2 872/345/2
f 485/346/4 639/638/4 490/347/4
f 714/348/5 111/1189/5 739/349/5
f 553/57/2 606/58/2 605/268/2
f 755/351/6 852/781/6 853/266/6
f 120/208/3 215/1255/3 217/353/3
f 856/1000/3 866/1361/3 870/354/3
f 870/354/3 890/1135/3 888/1136/3
f 881/355/3 869/1362/3 855/190/3
f 870/354/3 888/1136/3 881/355/3
f 855/190/3 856/1000/3 870/354/3
f 567/262/2 572/570/2 614/356/2
f 884/358/5 903/211/5 902/50/5
f 332/103/4 331/342/4 330/359/4
f 89/226/3 196/1163/3 205/361/3
f 88/363/1 193/1363/1 202/364/1
f 192/366/3 194/1364/3 190/367/3
f 264/369/1 263/116/1 12/118/1
f 382/371/6 383/639/6 384/372/6
f 644/374/3 674/757/3 665/375/3
f 701/377/3 671/1331/3 672/378/3
f 672/378/3 716/1035/3 708/379/3
f 111/380/6 112/1365/6 91/381/6
f 124/736/2 125/737/2 110/989/2
f 110/989/2 111/526/2 94/527/2
f 94/527/2 95/525/2 82/1170/2
f 83/383/2 100/319/2 97/317/2
f 97/317/2 116/798/2 113/796/2
f 113/796/2 130/1366/2 127/1367/2
f 136/1368/2 148/1369/2 149/1370/2
f 149/1370/2 164/872/2 165/1371/2
f 165/1371/2 180/480/2 181/1372/2
f 174/481/2 173/482/2 169/1373/2
f 174/481/2 169/1373/2 186/1374/2
f 186/1374/2 187/1375/2 182/1376/2
f 182/1376/2 183/1377/2 166/1378/2
f 166/1378/2 167/1379/2 150/1380/2
f 150/1380/2 151/1381/2 131/1382/2
f 118/1383/2 117/1384/2 102/1385/2
f 181/1372/2 174/481/2 186/1374/2
f 181/1372/2 186/1374/2 182/1376/2
f 181/1372/2 182/1376/2 166/1378/2
f 165/1371/2 181/1372/2 166/1378/2
f 102/1385/2 101/1386/2 86/384/2
f 86/384/2 85/1387/2 80/385/2
f 81/1388/2 92/1389/2 93/1390/2
f 165/1371/2 166/1378/2 150/1380/2
f 149/1370/2 165/1371/2 150/1380/2
f 93/1390/2 108/1391/2 109/1392/2
f 109/1392/2 123/1393/2 140/1394/2
f 140/1394/2 137/1395/2 133/1004/2
f 140/1394/2 133/1004/2 124/736/2
f 136/1368/2 149/1370/2 150/1380/2
f 136/1368/2 150/1380/2 131/1382/2
f 127/1367/2 136/1368/2 131/1382/2
f 127/1367/2 131/1382/2 118/1383/2
f 127/1367/2 118/1383/2 102/1385/2
f 113/796/2 127/1367/2 102/1385/2
f 109/1392/2 140/1394/2 124/736/2
f 109/1392/2 124/736/2 110/989/2
f 93/1390/2 109/1392/2 110/989/2
f 93/1390/2 110/989/2 94/527/2
f 81/1388/2 93/1390/2 94/527/2
f 81/1388/2 94/527/2 82/1170/2
f 113/796/2 102/1385/2 86/384/2
f 97/317/2 113/796/2 86/384/2
f 80/385/2 81/1388/2 82/1170/2
f 83/383/2 97/317/2 86/384/2
f 80/385/2 82/1170/2 83/383/2
f 466/164/1 465/491/1 434/386/1
f 594/387/5 593/853/5 514/388/5
f 534/390/5 533/834/5 305/391/5
f 598/392/2 604/778/2 626/393/2
f 151/394/5 150/1396/5 147/395/5
f 726/397/5 148/107/5 136/105/5
f 626/399/6 768/682/6 359/400/6
f 890/402/1 870/1397/1 879/403/1
f 879/403/1 951/205/1 950/1398/1
f 908/404/1 912/169/1 895/633/1
f 879/403/1 950/1398/1 908/404/1
f 908/404/1 895/633/1 890/402/1
f 859/407/1 730/1055/1 842/20/1
f 843/405/1 847/1399/1 854/1216/1
f 859/407/1 842/20/1 843/405/1
f 843/405/1 854/1216/1 855/406/1
f 898/408/2 921/443/2 896/409/2
f 566/411/2 561/945/2 562/412/2
f 679/1400/4 678/1401/4 672/1402/4
f 672/1402/4 671/1403/4 664/414/4
f 663/415/4 670/1404/4 669/1405/4
f 669/1405/4 677/1406/4 676/1407/4
f 681/1408/4 686/1409/4 685/1410/4
f 685/1410/4 694/1411/4 693/1412/4
f 696/332/4 697/1359/4 700/1413/4
f 693/1412/4 696/332/4 700/1413/4
f 700/1413/4 699/1414/4 691/1415/4
f 691/1415/4 692/1416/4 683/1417/4
f 683/1417/4 684/1418/4 675/1419/4
f 668/1420/4 667/1421/4 662/1422/4
f 693/1412/4 700/1413/4 691/1415/4
f 685/1410/4 693/1412/4 691/1415/4
f 662/1422/4 661/1423/4 666/416/4
f 665/1424/4 674/1425/4 673/1426/4
f 685/1410/4 691/1415/4 683/1417/4
f 681/1408/4 685/1410/4 683/1417/4
f 673/1426/4 680/1427/4 690/1428/4
f 690/1428/4 689/331/4 682/1357/4
f 690/1428/4 682/1357/4 679/1400/4
f 681/1408/4 683/1417/4 675/1419/4
f 676/1407/4 681/1408/4 675/1419/4
f 676/1407/4 675/1419/4 668/1420/4
f 669/1405/4 676/1407/4 668/1420/4
f 673/1426/4 690/1428/4 679/1400/4
f 673/1426/4 679/1400/4 672/1402/4
f 665/1424/4 673/1426/4 672/1402/4
f 665/1424/4 672/1402/4 664/414/4
f 669/1405/4 668/1420/4 662/1422/4
f 663/415/4 669/1405/4 662/1422/4
f 666/416/4 665/1424/4 664/414/4
f 663/415/4 662/1422/4 666/416/4
f 328/417/3 325/455/3 384/112/3
f 597/418/6 594/617/6 296/419/6
f 194/420/4 193/511/4 189/421/4
f 764/129/4 402/176/4 404/423/4
f 269/425/2 272/935/2 506/426/2
f 132/428/2 215/1429/2 120/429/2
f 468/92/4 467/91/4 465/153/4
f 243/431/4 250/1273/4 251/432/4
f 832/434/6 1021/905/6 1022/101/6
f 441/435/1 433/371/1 439/87/1
f 725/437/1 681/1430/1 676/80/1
f 915/151/6 946/605/6 947/438/6
f 865/311/1 866/312/1 856/440/1
f 3/442/2 4/271/2 57/409/2
f 731/444/6 157/1149/6 752/445/6
f 358/16/5 632/18/5 622/447/5
f 591/419/1 596/184/1 515/449/1
f 819/1185/3 1006/1431/3 1011/453/3
f 1011/453/3 1008/28/3 1005/1432/3
f 1011/453/3 1005/1432/3 816/1267/3
f 805/452/3 819/1185/3 1011/453/3
f 1011/453/3 816/1267/3 803/451/3
f 228/454/4 234/110/4 235/112/4
f 778/254/4 471/253/4 450/456/4
f 784/458/3 451/1119/3 392/61/3
f 171/460/5 240/228/5 239/227/5
f 52/462/5 292/1171/5 291/183/5
f 463/458/5 788/770/5 423/59/5
f 18/397/3 267/106/3 271/464/3
f 669/466/1 714/903/1 713/206/1
f 702/207/1 677/1433/1 669/466/1
f 139/316/3 138/902/3 230/324/3
f 197/364/1 196/861/1 89/467/1
f 168/468/3 235/1434/3 244/323/3
f 958/411/6 959/946/6 960/470/6
f 902/473/2 945/492/2 916/471/2
f 911/472/2 900/764/2 902/473/2
f 201/474/4 200/1130/4 202/475/4
f 189/477/5 193/1214/5 88/478/5
f 180/480/4 181/1372/4 174/481/4
f 344/350/5 343/1435/5 315/483/5
f 881/255/6 888/1109/6 889/485/6
f 592/487/5 591/582/5 293/488/5
f 554/490/6 524/328/6 555/326/6
f 1013/494/1 1012/709/1 1003/1436/1
f 1003/1436/1 1004/471/1 1005/492/1
f 1005/492/1 1008/1437/1 1009/493/1
f 1009/493/1 1014/922/1 1013/494/1
f 1013/494/1 1003/1436/1 1005/492/1
f 642/495/4 648/630/4 495/496/4
f 572/1438/6 508/1439/6 278/1440/6
f 278/1440/6 277/1441/6 282/1442/6
f 283/498/6 510/1443/6 585/499/6
f 278/1440/6 282/1442/6 283/498/6
f 526/1444/6 571/1445/6 572/1438/6
f 304/1446/6 528/1447/6 526/1444/6
f 540/1448/6 538/1449/6 306/500/6
f 304/1446/7 526/1444/7 572/1438/7
f 304/1446/6 572/1438/6 278/1440/6
f 585/499/6 582/1450/6 540/1448/6
f 306/500/6 304/1446/6 278/1440/6
f 585/499/8 540/1448/8 306/500/8
f 306/500/6 278/1440/6 283/498/6
f 826/501/6 835/435/6 836/371/6
f 771/117/1 395/9/1 397/502/1
f 751/506/2 748/1451/2 723/504/2
f 723/504/2 722/137/2 726/505/2
f 968/507/5 982/832/5 984/373/5
f 21/269/3 22/93/3 26/508/3
f 114/320/1 129/403/1 130/509/1
f 59/219/2 260/1452/2 257/420/2
f 793/512/1 470/556/1 471/513/1
f 80/514/1 77/247/1 78/515/1
f 316/517/2 315/161/2 311/163/2
f 185/519/6 245/569/6 246/520/6
f 75/522/6 299/261/6 300/523/6
f 95/525/4 739/1453/4 111/526/4
f 77/479/3 189/477/3 197/528/3
f 760/530/6 181/771/6 180/531/6
f 108/533/1 105/159/1 106/534/1
f 872/195/3 875/412/3 863/413/3
f 930/46/5 926/439/5 933/151/5
f 367/1454/4 375/1455/4 380/20/4
f 380/20/4 769/21/4 366/1456/4
f 366/1456/4 365/1457/4 374/537/4
f 373/538/4 770/1302/4 385/35/4
f 367/1454/4 380/20/4 366/1456/4
f 385/35/4 376/1458/4 370/536/4
f 367/1454/4 366/1456/4 374/537/4
f 373/538/4 385/35/4 370/536/4
f 370/536/4 367/1454/4 374/537/4
f 149/392/3 146/778/3 161/539/3
f 255/541/2 188/1192/2 185/542/2
f 124/544/5 122/800/5 126/545/5
f 493/174/4 643/286/4 642/288/4
f 961/476/2 950/474/2 951/547/2
f 171/234/1 237/841/1 247/548/1
f 486/1459/6 484/1460/6 463/1461/6
f 463/1461/6 426/1462/6 424/1364/6
f 424/1364/6 639/1463/6 485/1464/6
f 485/1464/6 654/1465/6 498/1466/6
f 498/1466/6 690/1467/6 680/1468/6
f 496/550/6 649/1469/6 480/1470/6
f 498/1466/6 680/1468/6 496/550/6
f 463/1461/6 424/1364/6 485/1464/6
f 486/1459/6 463/1461/6 485/1464/6
f 485/1464/6 498/1466/6 496/550/6
f 480/1470/6 635/1471/6 383/551/6
f 486/1459/6 485/1464/6 496/550/6
f 451/552/6 478/1472/6 479/1473/6
f 479/1473/6 486/1459/6 496/550/6
f 496/550/6 480/1470/6 383/551/6
f 383/551/6 392/1474/6 451/552/6
f 451/552/6 479/1473/6 496/550/6
f 268/304/2 263/686/2 264/475/2
f 12/554/3 263/1071/3 268/555/3
f 472/556/6 473/252/6 794/254/6
f 897/410/4 898/408/4 899/557/4
f 741/559/3 97/544/3 100/560/3
f 317/562/3 605/1475/3 606/563/3
f 931/567/2 928/1476/2 929/1477/2
f 929/1477/2 914/1478/2 913/565/2
f 913/565/2 942/1030/2 930/566/2
f 930/566/2 932/690/2 931/567/2
f 931/567/2 929/1477/2 913/565/2
f 223/568/4 224/1220/4 219/520/4
f 538/570/2 540/374/2 580/26/2
f 658/292/4 499/512/4 657/572/4
f 527/249/3 530/734/3 529/91/3
f 67/575/5 281/110/5 280/576/5
f 785/578/5 797/1479/5 483/579/5
f 377/185/1 378/14/1 381/15/1
f 590/581/5 589/464/5 512/582/5
f 983/585/2 959/667/2 956/668/2
f 965/583/2 966/1027/2 968/584/2
f 983/585/2 956/668/2 965/583/2
f 757/586/5 158/84/5 173/82/5
f 105/159/6 106/534/6 211/588/6
f 707/590/4 705/1096/4 709/591/4
f 187/593/6 188/1113/6 179/594/6
f 882/43/2 878/694/2 871/596/2
f 624/597/6 357/929/6 358/598/6
f 583/518/1 588/163/1 511/600/1
f 15/602/2 20/52/2 62/314/2
f 784/604/4 783/513/4 478/292/4
f 996/605/6 810/977/6 806/606/6
f 711/607/4 802/1137/4 719/608/4
f 152/396/5 228/772/5 227/610/5
f 1025/612/1 1024/820/1 837/613/1
f 442/614/4 359/884/4 768/3/4
f 343/616/4 344/982/4 340/617/4
f 815/1480/1 821/761/1 989/618/1
f 989/618/1 807/246/1 803/619/1
f 808/620/1 815/1480/1 989/618/1
f 843/1481/3 842/1482/3 722/621/3
f 722/621/3 749/1483/3 846/622/3
f 846/622/3 853/295/3 849/296/3
f 845/623/3 843/1481/3 722/621/3
f 846/622/3 849/296/3 845/623/3
f 998/626/4 1002/1484/4 819/844/4
f 998/626/4 819/844/4 805/624/4
f 803/625/4 816/1485/4 998/626/4
f 904/412/1 902/1021/1 903/627/1
f 794/628/4 473/202/4 470/595/4
f 480/630/3 649/1286/3 644/631/3
f 909/42/3 947/329/3 935/130/3
f 750/633/5 133/169/5 141/167/5
f 332/635/3 329/1159/3 613/636/3
f 649/637/4 496/891/4 650/638/4
f 230/639/4 229/829/4 231/640/4
f 135/641/1 136/1486/1 127/260/1
f 131/643/3 132/214/3 119/644/3
f 331/373/3 388/372/3 771/646/3
f 454/1487/1 398/170/1 388/1317/1
f 388/1317/1 781/1488/1 782/1489/1
f 782/1489/1 795/1490/1 797/649/1
f 785/650/1 787/1491/1 420/73/1
f 454/1487/1 388/1317/1 782/1489/1
f 420/73/1 411/1492/1 457/648/1
f 454/1487/1 782/1489/1 797/649/1
f 785/650/1 420/73/1 457/648/1
f 457/648/1 454/1487/1 797/649/1
f 791/651/6 800/1248/6 491/652/6
f 139/653/6 223/1493/6 212/654/6
f 929/656/3 925/659/3 923/657/3
f 509/45/2 286/47/2 279/485/2
f 804/659/1 807/179/1 972/660/1
f 382/661/3 335/111/3 391/352/3
f 116/662/5 115/1494/5 114/663/5
f 884/284/6 900/144/6 901/665/6
f 954/669/4 960/1495/4 959/667/4
f 956/668/4 955/1496/4 954/669/4
f 801/670/6 841/1249/6 707/671/6
f 18/673/2 11/138/2 12/140/2
f 183/461/6 184/1138/6 163/549/6
f 23/675/3 27/457/3 28/456/3
f 145/310/1 146/1497/1 149/676/1
f 325/469/6 326/1292/6 610/678/6
f 264/501/2 258/436/2 259/680/2
f 725/437/6 141/732/6 125/36/6
f 369/44/3 366/128/3 769/681/3
f 347/682/1 346/16/1 619/448/1
f 410/683/1 765/1498/1 617/1499/1
f 578/684/1 579/1500/1 534/1501/1
f 410/683/1 617/1499/1 578/684/1
f 313/685/1 341/1502/1 410/683/1
f 578/684/1 534/1501/1 313/685/1
f 336/197/3 333/182/3 772/627/3
f 511/303/2 290/767/2 285/686/2
f 1001/434/6 819/99/6 1002/637/6
f 443/1503/5 768/1022/5 626/1504/5
f 626/1504/5 604/1505/5 364/1506/5
f 443/1503/5 626/1504/5 364/1506/5
f 439/1310/5 444/1507/5 443/1503/5
f 625/1427/5 767/1428/5 440/689/5
f 439/1310/5 443/1503/5 364/1506/5
f 439/1310/5 364/1506/5 362/1508/5
f 600/688/5 625/1427/5 440/689/5
f 440/689/5 439/1310/5 362/1508/5
f 599/687/5 545/702/5 601/1509/5
f 440/689/5 362/1508/5 599/687/5
f 599/687/5 601/1509/5 600/688/5
f 942/692/5 913/567/5 941/690/5
f 941/690/5 940/1179/5 943/691/5
f 442/693/6 443/281/6 444/264/6
f 876/558/4 877/557/4 878/694/4
f 356/309/1 427/1070/1 775/695/1
f 365/1510/3 368/1511/3 552/899/3
f 365/1510/3 552/899/3 318/1512/3
f 371/1513/3 374/1514/3 365/1510/3
f 608/705/3 762/24/3 371/1513/3
f 522/698/3 554/1515/3 556/1516/3
f 556/1516/3 608/705/3 371/1513/3
f 365/1510/3 318/1512/3 319/1517/3
f 553/696/3 519/1518/3 517/697/3
f 371/1513/3 365/1510/3 319/1517/3
f 371/1513/3 319/1517/3 553/696/3
f 522/698/3 556/1516/3 371/1513/3
f 517/697/3 520/1519/3 522/698/3
f 522/698/3 371/1513/3 553/696/3
f 185/519/1 245/569/1 253/699/1
f 364/1506/5 604/1505/5 603/1520/5
f 548/701/5 547/1521/5 546/843/5
f 602/703/5 364/1506/5 603/1520/5
f 545/702/5 599/687/5 602/703/5
f 548/701/5 546/843/5 545/702/5
f 602/703/5 603/1520/5 548/701/5
f 898/704/6 897/1124/6 871/705/6
f 535/707/2 305/1196/2 303/708/2
f 324/636/3 321/831/3 609/709/3
f 794/712/3 793/921/3 778/1522/3
f 778/1522/3 777/1523/3 380/1524/3
f 380/1524/3 375/1525/3 446/1526/3
f 447/710/3 376/12/3 385/1272/3
f 778/1522/3 380/1524/3 446/1526/3
f 794/712/3 778/1522/3 446/1526/3
f 385/1272/3 780/1527/3 779/711/3
f 794/712/3 446/1526/3 447/710/3
f 447/710/3 385/1272/3 779/711/3
f 251/148/4 256/722/4 253/60/4
f 799/716/5 800/1528/5 791/1529/5
f 791/1529/5 792/1530/5 431/943/5
f 431/943/5 436/1531/5 468/1532/5
f 466/714/5 435/1533/5 427/1534/5
f 791/1529/5 431/943/5 468/1532/5
f 799/716/5 791/1529/5 468/1532/5
f 427/1534/5 790/1452/5 789/715/5
f 799/716/5 468/1532/5 466/714/5
f 466/714/5 427/1534/5 789/715/5
f 104/717/3 207/1535/3 209/718/3
f 121/720/5 212/1076/5 211/721/5
f 981/724/3 980/297/3 955/722/3
f 956/723/3 959/806/3 981/724/3
f 914/1536/6 863/1537/6 876/1538/6
f 896/725/6 921/1539/6 948/122/6
f 914/1536/6 876/1538/6 896/725/6
f 948/122/6 941/846/6 913/726/6
f 913/726/6 914/1536/6 896/725/6
f 1004/557/5 1003/42/5 815/40/5
f 172/727/5 171/460/5 170/49/5
f 265/431/2 270/425/2 504/427/2
f 26/165/2 22/166/2 18/106/2
f 757/729/2 735/221/2 729/730/2
f 217/259/4 216/454/4 218/455/4
f 141/732/1 142/510/1 753/733/1
f 521/55/2 524/53/2 554/249/2
f 141/735/4 133/1004/4 124/736/4
f 705/738/5 95/81/5 100/560/5
f 348/631/5 347/1122/5 773/739/5
f 53/741/5 73/71/5 293/1324/5
f 293/1324/5 294/1540/5 74/1541/5
f 75/742/5 295/1542/5 296/1543/5
f 53/741/5 293/1324/5 74/1541/5
f 75/742/5 296/1543/5 76/1544/5
f 53/741/5 74/1541/5 75/742/5
f 55/1545/5 54/1546/5 53/741/5
f 75/742/5 76/1544/5 56/743/5
f 56/743/5 55/1545/5 53/741/5
f 447/707/6 448/85/6 370/744/6
f 171/460/3 170/49/3 246/745/3
f 296/185/6 292/186/6 52/746/6
f 183/719/5 182/839/5 179/748/5
f 838/749/3 1020/1547/3 830/1548/3
f 838/749/3 830/1548/3 829/1549/3
f 1027/1550/3 1025/697/3 838/749/3
f 832/1551/3 1023/1552/3 840/751/3
f 840/751/3 1027/1550/3 838/749/3
f 838/749/3 829/1549/3 831/750/3
f 831/750/3 832/1551/3 840/751/3
f 736/752/3 180/1148/3 173/82/3
f 966/753/1 943/1026/1 926/1282/1
f 926/1282/1 927/1301/1 954/679/1
f 955/754/1 980/394/1 982/755/1
f 926/1282/1 954/679/1 955/754/1
f 982/755/1 968/1287/1 966/753/1
f 966/753/1 926/1282/1 955/754/1
f 381/112/3 378/111/3 387/661/3
f 189/329/4 195/175/4 196/129/4
f 117/756/3 120/208/3 103/745/3
f 780/26/4 452/1553/4 472/757/4
f 323/14/3 380/455/3 377/417/3
f 104/758/1 200/1347/1 210/158/1
f 170/521/1 185/519/1 186/759/1
f 838/315/4 837/314/4 1018/603/4
f 333/761/3 572/516/3 616/762/3
f 909/763/4 911/472/4 900/764/4
f 364/43/4 363/44/4 361/299/4
f 655/766/4 659/239/4 500/237/4
f 943/69/2 964/1554/2 933/768/2
f 603/357/6 604/262/6 598/263/6
f 177/358/1 178/842/1 181/771/1
f 167/772/5 166/1262/5 163/469/5
f 162/1555/4 161/1556/4 146/1557/4
f 146/1557/4 147/882/4 168/881/4
f 163/973/4 184/972/4 179/1191/4
f 146/1557/4 168/881/4 163/973/4
f 178/1558/4 177/1559/4 162/1555/4
f 162/1555/4 146/1557/4 163/973/4
f 179/1191/4 188/1192/4 185/542/4
f 162/1555/4 163/973/4 179/1191/4
f 178/1558/4 162/1555/4 179/1191/4
f 170/773/4 171/888/4 154/1158/4
f 154/1158/4 155/1157/4 138/1560/4
f 143/1561/4 160/1562/4 159/1563/4
f 154/1158/4 138/1560/4 143/1561/4
f 170/773/4 154/1158/4 143/1561/4
f 159/1563/4 176/1564/4 175/774/4
f 170/773/4 143/1561/4 159/1563/4
f 178/1558/4 179/1191/4 185/542/4
f 170/773/4 159/1563/4 175/774/4
f 175/774/4 178/1558/4 185/542/4
f 1021/775/2 832/1565/2 831/776/2
f 306/306/2 536/615/2 531/778/2
f 868/779/2 859/1188/2 855/780/2
f 648/782/3 668/1143/3 675/783/3
f 964/784/5 943/691/5 966/341/5
f 134/1566/4 144/1567/4 143/1561/4
f 138/1560/4 139/1177/4 121/1140/4
f 134/1566/4 143/1561/4 138/1560/4
f 107/1568/4 126/1569/4 122/1570/4
f 134/1566/4 138/1560/4 121/1140/4
f 122/1570/4 134/1566/4 121/1140/4
f 106/1571/4 105/1246/4 90/1572/4
f 122/1570/4 121/1140/4 106/1571/4
f 91/1573/4 112/1574/4 107/1568/4
f 107/1568/4 122/1570/4 106/1571/4
f 90/1572/4 89/1042/4 78/1043/4
f 107/1568/4 106/1571/4 90/1572/4
f 79/1575/4 96/1576/4 91/1573/4
f 91/1573/4 107/1568/4 90/1572/4
f 78/1043/4 77/1041/4 88/1038/4
f 91/1573/4 90/1572/4 78/1043/4
f 79/1575/4 91/1573/4 78/1043/4
f 87/1036/4 104/1251/4 103/1577/4
f 103/1577/4 120/429/4 119/430/4
f 119/430/4 132/428/4 152/785/4
f 147/882/4 146/1557/4 145/1578/4
f 79/1575/4 78/1043/4 88/1038/4
f 98/1579/4 99/1580/4 84/1581/4
f 84/1581/4 79/1575/4 88/1038/4
f 84/1581/4 88/1038/4 87/1036/4
f 114/1582/4 115/1583/4 98/1579/4
f 98/1579/4 84/1581/4 87/1036/4
f 98/1579/4 87/1036/4 103/1577/4
f 128/786/4 129/1584/4 114/1582/4
f 114/1582/4 98/1579/4 103/1577/4
f 152/785/4 147/882/4 145/1578/4
f 152/785/4 145/1578/4 135/1585/4
f 114/1582/4 103/1577/4 119/430/4
f 152/785/4 135/1585/4 128/786/4
f 128/786/4 114/1582/4 119/430/4
f 47/787/1 48/747/1 53/602/1
f 454/658/3 453/1173/3 394/788/3
f 881/357/1 880/356/1 868/297/1
f 397/791/3 395/434/3 393/230/3
f 586/792/5 585/487/5 510/489/5
f 630/657/4 335/1234/4 382/794/4
f 113/796/4 130/1366/4 746/797/4
f 416/175/4 414/288/4 766/287/4
f 100/560/5 99/1430/5 98/800/5
f 47/761/5 46/1486/5 45/641/5
f 612/76/3 630/447/3 325/448/3
f 287/803/2 510/619/2 283/248/2
f 933/805/5 956/723/5 959/806/5
f 120/808/1 208/1586/1 218/809/1
f 704/811/6 695/1083/6 696/812/6
f 696/812/6 736/532/6 733/813/6
f 899/814/5 898/171/5 878/96/5
f 427/1081/4 435/1319/4 434/816/4
f 437/817/4 436/1325/4 431/1324/4
f 431/1324/4 776/529/4 438/1587/4
f 438/1587/4 444/1588/4 439/818/4
f 433/1589/4 775/1590/4 427/1081/4
f 437/817/4 431/1324/4 438/1587/4
f 433/1589/4 427/1081/4 434/816/4
f 437/817/4 438/1587/4 439/818/4
f 439/818/4 433/1589/4 434/816/4
f 970/612/5 969/1296/5 968/819/5
f 416/821/6 350/535/6 774/413/6
f 732/822/5 164/540/5 149/392/5
f 987/824/3 811/177/3 814/179/3
f 738/202/3 83/336/3 82/334/3
f 732/828/5 688/1591/5 695/826/5
f 704/827/5 733/889/5 732/828/5
f 238/86/4 237/360/4 239/829/4
f 610/636/3 326/1159/3 327/830/3
f 45/463/1 289/183/1 293/832/1
f 360/681/6 359/128/6 776/424/6
f 617/782/2 584/1116/2 577/834/2
f 120/808/6 208/1586/6 209/835/6
f 16/116/6 265/162/6 266/163/6
f 6/291/6 7/573/6 8/837/6
f 467/823/6 468/822/6 436/164/6
f 104/717/5 87/1077/5 202/839/5
f 909/470/6 910/1553/6 885/26/6
f 18/31/1 22/1299/1 21/840/1
f 885/842/3 910/1284/3 900/48/3
f 805/624/2 812/1592/2 1007/843/2
f 1007/843/2 1006/864/2 819/844/2
f 705/845/1 706/1051/1 670/122/1
f 871/705/1 878/706/1 862/847/1
f 981/809/4 984/56/4 982/58/4
f 736/752/5 180/1148/5 165/849/5
f 130/509/1 749/1593/1 722/851/1
f 914/305/3 906/718/3 866/387/3
f 152/854/6 233/908/6 234/855/6
f 481/857/4 462/604/4 787/293/4
f 291/376/2 512/374/2 287/570/2
f 573/858/2 530/823/2 527/143/2
f 89/467/6 90/1052/6 203/860/6
f 1009/864/4 1008/1594/4 1011/862/4
f 1011/862/4 1010/1230/4 824/863/4
f 417/865/5 345/1196/5 419/277/5
f 464/866/4 792/157/4 791/8/4
f 898/840/5 949/30/5 948/187/5
f 228/856/1 152/854/1 132/869/1
f 755/1595/4 846/1596/4 749/871/4
f 749/871/4 130/1366/4 127/1367/4
f 127/1367/4 136/1368/4 148/1369/4
f 148/1369/4 149/1370/4 164/872/4
f 164/872/4 165/1371/4 180/480/4
f 180/480/4 844/1597/4 755/1595/4
f 749/871/4 127/1367/4 148/1369/4
f 180/480/4 755/1595/4 749/871/4
f 749/871/4 148/1369/4 164/872/4
f 49/245/5 50/1238/5 52/873/5
f 37/874/1 38/787/1 45/603/1
f 860/875/5 876/486/5 874/255/5
f 732/867/2 754/866/2 726/238/2
f 584/450/5 583/449/5 286/877/5
f 84/879/1 99/466/1 100/880/1
f 168/881/2 233/1598/2 152/785/2
f 655/883/6 698/2/6 689/3/6
f 71/345/2 45/1007/2 38/646/2
f 491/860/4 800/1599/4 799/148/4
f 878/789/5 877/1600/5 861/886/5
f 615/251/2 574/250/2 569/782/2
f 248/887/2 185/542/2 170/773/2
f 733/889/3 729/975/3 703/890/3
f 634/99/3 642/1329/3 647/891/3
f 412/1601/6 423/1602/6 788/1028/6
f 786/1603/6 798/1604/6 796/892/6
f 412/1601/6 788/1028/6 786/1603/6
f 460/1605/6 412/1601/6 786/1603/6
f 783/893/6 784/1606/6 390/1607/6
f 390/1607/6 399/1608/6 456/894/6
f 460/1605/6 786/1603/6 796/892/6
f 783/893/6 390/1607/6 456/894/6
f 456/894/6 460/1605/6 796/892/6
f 60/1609/3 266/1610/3 261/1611/3
f 60/1609/3 261/1611/3 59/1612/3
f 1/1613/3 5/1614/3 8/897/3
f 8/897/3 60/1609/3 59/1612/3
f 58/1615/3 258/1616/3 264/895/3
f 8/897/3 59/1612/3 58/1615/3
f 4/896/3 1/1613/3 8/897/3
f 264/895/3 57/1617/3 4/896/3
f 8/897/3 58/1615/3 264/895/3
f 551/898/3 549/1618/3 519/1518/3
f 519/1518/3 553/696/3 552/899/3
f 552/899/3 368/1511/3 761/900/3
f 761/900/3 607/1619/3 551/898/3
f 551/898/3 519/1518/3 552/899/3
f 23/901/6 24/558/6 20/324/6
f 713/206/6 743/1620/6 111/380/6
f 296/502/2 514/867/2 291/876/2
f 607/905/2 558/101/2 550/906/2
f 728/908/6 703/1219/6 729/909/6
f 732/865/6 727/1196/6 687/708/6
f 667/143/1 668/141/1 648/910/1
f 116/911/1 746/445/1 715/446/1
f 423/476/4 422/475/4 424/553/4
f 484/95/5 486/579/5 798/652/5
f 653/906/4 651/1621/4 652/100/4
f 415/1622/6 340/1623/6 344/913/6
f 344/913/6 316/1624/6 580/1625/6
f 581/914/6 618/1626/6 766/368/6
f 344/913/6 580/1625/6 581/914/6
f 414/915/6 415/1622/6 344/913/6
f 581/914/6 766/368/6 414/915/6
f 85/916/6 86/1627/6 87/365/6
f 213/218/1 212/654/1 121/655/1
f 155/918/1 229/1628/1 239/919/1
f 151/712/6 152/854/6 132/869/6
f 763/778/4 330/393/4 397/884/4
f 351/667/5 349/484/5 620/922/5
f 588/601/5 587/600/5 290/814/5
f 622/925/6 632/803/6 351/926/6
f 708/592/2 716/1058/2 741/927/2
f 521/907/6 522/905/6 520/153/6
f 568/814/3 563/924/3 270/929/3
f 39/931/1 285/4/1 290/6/1
f 973/74/9 976/1629/9 996/933/9
f 996/933/2 995/492/2 994/850/2
f 994/850/2 972/849/2 973/74/2
f 429/934/4 427/522/4 428/935/4
f 322/839/3 629/1101/3 611/126/3
f 715/937/5 746/1630/5 130/938/5
f 715/446/6 716/912/6 672/940/6
f 363/942/5 628/1631/5 627/943/5
f 839/945/6 1026/1632/6 1027/946/6
f 619/947/5 346/1084/5 345/321/5
f 161/166/1 162/386/1 165/739/1
f 14/573/6 15/572/6 16/932/6
f 276/162/2 273/485/2 271/875/2
f 515/1633/5 596/1484/5 595/1594/5
f 541/1634/5 542/1635/5 307/1636/5
f 515/1633/5 595/1594/5 541/1634/5
f 299/1637/5 298/1638/5 297/1639/5
f 297/1639/5 515/1633/5 541/1634/5
f 297/1639/5 541/1634/5 307/1636/5
f 300/951/5 299/1637/5 297/1639/5
f 597/37/5 516/1640/5 300/951/5
f 543/950/5 598/1641/5 597/37/5
f 308/949/5 544/1642/5 543/950/5
f 297/1639/5 307/1636/5 308/949/5
f 543/950/5 597/37/5 300/951/5
f 300/951/5 297/1639/5 308/949/5
f 372/952/6 373/660/6 374/656/6
f 475/578/3 476/1479/3 795/954/3
f 425/865/5 424/275/5 422/728/5
f 254/956/5 253/1146/5 256/957/5
f 188/19/3 251/1297/3 245/959/3
f 638/179/4 489/178/4 637/961/4
f 352/962/6 351/265/6 422/280/6
f 498/964/4 654/1643/4 655/965/4
f 651/572/5 692/457/5 691/254/5
f 14/932/3 19/572/3 20/457/3
f 105/966/3 204/1644/3 213/967/3
f 894/969/5 895/1645/5 867/1646/5
f 867/1646/5 871/1647/5 850/970/5
f 851/1648/5 852/1649/5 755/1650/5
f 894/969/10 867/1646/10 850/970/10
f 850/970/5 851/1648/5 755/1650/5
f 844/1651/5 734/1652/5 728/1653/5
f 850/970/5 755/1650/5 844/1651/5
f 893/1654/5 892/1381/5 891/1176/5
f 859/971/5 868/1655/5 880/1656/5
f 880/1656/5 893/1654/5 891/1176/5
f 850/970/5 844/1651/5 728/1653/5
f 850/970/5 728/1653/5 730/1657/5
f 880/1656/5 891/1176/5 894/969/5
f 850/970/5 730/1657/5 859/971/5
f 859/971/5 880/1656/5 894/969/5
f 184/972/2 241/1658/2 168/881/2
f 16/182/2 60/181/2 8/974/2
f 348/577/4 345/1068/4 346/351/4
f 685/976/5 731/1049/5 729/975/5
f 703/890/5 694/1659/5 685/976/5
f 641/977/1 642/1079/1 634/978/1
f 559/235/6 560/1218/6 502/979/6
f 457/438/4 458/1071/4 453/554/4
f 343/645/6 339/663/6 311/980/6
f 561/982/3 566/1029/3 505/983/3
f 601/249/2 545/251/2 542/985/2
f 736/986/2 758/1660/2 732/987/2
f 111/526/4 743/1661/4 125/737/4
f 121/720/3 212/1076/3 219/990/3
f 458/660/5 457/824/5 411/992/5
f 77/247/6 78/515/6 195/618/6
f 627/995/1 599/1254/1 362/996/1
f 155/918/6 229/1628/6 230/713/6
f 33/999/6 42/193/6 43/271/6
f 66/400/3 277/682/3 278/1000/3
f 725/1264/4 721/1017/4 713/1333/4
f 720/1001/4 842/1334/4 730/1662/4
f 725/1264/4 713/1333/4 720/1001/4
f 729/730/4 731/731/4 724/1002/4
f 724/1002/4 725/1264/4 720/1001/4
f 720/1001/4 730/1662/4 729/730/4
f 172/1663/2 169/1373/2 173/482/2
f 158/1290/2 157/1291/2 142/1003/2
f 172/1663/2 173/482/2 158/1290/2
f 137/1395/2 156/1664/2 153/1005/2
f 153/1005/2 172/1663/2 158/1290/2
f 142/1003/2 141/735/2 133/1004/2
f 153/1005/2 158/1290/2 142/1003/2
f 133/1004/2 137/1395/2 153/1005/2
f 579/392/2 539/142/2 533/143/2
f 356/280/5 355/963/5 428/1006/5
f 875/1007/4 874/1213/4 876/1008/4
f 351/1009/4 632/978/4 358/605/4
f 862/1010/2 861/344/2 851/138/2
f 24/388/2 28/822/2 64/164/2
f 387/639/1 388/86/1 331/87/1
f 448/1012/4 447/789/4 446/873/4
f 338/399/3 337/401/3 309/122/3
f 867/297/1 895/356/1 899/1014/1
f 291/747/6 288/746/6 43/877/6
f 404/85/3 402/707/3 403/102/3
f 736/752/5 696/1665/5 693/1016/5
f 721/1017/2 713/1333/2 714/1018/2
f 883/1020/3 901/1066/3 904/1021/3
f 972/1022/5 807/1666/5 809/1023/5
f 967/1025/6 968/1287/6 966/753/6
f 966/1027/4 968/584/4 969/943/4
f 567/930/6 568/929/6 506/1029/6
f 101/1030/6 102/1667/6 103/160/6
f 857/253/4 856/609/4 855/1031/4
f 625/834/2 600/309/2 595/299/2
f 352/182/5 423/627/5 774/1020/5
f 155/1033/3 154/1209/3 238/294/3
f 745/1034/3 113/664/3 116/662/3
f 628/997/6 363/489/6 364/793/6
f 87/1036/2 104/1251/2 199/1037/2
f 593/388/6 590/389/6 291/1039/6
f 100/880/1 742/1668/1 708/223/1
f 77/1041/2 198/1669/2 89/1042/2
f 365/658/1 366/656/1 369/953/1
f 733/988/4 736/986/4 735/221/4
f 372/615/3 327/3/3 770/1/3
f 989/824/2 986/229/2 809/1046/2
f 139/653/1 223/1493/1 231/1047/1
f 605/1048/1 317/120/1 318/121/1
f 729/975/3 756/1670/3 157/113/3
f 41/5/5 44/1072/5 43/1050/5
f 706/1051/6 739/1671/6 95/199/6
f 573/491/3 525/326/3 569/859/3
f 976/824/5 813/177/5 810/346/5
f 993/370/5 992/118/5 990/171/5
f 998/398/1 816/497/1 997/977/1
f 92/565/1 89/467/1 90/1052/1
f 928/1055/3 931/1672/3 934/1673/3
f 934/1673/3 957/1478/3 960/565/3
f 960/565/3 954/916/3 927/1054/3
f 927/1054/3 924/1674/3 928/1055/3
f 928/1055/3 934/1673/3 960/565/3
f 715/1056/2 723/504/2 745/1057/2
f 500/424/6 700/423/6 697/1059/6
f 987/1675/6 988/1131/6 822/1060/6
f 822/1060/6 818/1676/6 812/1061/6
f 812/1061/6 805/842/6 810/771/6
f 811/1062/6 987/1675/6 822/1060/6
f 812/1061/6 810/771/6 811/1062/6
f 181/203/3 178/680/3 175/335/3
f 274/125/2 278/127/2 508/1063/2
f 582/1021/2 585/1677/2 618/1065/2
f 708/379/5 742/1678/5 116/662/5
f 1023/1067/4 1022/575/4 839/110/4
f 920/609/4 919/608/4 915/1050/4
f 236/919/1 235/149/1 168/147/1
f 827/1068/6 828/780/6 824/781/6
f 762/695/4 327/1059/4 372/1069/4
f 139/653/1 140/1528/1 123/716/1
f 1015/497/6 1016/496/6 1017/105/6
f 950/398/3 961/397/3 938/1071/3
f 37/5/5 40/133/5 39/134/5
f 886/1074/2 893/1679/2 880/628/2
f 881/1073/2 887/957/2 886/1074/2
f 562/1075/1 561/581/1 268/487/1
f 101/1076/3 104/717/3 87/1077/3
f 663/1078/3 664/1680/3 709/561/3
f 636/1079/6 644/495/6 645/497/6
f 829/1125/3 830/1126/3 1013/1080/3
f 1013/1080/4 1014/1681/4 1017/1081/4
f 1017/1081/4 1016/1590/4 832/1565/4
f 831/776/11 829/1125/11 1013/1080/11
f 1017/1081/4 832/1565/4 831/776/4
f 565/270/3 570/271/3 507/718/3
f 557/1039/3 562/1114/3 503/1075/3
f 424/263/4 430/261/4 431/522/4
f 320/1082/4 319/1682/4 318/1083/4
f 347/1063/5 584/1435/5 617/350/5
f 168/468/5 235/1434/5 234/1084/5
f 620/16/6 349/1048/6 350/1086/6
f 155/1033/5 232/1683/5 231/1087/5
f 864/1354/6 848/205/6 845/1398/6
f 864/1354/6 845/1398/6 849/1088/6
f 858/1684/6 863/1685/6 864/1354/6
f 877/1136/6 876/1353/6 860/1090/6
f 858/1684/6 864/1354/6 849/1088/6
f 861/1686/6 877/1136/6 860/1090/6
f 860/1090/6 858/1684/6 849/1088/6
f 851/1089/6 861/1686/6 860/1090/6
f 88/363/6 193/1363/6 194/885/6
f 723/939/3 715/937/3 678/942/3
f 85/1092/3 88/478/3 77/479/3
f 727/251/5 726/390/5 682/300/5
f 823/608/4 992/670/4 993/672/4
f 619/1094/2 588/1194/2 583/276/2
f 350/602/4 349/15/4 351/580/4
f 330/802/1 570/77/1 613/123/1
f 185/960/5 188/19/5 187/777/5
f 714/1018/2 706/1332/2 705/1096/2
f 986/1098/5 989/1687/5 821/1099/5
f 327/1101/6 762/1283/6 608/1102/6
f 1010/291/6 1011/838/6 1006/306/6
f 452/97/6 780/98/6 385/616/6
f 209/372/4 208/640/4 210/1007/4
f 643/508/3 662/578/3 667/286/3
f 507/1688/1 570/422/1 569/1689/1
f 525/1690/1 527/1691/1 303/1692/1
f 507/1688/1 569/1689/1 525/1690/1
f 281/1693/1 275/1694/1 276/1695/1
f 276/1695/1 507/1688/1 525/1690/1
f 276/1695/1 525/1690/1 303/1692/1
f 280/1105/1 281/1693/1 276/1695/1
f 584/1452/1 509/1606/1 280/1105/1
f 539/1104/1 577/1696/1 584/1452/1
f 305/1103/1 533/1697/1 539/1104/1
f 276/1695/1 303/1692/1 305/1103/1
f 539/1104/1 584/1452/1 280/1105/1
f 280/1105/1 276/1695/1 305/1103/1
f 714/348/3 111/1189/3 110/1106/3
f 140/210/5 139/316/5 138/902/5
f 646/1108/6 665/910/6 666/859/6
f 571/1109/2 576/1296/2 616/612/2
f 940/67/4 941/1491/4 923/1698/4
f 925/1110/4 924/75/4 927/1699/4
f 940/67/4 923/1698/4 925/1110/4
f 926/769/4 943/69/4 940/67/4
f 925/1110/4 927/1699/4 926/769/4
f 566/983/1 565/984/1 271/1111/1
f 252/462/1 251/463/1 188/1113/1
f 563/389/6 564/1275/6 504/1114/6
f 266/952/2 502/993/2 262/789/2
f 609/1086/1 321/709/1 322/120/1
f 623/1115/2 596/1226/2 591/935/2
f 407/309/4 347/1070/4 765/1116/4
f 822/1700/5 988/1701/5 979/1702/5
f 962/1703/5 963/1704/5 941/1705/5
f 962/1703/5 941/1705/5 939/1706/5
f 939/1706/5 897/1707/5 895/1374/5
f 912/1708/5 920/1709/5 978/1710/5
f 939/1706/5 895/1374/5 912/1708/5
f 962/1703/5 939/1706/5 912/1708/5
f 912/1708/5 978/1710/5 977/1711/5
f 977/1711/5 986/1098/5 985/1712/5
f 912/1708/5 977/1711/5 985/1712/5
f 979/1702/5 962/1703/5 912/1708/5
f 828/1713/5 827/1714/5 822/1700/5
f 822/1700/5 979/1702/5 912/1708/5
f 822/1700/5 912/1708/5 985/1712/5
f 1016/1715/5 1015/1716/5 828/1713/5
f 822/1700/5 985/1712/5 823/1717/5
f 1016/1715/5 828/1713/5 822/1700/5
f 831/750/12 832/1551/12 1016/1715/12
f 826/1718/5 831/750/5 1016/1715/5
f 1016/1715/5 822/1700/5 823/1717/5
f 826/1718/5 1016/1715/5 823/1717/5
f 830/1548/5 829/1549/5 825/1118/5
f 825/1118/5 826/1718/5 823/1717/5
f 825/1118/5 823/1717/5 820/1100/5
f 1013/1117/5 830/1548/5 825/1118/5
f 821/1099/5 1012/1719/5 1013/1117/5
f 825/1118/5 820/1100/5 821/1099/5
f 328/1014/6 385/571/6 770/570/6
f 545/1119/1 546/1720/1 307/1120/1
f 758/1122/6 165/739/6 164/948/6
f 724/446/1 731/444/1 685/1123/1
f 830/229/1 1020/346/1 1018/637/1
f 748/1064/3 127/1260/3 130/938/3
f 939/24/1 949/22/1 898/704/1
f 1019/1095/2 833/1721/2 829/1125/2
f 132/869/6 216/870/6 217/1127/6
f 74/475/1 294/686/1 297/1129/1
f 847/1082/3 848/125/3 864/1131/3
f 864/1131/3 865/1675/3 857/1132/3
f 857/1132/3 854/1722/3 847/1082/3
f 735/1133/6 173/1221/6 756/1134/6
f 901/1135/4 900/764/4 902/473/4
f 814/670/2 811/1250/2 810/1137/2
f 983/442/6 984/269/6 981/40/6
f 184/1138/6 249/209/6 250/868/6
f 460/1120/5 459/1720/5 406/60/5
f 991/94/2 990/651/2 985/1072/2
f 225/1139/2 139/1177/2 121/1140/2
f 979/454/2 988/1067/2 987/1142/2
f 496/1116/3 680/1265/3 673/1143/3
f 94/382/1 111/380/1 714/903/1
f 43/307/2 70/306/2 35/539/2
f 532/304/3 528/302/3 304/97/3
f 33/6/5 36/5/5 35/1031/5
f 465/629/5 467/1679/5 437/1074/5
f 455/98/3 456/198/3 399/982/3
f 417/1006/1 418/97/1 428/553/1
f 59/104/6 261/103/6 262/360/6
f 555/257/2 560/256/2 608/156/2
f 562/27/2 557/411/2 558/413/2
f 611/127/1 629/126/1 332/936/1
f 575/867/3 576/8/3 571/9/3
f 165/849/3 162/1337/3 177/1147/3
f 157/1149/1 158/1161/1 757/1150/1
f 98/1151/1 115/1266/1 116/911/1
f 302/1046/2 520/267/2 517/322/2
f 104/758/6 200/1347/6 201/860/6
f 771/1514/4 388/1723/4 398/1724/4
f 395/1725/4 771/1514/4 398/1724/4
f 409/1154/4 393/1364/4 395/1725/4
f 420/1298/4 773/1726/4 408/1153/4
f 395/1725/4 398/1724/4 394/1727/4
f 405/1152/4 411/1728/4 420/1298/4
f 409/1154/4 395/1725/4 394/1727/4
f 405/1152/4 420/1298/4 408/1153/4
f 409/1154/4 394/1727/4 405/1152/4
f 787/955/5 462/1121/5 421/801/5
f 679/545/6 682/1729/6 726/1156/6
f 722/851/6 723/852/6 679/545/6
f 330/362/3 763/979/3 615/856/3
f 155/1157/2 240/1730/2 171/888/2
f 623/830/5 354/290/5 353/289/5
f 92/1160/3 81/1731/3 78/228/3
f 204/52/4 211/13/4 212/15/4
f 158/1161/6 159/979/6 160/1162/6
f 154/236/1 171/234/1 172/1163/1
f 301/1732/3 518/1733/3 523/1734/3
f 523/1734/3 550/1735/3 558/1736/3
f 558/1736/3 501/506/3 259/1737/3
f 259/1737/3 257/1316/3 260/1738/3
f 262/1164/3 502/1739/3 560/1740/3
f 259/1737/3 260/1738/3 262/1164/3
f 523/1734/3 558/1736/3 259/1737/3
f 301/1732/3 523/1734/3 259/1737/3
f 560/1740/3 555/1741/3 524/1165/3
f 524/1165/3 521/1742/3 302/1166/3
f 302/1166/3 301/1732/3 259/1737/3
f 262/1164/3 560/1740/3 524/1165/3
f 302/1166/3 259/1737/3 262/1164/3
f 43/305/5 288/931/5 287/932/5
f 33/1167/2 34/1475/2 27/1743/2
f 23/1744/2 19/1745/2 14/1746/2
f 33/1167/2 27/1743/2 23/1744/2
f 41/1747/2 42/1748/2 33/1167/2
f 49/1749/2 51/1750/2 41/1747/2
f 54/1751/2 55/1752/2 49/1749/2
f 37/1753/2 46/1754/2 47/1755/2
f 47/1755/2 54/1751/2 49/1749/2
f 49/1749/2 41/1747/2 33/1167/2
f 33/1167/2 23/1744/2 14/1746/2
f 14/1746/2 13/1756/2 6/1757/2
f 6/1757/2 5/1758/2 1/543/2
f 2/1759/2 9/1760/2 10/1761/2
f 6/1757/2 1/543/2 2/1759/2
f 33/1167/2 14/1746/2 6/1757/2
f 47/1755/2 49/1749/2 33/1167/2
f 29/1169/2 40/1762/2 37/1753/2
f 37/1753/2 47/1755/2 33/1167/2
f 33/1167/2 6/1757/2 2/1759/2
f 10/1761/2 17/1763/2 21/1168/2
f 33/1167/2 2/1759/2 10/1761/2
f 29/1169/2 37/1753/2 33/1167/2
f 25/1764/2 32/1765/2 29/1169/2
f 33/1167/2 10/1761/2 21/1168/2
f 21/1168/2 25/1764/2 29/1169/2
f 83/383/4 100/319/4 95/525/4
f 41/1171/6 51/183/6 52/140/6
f 133/260/6 134/642/6 122/680/6
f 710/1172/5 707/1766/5 708/379/5
f 549/386/1 551/490/1 550/328/1
f 924/1066/1 925/795/1 929/1173/1
f 750/706/2 725/1264/2 721/1017/2
f 761/105/4 368/496/4 369/631/4
f 337/233/1 342/1082/1 314/942/1
f 138/998/1 155/918/1 156/1174/1
f 894/969/3 920/1767/3 909/626/3
f 155/1157/2 138/1560/2 139/1177/2
f 940/1179/3 943/691/3 966/341/3
f 711/1180/5 702/1279/5 713/1181/5
f 721/1183/3 125/546/3 124/544/3
f 997/651/2 807/672/2 804/1050/2
f 326/277/4 325/276/4 328/343/4
f 1001/1184/5 810/1768/5 805/452/5
f 992/821/6 823/1014/6 985/1015/6
f 227/248/4 228/804/4 216/621/4
f 964/1187/6 965/613/6 956/256/6
f 920/278/2 912/547/2 908/1188/2
f 110/1106/5 107/942/5 112/1091/5
f 249/1190/2 184/972/2 179/1191/2
f 835/666/2 826/1354/2 825/381/2
f 810/1193/2 1001/1228/2 1000/829/2
f 334/647/4 333/646/4 336/139/4
f 802/433/3 842/432/3 720/1194/3
f 944/244/4 937/158/4 936/589/4
f 935/1195/4 947/339/4 946/1012/4
f 944/244/4 936/589/4 935/1195/4
f 449/963/3 781/616/3 388/418/3
f 993/535/1 991/974/1 986/724/1
f 538/427/5 537/426/5 536/1119/5
f 416/707/5 413/102/5 415/277/5
f 706/350/3 714/348/3 669/585/3
f 724/1198/3 752/1769/3 141/167/3
f 798/440/4 486/441/4 479/289/4
f 407/153/5 410/791/5 409/434/5
f 105/966/5 204/1644/5 203/835/5
f 378/779/4 389/278/4 388/280/4
f 244/548/1 243/840/1 184/1138/1
f 389/1770/1 378/1771/1 633/1772/1
f 477/1199/1 647/1773/1 495/1200/1
f 449/1774/1 389/1770/1 633/1772/1
f 476/1201/1 475/1775/1 449/1774/1
f 462/1776/1 481/1777/1 483/1778/1
f 418/1736/1 421/1779/1 462/1776/1
f 482/1780/1 637/1781/1 418/1736/1
f 497/1782/1 652/1783/1 482/1780/1
f 675/1268/1 684/1184/1 497/1782/1
f 495/1200/1 675/1268/1 497/1782/1
f 482/1780/1 418/1736/1 462/1776/1
f 482/1780/1 462/1776/1 483/1778/1
f 495/1200/1 497/1782/1 482/1780/1
f 449/1774/1 633/1772/1 477/1199/1
f 495/1200/1 482/1780/1 483/1778/1
f 476/1201/1 449/1774/1 477/1199/1
f 495/1200/1 483/1778/1 476/1201/1
f 1019/981/5 1018/1784/5 837/1785/5
f 837/1785/5 1024/1786/5 1026/621/5
f 839/1202/5 1022/1787/5 1021/1080/5
f 837/1785/5 1026/621/5 839/1202/5
f 833/1204/5 1019/981/5 837/1785/5
f 835/1611/5 834/1788/5 833/1204/5
f 839/1202/5 1021/1080/5 836/1203/5
f 836/1203/5 835/1611/5 833/1204/5
f 833/1204/5 837/1785/5 839/1202/5
f 580/1625/6 316/1624/6 312/1205/6
f 340/1623/6 415/1622/6 403/1789/6
f 537/1790/6 580/1625/6 312/1205/6
f 312/1205/6 340/1623/6 403/1789/6
f 402/1791/6 764/1498/6 616/1499/6
f 312/1205/6 403/1789/6 402/1791/6
f 536/562/6 537/1790/6 312/1205/6
f 532/1207/6 531/1792/6 536/562/6
f 576/1206/6 575/1793/6 532/1207/6
f 402/1791/6 616/1499/6 576/1206/6
f 532/1207/6 536/562/6 312/1205/6
f 312/1205/6 402/1791/6 576/1206/6
f 69/1145/2 39/539/2 30/822/2
f 488/609/1 799/607/1 789/1208/1
f 156/216/5 155/1033/5 154/1209/5
f 621/958/5 631/202/5 355/1087/5
f 774/1794/4 423/1475/4 412/1743/4
f 413/1795/4 774/1794/4 412/1743/4
f 403/1212/4 415/1719/4 413/1795/4
f 390/1796/4 772/1797/4 401/1211/4
f 413/1795/4 412/1743/4 406/1798/4
f 400/1210/4 399/1799/4 390/1796/4
f 403/1212/4 413/1795/4 406/1798/4
f 400/1210/4 390/1796/4 401/1211/4
f 403/1212/4 406/1798/4 400/1210/4
f 933/1213/2 958/1193/2 957/640/2
f 246/39/4 245/288/4 247/175/4
f 88/478/3 199/1128/3 201/1127/3
f 487/93/4 789/95/4 790/578/4
f 978/1216/1 920/1297/1 938/1800/1
f 961/1215/1 974/762/1 972/1175/1
f 978/1216/1 938/1800/1 961/1215/1
f 725/634/5 724/1198/5 686/401/5
f 2/841/3 3/31/3 12/56/3
f 751/619/6 136/1486/6 127/260/6
f 735/1133/1 693/1801/1 694/90/1
f 703/1219/1 729/909/1 735/1133/1
f 355/599/1 354/597/1 623/568/1
f 777/865/1 450/955/1 379/1155/1
f 886/807/3 887/1599/3 889/245/3
f 407/1014/1 408/571/1 773/25/1
f 173/1221/1 174/1280/1 759/1222/1
f 593/1065/2 622/794/2 589/795/2
f 26/1223/1 63/1609/1 271/1610/1
f 271/1610/1 273/1802/1 65/1803/1
f 67/1224/1 279/1804/1 286/1081/1
f 26/1223/1 271/1610/1 65/1803/1
f 67/1224/1 286/1081/1 69/1320/1
f 26/1223/1 65/1803/1 67/1224/1
f 32/1805/1 25/1806/1 26/1223/1
f 67/1224/1 69/1320/1 31/1225/1
f 31/1225/1 32/1805/1 26/1223/1
f 441/632/5 353/44/5 775/128/5
f 356/522/4 353/524/4 354/1226/4
f 445/87/1 446/85/1 375/744/1
f 152/785/2 226/1807/2 221/1227/2
f 65/360/3 273/359/3 276/1228/3
f 259/352/1 258/351/1 58/576/1
f 828/1229/2 1015/242/2 1010/1230/2
f 873/7/6 874/257/6 875/875/6
f 853/1232/4 852/51/4 851/52/4
f 769/503/1 380/502/1 323/904/1
f 792/357/6 464/770/6 432/59/6
f 333/448/6 334/399/6 614/1013/6
f 635/659/4 480/961/4 636/1234/4
f 39/409/1 40/999/1 29/901/1
f 656/393/5 689/884/5 690/883/5
f 167/406/6 168/147/6 147/920/6
f 944/1237/5 946/516/5 915/1808/5
f 915/1808/5 919/1809/5 918/1235/5
f 918/1235/5 917/959/5 916/1236/5
f 916/1236/5 945/1810/5 944/1237/5
f 944/1237/5 915/1808/5 918/1235/5
f 6/806/3 13/245/3 16/1238/3
f 123/310/3 109/1497/3 106/387/3
f 661/1239/1 662/783/1 643/250/1
f 88/1038/2 192/1811/2 191/1240/2
f 535/1751/1 529/1812/1 530/1813/1
f 530/1813/1 573/1814/1 574/1241/1
f 574/1241/1 615/1815/1 763/1816/1
f 396/1242/1 393/1817/1 409/1818/1
f 574/1241/1 763/1816/1 396/1242/1
f 535/1751/1 530/1813/1 574/1241/1
f 310/1819/1 313/685/1 534/1501/1
f 534/1501/1 535/1751/1 574/1241/1
f 409/1818/1 410/683/1 341/1502/1
f 409/1818/1 341/1502/1 338/1243/1
f 310/1819/1 534/1501/1 574/1241/1
f 396/1242/1 409/1818/1 338/1243/1
f 338/1243/1 310/1819/1 574/1241/1
f 1004/1245/2 808/1820/2 803/625/2
f 803/625/4 816/1485/4 1005/1244/4
f 587/1039/1 592/1040/1 513/464/1
f 645/1129/4 644/766/4 646/767/4
f 121/1140/2 106/1571/2 105/1246/2
f 188/1113/6 255/334/6 256/833/6
f 822/1248/2 827/671/2 817/672/2
f 712/1249/1 842/1821/1 802/1250/1
f 104/1251/2 103/1577/2 120/429/2
f 132/214/5 119/644/5 218/1253/5
f 963/117/4 962/118/4 952/171/4
f 350/1254/5 766/995/5 618/929/5
f 458/901/1 405/1283/1 394/1255/1
f 753/1256/5 142/115/5 157/113/5
f 709/591/2 738/1822/2 737/1257/2
f 705/738/3 95/81/3 94/79/3
f 185/960/5 248/1186/5 247/1259/5
f 53/501/2 48/335/2 45/833/2
f 184/192/3 243/1338/3 252/999/3
f 564/1111/3 559/1112/3 266/569/3
f 404/9/6 401/7/6 772/1231/6
f 563/945/2 568/1677/2 612/1021/2
f 595/934/1 600/263/1 601/770/1
f 311/494/3 339/483/3 340/484/3
f 130/938/5 129/1823/5 128/125/5
f 894/485/6 918/1109/6 919/62/6
f 142/510/6 143/320/6 144/1261/6
f 360/955/5 431/728/5 430/427/5
f 152/396/3 228/772/3 236/1262/3
f 753/1263/2 731/731/2 724/1002/2
f 597/523/2 624/375/2 593/376/2
f 683/1265/1 692/1069/1 651/1070/1
f 108/1266/3 93/1824/3 90/836/3
f 816/1267/5 803/451/5 807/1268/5
f 68/585/2 282/1197/2 277/484/2
f 903/1270/2 884/1344/2 883/1271/2
f 358/425/4 357/1115/4 359/1273/4
f 20/1071/6 269/397/6 270/465/6
f 82/201/1 95/199/1 705/845/1
f 752/1274/4 157/1291/4 142/1003/4
f 754/389/6 149/676/6 148/677/6
f 513/1276/2 293/237/2 289/767/2
f 105/1246/2 90/1572/2 89/1042/2
f 117/1162/6 118/979/6 119/810/6
f 721/1183/3 676/1825/3 677/1278/3
f 702/1279/3 713/1181/3 721/1183/3
f 483/1075/4 797/289/4 795/1159/4
f 174/1280/6 175/1826/6 176/1281/6
f 930/1214/6 942/1127/6 943/1026/6
f 448/1283/3 445/1255/3 367/1284/3
f 721/1183/5 125/546/5 743/1285/5
f 640/631/5 655/740/5 654/964/5
f 716/912/6 116/911/6 97/755/6
f 704/811/1 734/1827/1 844/1280/1
f 844/1280/1 180/531/1 736/532/1
f 733/813/1 704/811/1 844/1280/1
f 975/1288/6 814/1828/6 813/268/6
f 976/321/6 952/967/6 962/835/6
f 975/1288/6 813/268/6 976/321/6
f 962/835/6 979/1829/6 975/1288/6
f 723/852/6 130/509/6 113/510/6
f 459/999/6 455/901/6 400/1283/6
f 756/1289/4 173/482/4 158/1290/4
f 421/728/4 418/431/4 419/433/4
f 425/1119/6 358/458/6 430/934/6
f 380/781/4 379/779/4 378/265/4
f 589/993/6 586/1600/6 287/1292/6
f 469/1830/3 633/1831/3 378/1832/3
f 378/1832/3 379/1817/3 450/1833/3
f 450/1833/3 471/1834/3 470/1293/3
f 473/1294/3 472/1835/3 452/1836/3
f 452/1836/3 386/1789/3 383/551/3
f 383/551/3 635/1471/3 474/1837/3
f 474/1837/3 645/1838/3 494/1839/3
f 494/1839/3 666/1840/3 661/1659/3
f 493/1295/3 641/1841/3 469/1830/3
f 494/1839/3 661/1659/3 493/1295/3
f 452/1836/3 383/551/3 474/1837/3
f 473/1294/3 452/1836/3 474/1837/3
f 474/1837/3 494/1839/3 493/1295/3
f 469/1830/3 378/1832/3 450/1833/3
f 469/1830/3 450/1833/3 470/1293/3
f 473/1294/3 474/1837/3 493/1295/3
f 493/1295/3 469/1830/3 470/1293/3
f 621/62/2 592/108/2 587/1296/2
