# Blender 5.0.1
# www.blender.org
mtllib Aquarium_1_Backup.mtl
o Aquarium_1_Backup
v -4.000001 -0.000001 2.000000
v -3.500001 -0.000001 2.000000
v -3.500001 -0.000001 1.900000
v 3.500001 -0.000001 2.000000
v 3.500001 -0.000001 1.900000
v 4.000001 -0.000001 2.000000
v -3.400001 -0.000001 1.900000
v 3.400001 -0.000001 1.900000
v -3.400001 -0.000001 0.400000
v 3.400001 -0.000001 0.400000
v -3.300001 -0.000001 0.400000
v -3.300001 -0.000001 0.300000
v -3.300001 0.099999 0.300000
v -3.300001 0.099999 0.400000
v 3.300001 -0.000001 0.400000
v 3.300001 -0.000001 0.300000
v 3.300001 0.099999 0.300000
v 3.300001 0.099999 0.400000
v -3.100001 -0.000001 0.300000
v -3.100001 0.099999 0.300000
v -3.200001 0.099999 0.300000
v 3.100001 -0.000001 0.300000
v 3.100001 0.099999 0.300000
v 3.200001 0.099999 0.300000
v -3.300001 -0.000001 -0.300000
v -3.100001 -0.000001 -0.300000
v -3.100001 0.099999 -0.300000
v -3.200001 0.099999 -0.300000
v 3.200001 0.099999 -0.300000
v 3.100001 0.099999 -0.300000
v 3.100001 -0.000001 -0.300000
v 3.300001 -0.000001 -0.300000
v -3.400001 -0.000001 -0.400000
v -3.300001 -0.000001 -0.400000
v -3.300001 0.099999 -0.400000
v -3.300001 0.099999 -0.300000
v 3.400001 -0.000001 -0.400000
v 3.300001 0.099999 -0.400000
v 3.300001 -0.000001 -0.400000
v 3.300001 0.099999 -0.300000
v -4.000001 -0.000001 -2.000000
v -3.400001 -0.000001 -2.000000
v 3.400001 -0.000001 -2.000000
v 4.000001 -0.000001 -2.000000
v -3.200001 0.099999 0.400000
v -3.200001 0.199999 0.300000
v -3.200001 0.199999 0.400000
v 3.200001 0.099999 0.400000
v 3.200001 0.199999 0.300000
v 3.200001 0.199999 0.400000
v -3.000001 0.099999 0.300000
v -3.000001 0.199999 0.300000
v -3.100001 0.199999 0.300000
v 3.000001 0.099999 0.300000
v 3.000001 0.199999 0.300000
v 3.100001 0.199999 0.300000
v -3.000001 0.099999 -0.300000
v -3.000001 0.199999 -0.300000
v -3.100001 0.199999 -0.300000
v 3.100001 0.199999 -0.300000
v 3.000001 0.199999 -0.300000
v 3.000001 0.099999 -0.300000
v -3.200001 0.099999 -0.400000
v -3.200001 0.199999 -0.400000
v -3.200001 0.199999 -0.300000
v 3.200001 0.199999 -0.400000
v 3.200001 0.099999 -0.400000
v 3.200001 0.199999 -0.300000
v -3.500001 0.299999 1.900000
v -3.500001 0.299999 2.000000
v 3.500001 0.299999 1.900000
v 3.500001 0.299999 2.000000
v -3.400001 0.299999 1.900000
v 3.400001 0.299999 1.900000
v -3.400001 0.299999 0.400000
v 3.400001 0.299999 0.400000
v -3.300001 0.299999 0.400000
v -3.100001 0.199999 0.400000
v 3.100001 0.199999 0.400000
v 3.300001 0.299999 0.400000
v -2.900001 0.199999 0.300000
v 2.900001 0.199999 0.300000
v -2.900001 0.199999 -0.300000
v 2.900001 0.199999 -0.300000
v -3.300001 0.299999 -0.400000
v -3.400001 0.299999 -0.400000
v -3.100001 0.199999 -0.400000
v 3.100001 0.199999 -0.400000
v 3.300001 0.299999 -0.400000
v 3.400001 0.299999 -0.400000
v -3.400001 0.299999 -2.000000
v 3.400001 0.299999 -2.000000
v -3.800001 0.399999 2.000000
v -3.800001 0.399999 1.900000
v -3.600001 0.399999 1.900000
v -3.600001 0.399999 2.000000
v -3.400001 0.299999 2.000000
v 3.400001 0.299999 2.000000
v 3.600001 0.399999 2.000000
v 3.600001 0.399999 1.900000
v 3.800001 0.399999 1.900000
v 3.800001 0.399999 2.000000
v -3.300001 0.299999 1.900000
v 3.300001 0.299999 1.900000
v -3.100001 0.399999 0.300000
v -3.100001 0.399999 0.400000
v 3.100001 0.399999 0.300000
v 3.100001 0.399999 0.400000
v -2.900001 0.399999 0.300000
v -3.000001 0.399999 0.300000
v 2.900001 0.399999 0.300000
v 3.000001 0.399999 0.300000
v -2.900001 0.399999 -0.300000
v -3.000001 0.399999 -0.300000
v 3.000001 0.399999 -0.300000
v 2.900001 0.399999 -0.300000
v -3.100001 0.399999 -0.400000
v -3.100001 0.399999 -0.300000
v 3.100001 0.399999 -0.400000
v 3.100001 0.399999 -0.300000
v -3.800001 0.399999 -2.000000
v -3.800001 0.399999 -1.900000
v -3.600001 0.399999 -2.000000
v -3.600001 0.399999 -1.900000
v -3.300001 0.299999 -2.000000
v 3.300001 0.299999 -2.000000
v 3.600001 0.399999 -2.000000
v 3.600001 0.399999 -1.900000
v 3.800001 0.399999 -2.000000
v 3.800001 0.399999 -1.900000
v -3.000001 0.399999 0.400000
v -3.000001 0.499999 0.300000
v -3.000001 0.499999 0.400000
v 3.000001 0.399999 0.400000
v 3.000001 0.499999 0.300000
v 3.000001 0.499999 0.400000
v -2.800001 0.399999 0.300000
v -2.800001 0.499999 0.300000
v -2.900001 0.499999 0.300000
v 2.800001 0.399999 0.300000
v 2.800001 0.499999 0.300000
v 2.900001 0.499999 0.300000
v -2.800001 0.399999 -0.300000
v -2.800001 0.499999 -0.300000
v -2.900001 0.499999 -0.300000
v 2.900001 0.499999 -0.300000
v 2.800001 0.499999 -0.300000
v 2.800001 0.399999 -0.300000
v -3.000001 0.399999 -0.400000
v -3.000001 0.499999 -0.400000
v -3.000001 0.499999 -0.300000
v 3.000001 0.499999 -0.400000
v 3.000001 0.399999 -0.400000
v 3.000001 0.499999 -0.300000
v -2.900001 0.499999 0.400000
v 2.900001 0.499999 0.400000
v -2.700001 0.499999 0.300000
v 2.700001 0.499999 0.300000
v -2.700001 0.499999 -0.300000
v 2.700001 0.499999 -0.300000
v -2.900001 0.499999 -0.400000
v 2.900001 0.499999 -0.400000
v -3.600001 0.699999 2.000000
v -3.600001 0.699999 1.900000
v -3.500001 0.699999 1.900000
v -3.500001 0.699999 2.000000
v -3.400001 0.699999 1.900000
v -3.400001 0.699999 2.000000
v 3.400001 0.699999 1.900000
v 3.400001 0.699999 2.000000
v 3.500001 0.699999 2.000000
v 3.600001 0.699999 1.900000
v 3.600001 0.699999 2.000000
v 3.500001 0.699999 1.900000
v -3.300001 0.699999 1.900000
v 3.300001 0.699999 1.900000
v -3.300001 0.699999 0.400000
v 3.300001 0.699999 0.400000
v -3.200001 0.699999 0.400000
v -2.900001 0.699999 0.300000
v -2.900001 0.699999 0.400000
v 2.900001 0.699999 0.300000
v 2.900001 0.699999 0.400000
v 3.200001 0.699999 0.400000
v -2.700001 0.699999 0.300000
v -2.800001 0.699999 0.300000
v 2.700001 0.699999 0.300000
v 2.800001 0.699999 0.300000
v -2.700001 0.699999 -0.300000
v -2.800001 0.699999 -0.300000
v 2.800001 0.699999 -0.300000
v 2.700001 0.699999 -0.300000
v -3.200001 0.699999 -0.400000
v -3.300001 0.699999 -0.400000
v -2.900001 0.699999 -0.400000
v -2.900001 0.699999 -0.300000
v 2.900001 0.699999 -0.400000
v 2.900001 0.699999 -0.300000
v 3.200001 0.699999 -0.400000
v 3.300001 0.699999 -0.400000
v -3.500001 0.699999 -2.000000
v -3.600001 0.699999 -2.000000
v -3.600001 0.699999 -1.900000
v -3.500001 0.699999 -1.900000
v -3.300001 0.699999 -2.000000
v 3.300001 0.699999 -2.000000
v 3.500001 0.699999 -2.000000
v 3.600001 0.699999 -2.000000
v 3.600001 0.699999 -1.900000
v 3.500001 0.699999 -1.900000
v -3.300001 0.699999 2.000000
v 3.300001 0.699999 2.000000
v -3.200001 0.699999 1.900000
v 3.200001 0.699999 1.900000
v -2.800001 0.699999 0.400000
v -2.800001 0.799999 0.300000
v -2.800001 0.799999 0.400000
v 2.800001 0.699999 0.400000
v 2.800001 0.799999 0.300000
v 2.800001 0.799999 0.400000
v -2.600001 0.699999 0.300000
v -2.600001 0.799999 0.300000
v -2.700001 0.799999 0.300000
v 2.600001 0.699999 0.300000
v 2.600001 0.799999 0.300000
v 2.700001 0.799999 0.300000
v -2.600001 0.699999 -0.300000
v -2.600001 0.799999 -0.300000
v -2.700001 0.799999 -0.300000
v 2.700001 0.799999 -0.300000
v 2.600001 0.799999 -0.300000
v 2.600001 0.699999 -0.300000
v -2.800001 0.699999 -0.400000
v -2.800001 0.799999 -0.400000
v -2.800001 0.799999 -0.300000
v 2.800001 0.799999 -0.400000
v 2.800001 0.699999 -0.400000
v 2.800001 0.799999 -0.300000
v -3.200001 0.699999 -2.000000
v 3.200001 0.699999 -2.000000
v -3.100001 0.899999 0.400000
v -3.100001 0.899999 0.300000
v -2.900001 0.899999 0.300000
v -2.900001 0.899999 0.400000
v -2.700001 0.799999 0.400000
v 2.700001 0.799999 0.400000
v 2.900001 0.899999 0.400000
v 2.900001 0.899999 0.300000
v 3.100001 0.899999 0.300000
v 3.100001 0.899999 0.400000
v -2.500000 0.799999 0.300000
v 2.500000 0.799999 0.300000
v -2.500000 0.799999 -0.300000
v 2.500000 0.799999 -0.300000
v -3.100001 0.899999 -0.400000
v -3.100001 0.899999 -0.300000
v -2.900001 0.899999 -0.400000
v -2.900001 0.899999 -0.300000
v -2.700001 0.799999 -0.400000
v 2.700001 0.799999 -0.400000
v 2.900001 0.899999 -0.400000
v 2.900001 0.899999 -0.300000
v 3.100001 0.899999 -0.400000
v 3.100001 0.899999 -0.300000
v -2.900001 0.999999 0.400000
v -2.900001 0.999999 0.300000
v -2.800001 0.999999 0.300000
v -2.800001 0.999999 0.400000
v -2.700001 0.999999 0.300000
v -2.700001 0.999999 0.400000
v 2.700001 0.999999 0.300000
v 2.700001 0.999999 0.400000
v 2.800001 0.999999 0.400000
v 2.900001 0.999999 0.300000
v 2.900001 0.999999 0.400000
v 2.800001 0.999999 0.300000
v -2.500000 0.999999 0.300000
v -2.600001 0.999999 0.300000
v 2.500000 0.999999 0.300000
v 2.600001 0.999999 0.300000
v -2.500000 0.999999 -0.300000
v -2.600001 0.999999 -0.300000
v 2.600001 0.999999 -0.300000
v 2.500000 0.999999 -0.300000
v -2.800001 0.999999 -0.400000
v -2.900001 0.999999 -0.400000
v -2.900001 0.999999 -0.300000
v -2.800001 0.999999 -0.300000
v -2.700001 0.999999 -0.400000
v -2.700001 0.999999 -0.300000
v 2.800001 0.999999 -0.400000
v 2.700001 0.999999 -0.400000
v 2.700001 0.999999 -0.300000
v 2.900001 0.999999 -0.400000
v 2.900001 0.999999 -0.300000
v 2.800001 0.999999 -0.300000
v -2.800001 1.099999 0.400000
v -2.800001 1.099999 0.300000
v -2.700001 1.099999 0.300000
v -2.700001 1.099999 0.400000
v -2.600001 0.999999 0.400000
v -2.600001 1.099999 0.300000
v -2.600001 1.099999 0.400000
v 2.600001 0.999999 0.400000
v 2.600001 1.099999 0.300000
v 2.600001 1.099999 0.400000
v 2.700001 1.099999 0.400000
v 2.800001 1.099999 0.300000
v 2.800001 1.099999 0.400000
v 2.700001 1.099999 0.300000
v -2.400001 0.999999 0.300000
v -2.400001 1.099999 0.300000
v -2.500000 1.099999 0.300000
v 2.400001 0.999999 0.300000
v 2.400001 1.099999 0.300000
v 2.500000 1.099999 0.300000
v -2.400001 0.999999 -0.300000
v -2.400001 1.099999 -0.300000
v -2.500000 1.099999 -0.300000
v 2.500000 1.099999 -0.300000
v 2.400001 1.099999 -0.300000
v 2.400001 0.999999 -0.300000
v -2.700001 1.099999 -0.400000
v -2.800001 1.099999 -0.400000
v -2.800001 1.099999 -0.300000
v -2.700001 1.099999 -0.300000
v -2.600001 0.999999 -0.400000
v -2.600001 1.099999 -0.400000
v -2.600001 1.099999 -0.300000
v 2.700001 1.099999 -0.400000
v 2.600001 1.099999 -0.400000
v 2.600001 0.999999 -0.400000
v 2.600001 1.099999 -0.300000
v 2.800001 1.099999 -0.400000
v 2.800001 1.099999 -0.300000
v 2.700001 1.099999 -0.300000
v -3.300001 1.199999 1.900000
v -3.300001 1.199999 2.000000
v 3.300001 1.199999 1.900000
v 3.300001 1.199999 2.000000
v -3.200001 1.199999 1.900000
v 3.200001 1.199999 1.900000
v -3.200001 1.199999 0.400000
v 3.200001 1.199999 0.400000
v -3.100001 1.199999 0.300000
v -3.100001 1.199999 0.400000
v -2.700001 1.199999 0.400000
v -2.700001 1.199999 0.300000
v -2.600001 1.199999 0.300000
v -2.600001 1.199999 0.400000
v -2.500000 1.099999 0.400000
v -2.500000 1.199999 0.300000
v -2.500000 1.199999 0.400000
v 2.500000 1.099999 0.400000
v 2.500000 1.199999 0.300000
v 2.500000 1.199999 0.400000
v 2.600001 1.199999 0.400000
v 2.700001 1.199999 0.300000
v 2.700001 1.199999 0.400000
v 2.600001 1.199999 0.300000
v 3.100001 1.199999 0.300000
v 3.100001 1.199999 0.400000
v -2.300001 1.099999 0.300000
v -2.300001 1.199999 0.300000
v -2.400001 1.199999 0.300000
v 2.300001 1.099999 0.300000
v 2.300001 1.199999 0.300000
v 2.400001 1.199999 0.300000
v -2.300001 1.099999 -0.300000
v -2.300001 1.199999 -0.300000
v -2.400001 1.199999 -0.300000
v 2.400001 1.199999 -0.300000
v 2.300001 1.199999 -0.300000
v 2.300001 1.099999 -0.300000
v -3.100001 1.199999 -0.400000
v -3.100001 1.199999 -0.300000
v -3.200001 1.199999 -0.400000
v -2.600001 1.199999 -0.400000
v -2.700001 1.199999 -0.400000
v -2.700001 1.199999 -0.300000
v -2.600001 1.199999 -0.300000
v -2.500000 1.099999 -0.400000
v -2.500000 1.199999 -0.400000
v -2.500000 1.199999 -0.300000
v 2.600001 1.199999 -0.400000
v 2.500000 1.199999 -0.400000
v 2.500000 1.099999 -0.400000
v 2.500000 1.199999 -0.300000
v 2.700001 1.199999 -0.400000
v 2.700001 1.199999 -0.300000
v 2.600001 1.199999 -0.300000
v 3.200001 1.199999 -0.400000
v 3.100001 1.199999 -0.400000
v 3.100001 1.199999 -0.300000
v -3.200001 1.199999 -2.000000
v 3.200001 1.199999 -2.000000
v -3.500001 1.299999 2.000000
v -3.500001 1.299999 1.900000
v -3.400001 1.299999 1.900000
v -3.400001 1.299999 2.000000
v -3.200001 1.199999 2.000000
v 3.200001 1.199999 2.000000
v 3.400001 1.299999 2.000000
v 3.500001 1.299999 1.900000
v 3.500001 1.299999 2.000000
v 3.400001 1.299999 1.900000
v -3.100001 1.199999 1.900000
v 3.100001 1.199999 1.900000
v -3.000001 1.199999 0.400000
v -3.000001 1.199999 0.300000
v -2.600001 1.299999 0.400000
v -2.600001 1.299999 0.300000
v -2.500000 1.299999 0.300000
v -2.500000 1.299999 0.400000
v -2.400001 1.199999 0.400000
v -2.400001 1.299999 0.300000
v -2.400001 1.299999 0.400000
v 2.400001 1.199999 0.400000
v 2.400001 1.299999 0.300000
v 2.400001 1.299999 0.400000
v 2.500000 1.299999 0.400000
v 2.600001 1.299999 0.300000
v 2.600001 1.299999 0.400000
v 2.500000 1.299999 0.300000
v 3.000001 1.199999 0.400000
v 3.000001 1.199999 0.300000
v -2.200001 1.199999 0.300000
v -2.200001 1.299999 0.300000
v -2.300001 1.299999 0.300000
v 2.200001 1.199999 0.300000
v 2.200001 1.299999 0.300000
v 2.300001 1.299999 0.300000
v -2.200001 1.199999 -0.300000
v -2.200001 1.299999 -0.300000
v -2.300001 1.299999 -0.300000
v 2.300001 1.299999 -0.300000
v 2.200001 1.299999 -0.300000
v 2.200001 1.199999 -0.300000
v -3.000001 1.199999 -0.300000
v -3.000001 1.199999 -0.400000
v -2.500000 1.299999 -0.400000
v -2.600001 1.299999 -0.400000
v -2.600001 1.299999 -0.300000
v -2.500000 1.299999 -0.300000
v -2.400001 1.199999 -0.400000
v -2.400001 1.299999 -0.400000
v -2.400001 1.299999 -0.300000
v 2.500000 1.299999 -0.400000
v 2.400001 1.299999 -0.400000
v 2.400001 1.199999 -0.400000
v 2.400001 1.299999 -0.300000
v 2.600001 1.299999 -0.400000
v 2.600001 1.299999 -0.300000
v 2.500000 1.299999 -0.300000
v 3.000001 1.199999 -0.400000
v 3.000001 1.199999 -0.300000
v -3.400001 1.299999 -2.000000
v -3.500001 1.299999 -2.000000
v -3.500001 1.299999 -1.900000
v -3.400001 1.299999 -1.900000
v -3.100001 1.199999 -2.000000
v 3.100001 1.199999 -2.000000
v 3.400001 1.299999 -2.000000
v 3.500001 1.299999 -2.000000
v 3.500001 1.299999 -1.900000
v 3.400001 1.299999 -1.900000
v -2.500000 1.399999 0.400000
v -2.500000 1.399999 0.300000
v -2.400001 1.399999 0.300000
v -2.400001 1.399999 0.400000
v -2.300001 1.299999 0.400000
v -2.300001 1.399999 0.300000
v -2.300001 1.399999 0.400000
v 2.300001 1.299999 0.400000
v 2.300001 1.399999 0.300000
v 2.300001 1.399999 0.400000
v 2.400001 1.399999 0.400000
v 2.500000 1.399999 0.300000
v 2.500000 1.399999 0.400000
v 2.400001 1.399999 0.300000
v -2.100000 1.299999 0.300000
v -2.100000 1.399999 0.300000
v -2.200001 1.399999 0.300000
v 2.100000 1.299999 0.300000
v 2.100000 1.399999 0.300000
v 2.200001 1.399999 0.300000
v -2.100000 1.299999 -0.300000
v -2.100000 1.399999 -0.300000
v -2.200001 1.399999 -0.300000
v 2.200001 1.399999 -0.300000
v 2.100000 1.399999 -0.300000
v 2.100000 1.299999 -0.300000
v -2.400001 1.399999 -0.400000
v -2.500000 1.399999 -0.400000
v -2.500000 1.399999 -0.300000
v -2.400001 1.399999 -0.300000
v -2.300001 1.299999 -0.400000
v -2.300001 1.399999 -0.400000
v -2.300001 1.399999 -0.300000
v 2.400001 1.399999 -0.400000
v 2.300001 1.399999 -0.400000
v 2.300001 1.299999 -0.400000
v 2.300001 1.399999 -0.300000
v 2.500000 1.399999 -0.400000
v 2.500000 1.399999 -0.300000
v 2.400001 1.399999 -0.300000
v -2.400001 1.500000 0.400000
v -2.400001 1.500000 0.300000
v -2.300001 1.500000 0.300000
v -2.300001 1.500000 0.400000
v -2.200001 1.399999 0.400000
v -2.200001 1.500000 0.300000
v -2.200001 1.500000 0.400000
v 2.200001 1.399999 0.400000
v 2.200001 1.500000 0.300000
v 2.200001 1.500000 0.400000
v 2.300001 1.500000 0.400000
v 2.400001 1.500000 0.300000
v 2.400001 1.500000 0.400000
v 2.300001 1.500000 0.300000
v -2.000000 1.399999 0.300000
v -2.000000 1.500000 0.300000
v -2.100000 1.500000 0.300000
v 2.000000 1.399999 0.300000
v 2.000000 1.500000 0.300000
v 2.100000 1.500000 0.300000
v -2.000000 1.399999 -0.300000
v -2.000000 1.500000 -0.300000
v -2.100000 1.500000 -0.300000
v 2.100000 1.500000 -0.300000
v 2.000000 1.500000 -0.300000
v 2.000000 1.399999 -0.300000
v -2.300001 1.500000 -0.400000
v -2.400001 1.500000 -0.400000
v -2.400001 1.500000 -0.300000
v -2.300001 1.500000 -0.300000
v -2.200001 1.399999 -0.400000
v -2.200001 1.500000 -0.400000
v -2.200001 1.500000 -0.300000
v 2.300001 1.500000 -0.400000
v 2.200001 1.500000 -0.400000
v 2.200001 1.399999 -0.400000
v 2.200001 1.500000 -0.300000
v 2.400001 1.500000 -0.400000
v 2.400001 1.500000 -0.300000
v 2.300001 1.500000 -0.300000
v -3.900001 1.599999 2.000000
v -3.800001 1.599999 1.900000
v -3.800001 1.599999 2.000000
v -3.900001 1.599999 1.900000
v 3.800001 1.599999 2.000000
v 3.800001 1.599999 1.900000
v 3.900001 1.599999 1.900000
v 3.900001 1.599999 2.000000
v -3.000001 1.599999 0.300000
v -3.000001 1.599999 0.400000
v -2.300001 1.599999 0.400000
v -2.300001 1.599999 0.300000
v -2.200001 1.599999 0.300000
v -2.200001 1.599999 0.400000
v -2.100000 1.500000 0.400000
v -2.100000 1.599999 0.300000
v -2.100000 1.599999 0.400000
v 2.100000 1.500000 0.400000
v 2.100000 1.599999 0.300000
v 2.100000 1.599999 0.400000
v 2.200001 1.599999 0.400000
v 2.300001 1.599999 0.300000
v 2.300001 1.599999 0.400000
v 2.200001 1.599999 0.300000
v 3.000001 1.599999 0.300000
v 3.000001 1.599999 0.400000
v -1.900000 1.500000 0.300000
v -1.900000 1.599999 0.300000
v -2.000000 1.599999 0.300000
v 1.900000 1.500000 0.300000
v 1.900000 1.599999 0.300000
v 2.000000 1.599999 0.300000
v -1.900000 1.500000 -0.300000
v -1.900000 1.599999 -0.300000
v -2.000000 1.599999 -0.300000
v 2.000000 1.599999 -0.300000
v 1.900000 1.599999 -0.300000
v 1.900000 1.500000 -0.300000
v -3.000001 1.599999 -0.400000
v -3.000001 1.599999 -0.300000
v -2.200001 1.599999 -0.400000
v -2.300001 1.599999 -0.400000
v -2.300001 1.599999 -0.300000
v -2.200001 1.599999 -0.300000
v -2.100000 1.500000 -0.400000
v -2.100000 1.599999 -0.400000
v -2.100000 1.599999 -0.300000
v 2.200001 1.599999 -0.400000
v 2.100000 1.599999 -0.400000
v 2.100000 1.500000 -0.400000
v 2.100000 1.599999 -0.300000
v 2.300001 1.599999 -0.400000
v 2.300001 1.599999 -0.300000
v 2.200001 1.599999 -0.300000
v 3.000001 1.599999 -0.400000
v 3.000001 1.599999 -0.300000
v -3.900001 1.599999 -2.000000
v -3.800001 1.599999 -2.000000
v -3.800001 1.599999 -1.900000
v -3.900001 1.599999 -1.900000
v 3.900001 1.599999 -2.000000
v 3.800001 1.599999 -2.000000
v 3.800001 1.599999 -1.900000
v 3.900001 1.599999 -1.900000
v -3.200001 1.699999 1.900000
v -3.200001 1.699999 2.000000
v 3.200001 1.699999 1.900000
v 3.200001 1.699999 2.000000
v -3.100001 1.699999 1.900000
v 3.100001 1.699999 1.900000
v -3.100001 1.699999 0.400000
v 3.100001 1.699999 0.400000
v -3.000001 1.699999 0.400000
v -2.900001 1.599999 0.400000
v -2.900001 1.599999 0.300000
v -2.200001 1.699999 0.400000
v -2.200001 1.699999 0.300000
v -2.100000 1.699999 0.300000
v -2.100000 1.699999 0.400000
v -2.000000 1.599999 0.400000
v -2.000000 1.699999 0.300000
v -2.000000 1.699999 0.400000
v 2.000000 1.599999 0.400000
v 2.000000 1.699999 0.300000
v 2.000000 1.699999 0.400000
v 2.100000 1.699999 0.400000
v 2.200001 1.699999 0.300000
v 2.200001 1.699999 0.400000
v 2.100000 1.699999 0.300000
v 2.900001 1.599999 0.400000
v 2.900001 1.599999 0.300000
v 3.000001 1.699999 0.400000
v -1.900000 1.699999 0.300000
v -1.700001 1.599999 0.300000
v -1.700000 1.699999 0.300000
v 1.700001 1.599999 0.300000
v 1.700000 1.699999 0.300000
v 1.900000 1.699999 0.300000
v -1.900000 1.699999 -0.300000
v -1.700001 1.599999 -0.300000
v -1.700000 1.699999 -0.300000
v 1.700000 1.699999 -0.300000
v 1.700001 1.599999 -0.300000
v 1.900000 1.699999 -0.300000
v -3.000001 1.699999 -0.400000
v -3.100001 1.699999 -0.400000
v -2.900001 1.599999 -0.300000
v -2.900001 1.599999 -0.400000
v -2.100000 1.699999 -0.400000
v -2.200001 1.699999 -0.400000
v -2.200001 1.699999 -0.300000
v -2.100000 1.699999 -0.300000
v -2.000000 1.599999 -0.400000
v -2.000000 1.699999 -0.400000
v -2.000000 1.699999 -0.300000
v 2.100000 1.699999 -0.400000
v 2.000000 1.699999 -0.400000
v 2.000000 1.599999 -0.400000
v 2.000000 1.699999 -0.300000
v 2.200001 1.699999 -0.400000
v 2.200001 1.699999 -0.300000
v 2.100000 1.699999 -0.300000
v 3.000001 1.699999 -0.400000
v 2.900001 1.599999 -0.400000
v 2.900001 1.599999 -0.300000
v 3.100001 1.699999 -0.400000
v -3.100001 1.699999 -2.000000
v 3.100001 1.699999 -2.000000
v -3.100001 1.699999 2.000000
v 3.100001 1.699999 2.000000
v -3.000001 1.699999 1.900000
v 3.000001 1.699999 1.900000
v -2.100000 1.799999 0.400000
v -2.100000 1.799999 0.300000
v -2.000000 1.799999 0.300000
v -2.000000 1.799999 0.400000
v -1.900000 1.699999 0.400000
v -1.900000 1.799999 0.300000
v -1.900000 1.799999 0.400000
v 1.900000 1.699999 0.400000
v 1.900000 1.799999 0.300000
v 1.900000 1.799999 0.400000
v 2.000000 1.799999 0.400000
v 2.100000 1.799999 0.300000
v 2.100000 1.799999 0.400000
v 2.000000 1.799999 0.300000
v -1.600000 1.699999 0.300000
v -1.600000 1.799999 0.300000
v -1.700000 1.799999 0.300000
v 1.600000 1.699999 0.300000
v 1.600000 1.799999 0.300000
v 1.700000 1.799999 0.300000
v -1.600000 1.699999 -0.300000
v -1.600000 1.799999 -0.300000
v -1.700000 1.799999 -0.300000
v 1.700000 1.799999 -0.300000
v 1.600000 1.799999 -0.300000
v 1.600000 1.699999 -0.300000
v -2.000000 1.799999 -0.400000
v -2.100000 1.799999 -0.400000
v -2.100000 1.799999 -0.300000
v -2.000000 1.799999 -0.300000
v -1.900000 1.699999 -0.400000
v -1.900000 1.799999 -0.400000
v -1.900000 1.799999 -0.300000
v 2.000000 1.799999 -0.400000
v 1.900000 1.799999 -0.400000
v 1.900000 1.699999 -0.400000
v 1.900000 1.799999 -0.300000
v 2.100000 1.799999 -0.400000
v 2.100000 1.799999 -0.300000
v 2.000000 1.799999 -0.300000
v -3.000001 1.699999 -2.000000
v 3.000001 1.699999 -2.000000
v -3.400001 1.900000 2.000000
v -3.400001 1.900000 1.900000
v -3.300001 1.900000 1.900000
v -3.300001 1.900000 2.000000
v 3.300001 1.900000 2.000000
v 3.400001 1.900000 1.900000
v 3.400001 1.900000 2.000000
v 3.300001 1.900000 1.900000
v -0.200000 1.799999 1.900000
v -0.200000 1.900000 1.900000
v -0.100000 1.900000 1.900000
v 0.100000 1.900000 1.900000
v 0.200000 1.799999 1.900000
v 0.200000 1.900000 1.900000
v -2.000000 1.900000 0.400000
v -2.000000 1.900000 0.300000
v -1.900000 1.900000 0.300000
v -1.900000 1.900000 0.400000
v -1.700001 1.799999 0.400000
v -1.700001 1.900000 0.300000
v -1.700000 1.900000 0.400000
v 1.700001 1.799999 0.400000
v 1.700001 1.900000 0.300000
v 1.700000 1.900000 0.400000
v 1.900000 1.900000 0.400000
v 2.000000 1.900000 0.300000
v 2.000000 1.900000 0.400000
v 1.900000 1.900000 0.300000
v -1.500000 1.799999 0.300000
v -1.500000 1.900000 0.300000
v -1.600000 1.900000 0.300000
v 1.500000 1.799999 0.300000
v 1.500000 1.900000 0.300000
v 1.600000 1.900000 0.300000
v -1.500000 1.799999 -0.300000
v -1.500000 1.900000 -0.300000
v -1.600000 1.900000 -0.300000
v 1.600000 1.900000 -0.300000
v 1.500000 1.900000 -0.300000
v 1.500000 1.799999 -0.300000
v -1.900000 1.900000 -0.400000
v -2.000000 1.900000 -0.400000
v -2.000000 1.900000 -0.300000
v -1.900000 1.900000 -0.300000
v -1.700001 1.799999 -0.400000
v -1.700000 1.900000 -0.400000
v -1.700001 1.900000 -0.300000
v 1.700000 1.900000 -0.400000
v 1.700001 1.799999 -0.400000
v 1.700001 1.900000 -0.300000
v 1.900000 1.900000 -0.400000
v 2.000000 1.900000 -0.400000
v 2.000000 1.900000 -0.300000
v 1.900000 1.900000 -0.300000
v -3.300001 1.900000 -2.000000
v -3.400001 1.900000 -2.000000
v -3.400001 1.900000 -1.900000
v -3.300001 1.900000 -1.900000
v -0.200000 1.900000 -2.000000
v -0.200000 1.799999 -2.000000
v 0.200000 1.799999 -2.000000
v 0.200000 1.900000 -2.000000
v 3.300001 1.900000 -2.000000
v 3.400001 1.900000 -2.000000
v 3.400001 1.900000 -1.900000
v 3.300001 1.900000 -1.900000
v -0.100000 1.900000 2.000000
v -0.100000 2.000000 1.900000
v -0.100000 2.000000 2.000000
v 0.100000 1.900000 2.000000
v 0.100000 2.000000 1.900000
v 0.100000 2.000000 2.000000
v -0.700000 1.900000 1.900000
v -0.700000 2.000000 1.900000
v 0.700000 1.900000 1.900000
v 0.700000 2.000000 1.900000
v -1.900000 2.000000 0.300000
v -1.900000 2.000000 0.400000
v -1.600000 1.900000 0.400000
v -1.600000 2.000000 0.300000
v -1.600000 2.000000 0.400000
v 1.600000 1.900000 0.400000
v 1.600000 2.000000 0.300000
v 1.600000 2.000000 0.400000
v 1.900000 2.000000 0.300000
v 1.900000 2.000000 0.400000
v -1.400000 1.900000 0.300000
v -1.400000 2.000000 0.300000
v -1.500000 2.000000 0.300000
v 1.400000 1.900000 0.300000
v 1.400000 2.000000 0.300000
v 1.500000 2.000000 0.300000
v -1.400000 1.900000 -0.300000
v -1.400000 2.000000 -0.300000
v -1.500000 2.000000 -0.300000
v 1.500000 2.000000 -0.300000
v 1.400000 2.000000 -0.300000
v 1.400000 1.900000 -0.300000
v -1.900000 2.000000 -0.400000
v -1.900000 2.000000 -0.300000
v -1.600000 1.900000 -0.400000
v -1.600000 2.000000 -0.400000
v -1.600000 2.000000 -0.300000
v 1.600000 2.000000 -0.400000
v 1.600000 1.900000 -0.400000
v 1.600000 2.000000 -0.300000
v 1.900000 2.000000 -0.400000
v 1.900000 2.000000 -0.300000
v -0.700000 2.000000 -2.000000
v -0.700000 1.900000 -2.000000
v 0.700000 1.900000 -2.000000
v 0.700000 2.000000 -2.000000
v -3.100001 2.099999 1.900000
v -3.100001 2.099999 2.000000
v -0.700000 2.000000 2.000000
v -0.700000 2.099999 1.900000
v -0.700000 2.099999 2.000000
v 0.700000 2.000000 2.000000
v 0.700000 2.099999 1.900000
v 0.700000 2.099999 2.000000
v 3.100001 2.099999 1.900000
v 3.100001 2.099999 2.000000
v -3.000001 2.099999 1.900000
v -1.300000 2.000000 1.900000
v -1.300000 2.099999 1.900000
v 1.300000 2.000000 1.900000
v 1.300000 2.099999 1.900000
v 3.000001 2.099999 1.900000
v -3.000001 2.099999 0.400000
v 3.000001 2.099999 0.400000
v -2.900001 2.099999 0.300000
v -2.900001 2.099999 0.400000
v -2.000000 2.000000 0.400000
v -2.000000 2.000000 0.300000
v -2.000000 2.099999 0.300000
v -2.000000 2.099999 0.400000
v -1.900000 2.099999 0.400000
v -1.500000 2.000000 0.400000
v -1.500000 2.099999 0.300000
v -1.500000 2.099999 0.400000
v -1.300000 2.000000 0.300000
v -1.300000 2.099999 0.300000
v 1.300000 2.000000 0.300000
v 1.300000 2.099999 0.300000
v 1.500000 2.000000 0.400000
v 1.500000 2.099999 0.300000
v 1.500000 2.099999 0.400000
v 1.900000 2.099999 0.400000
v 2.000000 2.000000 0.400000
v 2.000000 2.000000 0.300000
v 2.000000 2.099999 0.300000
v 2.000000 2.099999 0.400000
v 2.900001 2.099999 0.300000
v 2.900001 2.099999 0.400000
v -1.300000 2.000000 -0.300000
v -1.300000 2.099999 -0.300000
v 1.300000 2.000000 -0.300000
v 1.300000 2.099999 -0.300000
v -2.900001 2.099999 -0.400000
v -2.900001 2.099999 -0.300000
v -3.000001 2.099999 -0.400000
v -1.900000 2.099999 -0.400000
v -2.000000 2.099999 -0.400000
v -2.000000 2.000000 -0.400000
v -2.000000 2.000000 -0.300000
v -2.000000 2.099999 -0.300000
v -1.500000 2.000000 -0.400000
v -1.500000 2.099999 -0.400000
v -1.500000 2.099999 -0.300000
v 1.500000 2.099999 -0.400000
v 1.500000 2.000000 -0.400000
v 1.500000 2.099999 -0.300000
v 1.900000 2.099999 -0.400000
v 2.000000 2.000000 -0.300000
v 2.000000 2.000000 -0.400000
v 2.000000 2.099999 -0.400000
v 2.000000 2.099999 -0.300000
v 3.000001 2.099999 -0.400000
v 2.900001 2.099999 -0.400000
v 2.900001 2.099999 -0.300000
v -3.000001 2.099999 -2.000000
v -1.300000 2.099999 -2.000000
v -1.300000 2.000000 -2.000000
v 1.300000 2.000000 -2.000000
v 1.300000 2.099999 -2.000000
v 3.000001 2.099999 -2.000000
v -3.000001 2.099999 2.000000
v -1.300000 2.099999 2.000000
v -1.300000 2.199999 1.900000
v -1.300000 2.200000 2.000000
v 1.300000 2.099999 2.000000
v 1.300000 2.199999 1.900000
v 1.300000 2.200000 2.000000
v 3.000001 2.099999 2.000000
v -2.900001 2.099999 1.900000
v -1.900000 2.099999 1.900000
v -1.900000 2.200000 1.900000
v 1.900000 2.099999 1.900000
v 1.900000 2.200000 1.900000
v 2.900001 2.099999 1.900000
v -1.900000 2.199999 0.400000
v 1.900000 2.199999 0.400000
v -2.800001 2.099999 0.400000
v -2.800001 2.099999 0.300000
v -2.800001 2.199999 0.300000
v -2.800001 2.200000 0.400000
v -2.600001 2.099999 0.400000
v -2.600001 2.099999 0.300000
v -2.600001 2.199999 0.300000
v -2.600001 2.200000 0.400000
v -2.500000 2.200000 0.400000
v 2.500000 2.200000 0.400000
v 2.600001 2.099999 0.400000
v 2.600001 2.099999 0.300000
v 2.600001 2.199999 0.300000
v 2.600001 2.200000 0.400000
v 2.800001 2.099999 0.400000
v 2.800001 2.099999 0.300000
v 2.800001 2.199999 0.300000
v 2.800001 2.200000 0.400000
v -2.800001 2.099999 -0.300000
v -2.800001 2.099999 -0.400000
v -2.800001 2.200000 -0.400000
v -2.800001 2.199999 -0.300000
v -2.500000 2.200000 -0.400000
v -2.600001 2.200000 -0.400000
v -2.600001 2.099999 -0.400000
v -2.600001 2.099999 -0.300000
v -2.600001 2.199999 -0.300000
v -1.900000 2.199999 -0.400000
v 1.900000 2.199999 -0.400000
v 2.500000 2.200000 -0.400000
v 2.600001 2.099999 -0.300000
v 2.600001 2.099999 -0.400000
v 2.600001 2.200000 -0.400000
v 2.600001 2.199999 -0.300000
v 2.800001 2.200000 -0.400000
v 2.800001 2.099999 -0.400000
v 2.800001 2.099999 -0.300000
v 2.800001 2.199999 -0.300000
v -2.900001 2.099999 -2.000000
v -1.900000 2.200000 -2.000000
v -1.900000 2.099999 -2.000000
v 1.900000 2.099999 -2.000000
v 1.900000 2.200000 -2.000000
v 2.900001 2.099999 -2.000000
v -1.900000 2.199999 2.000000
v -1.900000 2.299999 1.900000
v -1.900000 2.300000 2.000000
v -0.300000 2.300000 2.000000
v -0.300000 2.299999 1.900000
v 0.300000 2.299999 1.900000
v 0.300000 2.300000 2.000000
v 1.900000 2.199999 2.000000
v 1.900000 2.299999 1.900000
v 1.900000 2.300000 2.000000
v -2.900001 2.300000 1.900000
v -2.500000 2.199999 1.900000
v -2.500000 2.299999 1.900000
v 2.500000 2.199999 1.900000
v 2.500000 2.299999 1.900000
v 2.900001 2.300000 1.900000
v -2.900001 2.299999 0.400000
v -2.500000 2.299999 0.400000
v 2.500000 2.299999 0.400000
v 2.900001 2.299999 0.400000
v -2.900001 2.299999 -0.400000
v -2.500000 2.299999 -0.400000
v 2.500000 2.299999 -0.400000
v 2.900001 2.299999 -0.400000
v -2.900001 2.300000 -2.000000
v -2.500000 2.300000 -2.000000
v -2.500000 2.199999 -2.000000
v -0.300000 2.300000 -2.000000
v -0.300000 2.299999 -1.900000
v 0.300000 2.300000 -2.000000
v 0.300000 2.299999 -1.900000
v 2.500000 2.199999 -2.000000
v 2.500000 2.300000 -2.000000
v 2.900001 2.300000 -2.000000
v -3.000001 2.400000 1.900000
v -3.000001 2.400000 2.000000
v -2.500000 2.299999 2.000000
v -2.500000 2.400000 1.900000
v -2.500000 2.400000 2.000000
v -1.000000 2.400000 2.000000
v -1.000000 2.400000 1.900000
v -0.300000 2.400000 1.900000
v -0.300000 2.400000 2.000000
v 0.300000 2.400000 2.000000
v 0.300000 2.400000 1.900000
v 1.000000 2.400000 1.900000
v 1.000000 2.400000 2.000000
v 2.500000 2.299999 2.000000
v 2.500000 2.400000 1.900000
v 2.500000 2.400000 2.000000
v 3.000001 2.400000 1.900000
v 3.000001 2.400000 2.000000
v -1.000000 2.400000 -2.000000
v -1.000000 2.400000 -1.900000
v -0.300000 2.400000 -2.000000
v -0.300000 2.400000 -1.900000
v 0.300000 2.400000 -2.000000
v 0.300000 2.400000 -1.900000
v 1.000000 2.400000 -2.000000
v 1.000000 2.400000 -1.900000
v -3.300001 2.500000 2.000000
v -3.300001 2.500000 1.900000
v -3.200001 2.500000 1.900000
v -3.200001 2.500000 2.000000
v -1.800000 2.500000 2.000000
v -1.800001 2.500000 1.900000
v -1.000000 2.500000 1.900000
v -1.000000 2.500000 2.000000
v 1.000000 2.500000 2.000000
v 1.000000 2.500000 1.900000
v 1.800001 2.500000 1.900000
v 1.800000 2.500000 2.000000
v 3.200001 2.500000 2.000000
v 3.300001 2.500000 1.900000
v 3.300001 2.500000 2.000000
v 3.200001 2.500000 1.900000
v -3.200001 2.500000 -2.000000
v -3.300001 2.500000 -2.000000
v -3.300001 2.500000 -1.900000
v -3.200001 2.500000 -1.900000
v -1.800000 2.500000 -2.000000
v -1.800001 2.500000 -1.900000
v -1.000000 2.500000 -2.000000
v -1.000000 2.500000 -1.900000
v 1.000000 2.500000 -2.000000
v 1.000000 2.500000 -1.900000
v 1.800000 2.500000 -2.000000
v 1.800001 2.500000 -1.900000
v 3.200001 2.500000 -2.000000
v 3.300001 2.500000 -2.000000
v 3.300001 2.500000 -1.900000
v 3.200001 2.500000 -1.900000
v -2.500000 2.599999 2.000000
v -2.500000 2.600000 1.900000
v -1.800000 2.599999 1.900000
v -1.800001 2.600000 2.000000
v 1.800001 2.600000 2.000000
v 1.800000 2.599999 1.900000
v 2.500000 2.600000 1.900000
v 2.500000 2.599999 2.000000
v -2.500000 2.599999 -2.000000
v -2.500000 2.600000 -1.900000
v -1.800001 2.600000 -2.000000
v -1.800000 2.599999 -1.900000
v 1.800001 2.600000 -2.000000
v 1.800000 2.599999 -1.900000
v 2.500000 2.599999 -2.000000
v 2.500000 2.600000 -1.900000
v -2.900001 2.700000 2.000000
v -2.900001 2.700000 1.900000
v -2.500000 2.700000 1.900000
v -2.500000 2.700000 2.000000
v 2.500000 2.700000 2.000000
v 2.500000 2.700000 1.900000
v 2.900001 2.700000 1.900000
v 2.900001 2.700000 2.000000
v -2.900001 2.700000 -2.000000
v -2.900001 2.700000 -1.900000
v -2.500000 2.700000 -2.000000
v -2.500000 2.700000 -1.900000
v 2.500000 2.700000 -2.000000
v 2.500000 2.700000 -1.900000
v 2.900001 2.700000 -2.000000
v 2.900001 2.700000 -1.900000
v -3.900001 2.800000 1.900000
v -3.900001 2.800000 2.000000
v -3.200001 2.800000 1.900000
v -3.200001 2.800000 2.000000
v -2.900001 2.800000 1.900000
v -2.900001 2.800000 2.000000
v 2.900001 2.800000 1.900000
v 2.900001 2.800000 2.000000
v 3.200001 2.800000 1.900000
v 3.200001 2.800000 2.000000
v 3.900001 2.800000 1.900000
v 3.900001 2.800000 2.000000
v -3.900001 2.800000 -2.000000
v -3.900001 2.800000 -1.900000
v -3.200001 2.800000 -2.000000
v -3.200001 2.800000 -1.900000
v -2.900001 2.800000 -2.000000
v -2.900001 2.800000 -1.900000
v 2.900001 2.800000 -2.000000
v 2.900001 2.800000 -1.900000
v 3.200001 2.800000 -2.000000
v 3.200001 2.800000 -1.900000
v 3.900001 2.800000 -2.000000
v 3.900001 2.800000 -1.900000
v -3.800001 2.800000 2.000000
v -3.800001 2.800000 1.900000
v -3.800001 2.900000 1.900000
v -3.800001 2.900000 2.000000
v -3.300001 2.800000 2.000000
v -3.300001 2.800000 1.900000
v -3.300001 2.900000 1.900000
v -3.300001 2.900000 2.000000
v -2.700001 2.800000 2.000000
v -2.700001 2.800000 1.900000
v -2.700001 2.900000 1.900000
v -2.700001 2.900000 2.000000
v 2.700001 2.800000 2.000000
v 2.700001 2.800000 1.900000
v 2.700001 2.900000 1.900000
v 2.700001 2.900000 2.000000
v 3.300001 2.800000 2.000000
v 3.300001 2.800000 1.900000
v 3.300001 2.900000 1.900000
v 3.300001 2.900000 2.000000
v 3.800001 2.800000 2.000000
v 3.800001 2.800000 1.900000
v 3.800001 2.900000 1.900000
v 3.800001 2.900000 2.000000
v -3.800001 2.800000 -1.900000
v -3.800001 2.800000 -2.000000
v -3.800001 2.900000 -2.000000
v -3.800001 2.900000 -1.900000
v -3.300001 2.900000 -2.000000
v -3.300001 2.800000 -2.000000
v -3.300001 2.800000 -1.900000
v -3.300001 2.900000 -1.900000
v -2.700001 2.800000 -1.900000
v -2.700001 2.800000 -2.000000
v -2.700001 2.900000 -2.000000
v -2.700001 2.900000 -1.900000
v 2.700001 2.900000 -2.000000
v 2.700001 2.800000 -2.000000
v 2.700001 2.800000 -1.900000
v 2.700001 2.900000 -1.900000
v 3.300001 2.800000 -1.900000
v 3.300001 2.800000 -2.000000
v 3.300001 2.900000 -2.000000
v 3.300001 2.900000 -1.900000
v 3.800001 2.900000 -2.000000
v 3.800001 2.800000 -2.000000
v 3.800001 2.800000 -1.900000
v 3.800001 2.900000 -1.900000
v -1.400000 2.900000 2.000000
v -1.400000 2.900000 1.900000
v -1.400000 3.000000 1.900000
v -1.400000 3.000000 2.000000
v 1.400000 2.900000 2.000000
v 1.400000 2.900000 1.900000
v 1.400000 3.000000 1.900000
v 1.400000 3.000000 2.000000
v -1.400000 2.900000 -1.900000
v -1.400000 2.900000 -2.000000
v -1.400000 3.000000 -2.000000
v -1.400000 3.000000 -1.900000
v 1.400000 3.000000 -2.000000
v 1.400000 2.900000 -2.000000
v 1.400000 2.900000 -1.900000
v 1.400000 3.000000 -1.900000
v -4.000001 3.300000 1.900000
v -3.900001 3.300000 2.000000
v -3.900001 3.300000 1.900000
v 3.900001 3.300000 1.900000
v 3.900001 3.300000 2.000000
v 4.000001 3.300000 1.900000
v -3.900001 3.300000 -1.800000
v 3.900001 3.300000 -1.800000
v -4.000001 3.300000 -1.900000
v -3.900001 3.300000 -1.900000
v 4.000001 3.300000 -1.900000
v 3.900001 3.300000 -1.900000
v -3.900001 3.300000 -2.000000
v 3.900001 3.300000 -2.000000
v -3.900002 3.500000 1.900001
v 3.900002 3.500000 1.900001
v -3.900001 6.300001 1.900000
v -3.900001 6.300001 2.000000
v -4.000001 6.300001 1.900000
v 4.000001 6.300001 1.900000
v 3.900001 6.300001 1.900000
v 3.900001 6.300001 2.000000
v -3.900001 6.300001 -2.000000
v -3.900001 6.300001 -1.900000
v -4.000001 6.300001 -1.900000
v 4.000001 6.300001 -1.900000
v 3.900001 6.300001 -2.000000
v 3.900001 6.300001 -1.900000
v -4.000001 6.400001 1.900000
v -3.900001 6.400001 2.000000
v -3.900001 6.400001 1.900000
v 3.900001 6.400001 1.900000
v 3.900001 6.400001 2.000000
v 4.000001 6.400001 1.900000
v -3.900001 6.400001 -1.900000
v -4.000001 6.400001 -1.900000
v 4.000001 6.400001 -1.900000
v 3.900001 6.400001 -1.900000
v -3.900001 6.400001 -2.000000
v 3.900001 6.400001 -2.000000
v -3.900001 6.700001 1.900000
v -3.900001 6.700001 2.000000
v -4.000001 6.700001 1.900000
v 4.000001 6.700001 1.900000
v 3.900001 6.700001 1.900000
v 3.900001 6.700001 2.000000
v -3.900001 6.700001 -2.000000
v -3.900001 6.700001 -1.900000
v -4.000001 6.700001 -1.900000
v 4.000001 6.700001 -1.900000
v 3.900001 6.700001 -2.000000
v 3.900001 6.700001 -1.900000
v -4.000001 7.100001 2.000000
v 4.000001 7.100001 2.000000
v -3.800001 7.100001 1.800000
v 3.800001 7.100001 1.800000
v -3.800001 7.100001 -1.800000
v 3.800001 7.100001 -1.800000
v -4.000001 7.100001 -2.000000
v 4.000001 7.100001 -2.000000
v -3.800001 7.200001 1.800001
v 3.800001 7.200001 1.800001
v -3.600001 7.200001 1.600000
v 3.600001 7.200001 1.600000
v -3.600001 7.200001 -1.600000
v 3.600001 7.200001 -1.600000
v -3.800001 7.200001 -1.800001
v 3.800001 7.200001 -1.800001
v -3.600001 7.300001 1.600000
v 3.600001 7.300001 1.600000
v -3.600001 7.300001 -1.600000
v 3.600001 7.300001 -1.600000
v 0.300000 3.500000 1.700000
v 0.800000 3.500000 1.700000
v 2.500000 3.500000 1.700000
v 3.000001 3.500000 1.700000
v 2.300001 3.500000 1.600000
v 2.500000 3.500000 1.600000
v 3.000001 3.500000 1.600000
v 3.100001 3.500000 1.600000
v 2.100000 3.500000 1.500000
v 2.300001 3.500000 1.500000
v 0.800000 3.500000 1.400000
v 2.000000 3.500000 1.400000
v 2.100000 3.500000 1.400000
v 0.300000 3.500000 1.400000
v 1.900000 3.500000 1.300000
v 2.000000 3.500000 1.300000
v -2.100000 3.500000 1.000000
v -1.300000 3.500000 1.000000
v 1.900000 3.500000 1.000000
v 3.100001 3.500000 1.000000
v 1.000000 3.500000 0.900000
v 1.100000 3.500000 0.900000
v 2.000000 3.500000 0.900000
v 2.000000 3.500000 1.000000
v 3.000001 3.500000 1.000000
v 3.000001 3.500000 0.900000
v -3.100001 3.500000 0.800000
v -3.000001 3.500000 0.800000
v -2.800001 3.500000 0.800000
v 1.100000 3.500000 0.800000
v 1.200000 3.500000 0.800000
v 2.900001 3.500000 0.900000
v 2.900001 3.500000 0.800000
v -3.100001 3.500000 0.700000
v -3.000001 3.500000 0.700000
v -1.300000 3.500000 0.700000
v -0.500000 3.500000 0.700000
v -0.400000 3.500000 0.700000
v 1.200000 3.500000 0.700000
v 1.300000 3.500000 0.700000
v 2.600001 3.500000 0.700000
v 2.600001 3.500000 0.800000
v 2.800001 3.500000 0.800000
v 2.800001 3.500000 0.700000
v -3.500001 3.500000 0.700000
v -3.500001 3.500000 0.600000
v -3.400001 3.500000 0.600000
v -3.400001 3.500000 0.700000
v -2.800001 3.500000 0.600000
v -2.100000 3.500000 0.600000
v -1.600000 3.500000 0.700000
v -1.600000 3.500000 0.600000
v -0.600000 3.500000 0.600000
v -0.500000 3.500000 0.600000
v 1.000000 3.500000 0.600000
v -2.900001 3.500000 0.600000
v -0.400000 3.500000 0.500000
v -0.300000 3.500000 0.500000
v 1.100000 3.500000 0.500000
v 1.200000 3.500000 0.500000
v 1.200000 3.500000 0.600000
v 1.300000 3.500000 0.500000
v 1.400000 3.500000 0.500000
v 2.700001 3.500000 0.500000
v -3.700001 3.500000 0.400000
v -3.500001 3.500000 0.400000
v -2.900001 3.500000 0.400000
v 2.700001 3.500000 0.400000
v 2.900001 3.500000 0.400000
v -3.100001 3.500000 0.400000
v -0.300000 3.500000 0.300000
v -0.200000 3.500000 0.300000
v 2.900001 3.500000 0.300000
v 3.100001 3.500000 0.300000
v -3.100001 3.500000 0.200000
v -0.800000 3.500000 0.200000
v -0.600000 3.500000 0.200000
v 1.400000 3.500000 0.200000
v -3.700001 3.500000 0.100000
v -3.600001 3.500000 0.200000
v -3.600001 3.500000 0.100000
v -3.500001 3.500000 0.100000
v -3.500001 3.500000 0.200000
v -0.200000 3.500000 0.100000
v 1.100000 3.500000 0.100000
v 3.100001 3.500000 0.100000
v 3.200001 3.500000 0.100000
v -3.300001 3.500000 0.100000
v -0.200000 3.500000 0.000000
v 1.200000 3.500000 0.000000
v 1.200000 3.500000 0.100000
v 1.300000 3.500000 0.000000
v 3.200001 3.500000 -0.100000
v 3.300001 3.500000 -0.100000
v -0.200000 3.500000 -0.200000
v 1.300000 3.500000 -0.200000
v -3.300001 3.500000 -0.300000
v -3.100001 3.500000 -0.300000
v -3.100001 3.500000 -0.200000
v -0.700000 3.500000 -0.200000
v -0.700000 3.500000 -0.300000
v -0.600000 3.500000 -0.300000
v -0.600000 3.500000 -0.200000
v -0.300000 3.500000 -0.200000
v -0.300000 3.500000 -0.300000
v -0.200000 3.500000 -0.300000
v 1.400000 3.500000 -0.200000
v -3.400001 3.500000 -0.400000
v -3.300001 3.500000 -0.400000
v 1.300000 3.500000 -0.400000
v 1.400000 3.500000 -0.400000
v -3.500001 3.500000 -0.500000
v -3.400001 3.500000 -0.500000
v -0.200000 3.500000 -0.500000
v 0.700000 3.500000 -0.500000
v 1.100000 3.500000 -0.500000
v 1.300000 3.500000 -0.500000
v 0.700000 3.500000 -0.600000
v 1.100000 3.500000 -0.600000
v 3.300001 3.500000 -0.600000
v -3.600001 3.500000 -0.700000
v -3.500001 3.500000 -0.700000
v -1.000000 3.500000 -0.700000
v -0.800000 3.500000 -0.700000
v 3.200001 3.500000 -0.600000
v -1.000000 3.500000 -0.800000
v 3.200001 3.500000 -0.800000
v 3.300001 3.500000 -0.800000
v 3.500001 3.500000 -0.800000
v -0.900000 3.500000 -0.900000
v -0.900000 3.500000 -0.800000
v 3.100001 3.500000 -0.800000
v 3.200001 3.500000 -0.900000
v 3.300001 3.500000 -0.900000
v 3.500001 3.500000 -0.900000
v 3.700001 3.500000 -0.900000
v -0.800000 3.500000 -1.000000
v -0.800000 3.500000 -0.900000
v 3.100001 3.500000 -1.000000
v 3.200001 3.500000 -1.000000
v -0.700000 3.500000 -1.100000
v -0.700000 3.500000 -1.000000
v 1.800001 3.500000 -1.000000
v 2.000000 3.500000 -1.100000
v 2.000000 3.500000 -1.000000
v 2.900001 3.500000 -1.000000
v 2.900001 3.500000 -1.100000
v -0.600000 3.500000 -1.200000
v -0.600000 3.500000 -1.100000
v 2.200001 3.500000 -1.200000
v 2.200001 3.500000 -1.100000
v 2.700001 3.500000 -1.100000
v 2.700001 3.500000 -1.200000
v 3.000001 3.500000 -1.200000
v 3.100001 3.500000 -1.200000
v -3.600001 3.500000 -1.300000
v -2.100000 3.500000 -1.300000
v -0.500000 3.500000 -1.300000
v -0.500000 3.500000 -1.200000
v 1.800000 3.500000 -1.300000
v -3.500001 3.500000 -1.300000
v -2.200001 3.500000 -1.300000
v -0.400000 3.500000 -1.400000
v -0.400000 3.500000 -1.300000
v 1.600000 3.500000 -1.300000
v 1.600000 3.500000 -1.400000
v 3.700001 3.500000 -1.400000
v -3.500001 3.500000 -1.500000
v -2.200001 3.500000 -1.500000
v -0.200000 3.500000 -1.500000
v -0.200000 3.500000 -1.400000
v 0.000000 3.500000 -1.400000
v 0.000000 3.500000 -1.500000
v 0.100000 3.500000 -1.500000
v 0.100000 3.500000 -1.400000
v 1.500000 3.500000 -1.400000
v 1.500000 3.500000 -1.500000
v 3.000001 3.500000 -1.500000
v 3.600001 3.500000 -1.400000
v -3.400001 3.500000 -1.600000
v -3.400001 3.500000 -1.500000
v -2.300001 3.500000 -1.500000
v -2.300001 3.500000 -1.600000
v -0.100000 3.500000 -1.600000
v -0.100000 3.500000 -1.500000
v 1.400000 3.500000 -1.500000
v 1.400000 3.500000 -1.600000
v 3.100001 3.500000 -1.600000
v 3.100001 3.500000 -1.500000
v 3.200001 3.500000 -1.500000
v 3.200001 3.500000 -1.600000
v 3.300001 3.500000 -1.500000
v -3.300001 3.500000 -1.700000
v -3.300001 3.500000 -1.600000
v -2.400001 3.500000 -1.600000
v -2.400001 3.500000 -1.700000
v 0.100000 3.500000 -1.700000
v 0.100000 3.500000 -1.600000
v 1.200000 3.500000 -1.600000
v 1.200000 3.500000 -1.700000
v 3.200001 3.500000 -1.700000
v 3.300001 3.500000 -1.700001
v 3.400001 3.500000 -1.600000
v 3.400001 3.500000 -1.700000
v 3.500001 3.500000 -1.700000
v 3.500001 3.500000 -1.600000
v 3.600001 3.500000 -1.700000
v -3.900001 3.500000 -1.800001
v -3.100001 3.500000 -1.800000
v -3.100001 3.500000 -1.700001
v -2.600001 3.500000 -1.800000
v -2.600001 3.500000 -1.700001
v 0.400000 3.500000 -1.800000
v 0.400000 3.500000 -1.700001
v 0.900000 3.500000 -1.800000
v 0.900000 3.500000 -1.700001
v 3.200001 3.500000 -1.800000
v 3.300001 3.500000 -1.800000
v 3.900001 3.500000 -1.800001
v 1.700001 3.500000 0.000000
v 1.700001 3.500000 -0.100000
v 1.700000 3.600000 0.000000
v -2.100000 3.500000 -0.700000
v -2.200001 3.500000 -0.700000
v 3.100001 3.600000 -1.000000
v 2.200001 3.700000 0.500000
v 2.200001 3.700000 0.400000
v 2.700001 3.700000 0.400000
v 2.700001 3.700000 0.500000
v 2.000000 3.700000 0.400000
v 2.000000 3.700000 0.300000
v 2.900001 3.700000 0.300000
v 2.900001 3.700000 0.400000
v 1.800001 3.700000 0.300000
v 2.300001 3.700000 0.200000
v 2.800001 3.700000 0.200000
v 3.100001 3.700000 0.300000
v 1.800000 3.700000 0.100000
v 2.200001 3.700000 0.100000
v 2.300001 3.700000 0.100000
v 2.800001 3.700000 0.100000
v 2.900001 3.700000 0.100000
v 3.100001 3.700000 0.100000
v 1.700001 3.700000 0.100000
v 1.700000 3.600000 0.100000
v 2.100000 3.700000 0.000000
v 2.200001 3.700000 0.000000
v 2.900001 3.700000 0.000000
v 3.000001 3.700000 0.000000
v 3.200001 3.700000 0.100000
v 1.700001 3.700000 -0.100000
v 2.000000 3.700000 -0.100000
v 2.100000 3.700000 -0.100000
v 3.000001 3.700000 -0.100000
v 3.100001 3.700000 -0.100000
v 3.200001 3.700000 -0.100000
v 3.300001 3.700000 -0.100000
v 1.700001 3.700000 -0.500000
v 1.800000 3.700000 -0.500000
v 1.800001 3.700000 -0.600000
v 1.900000 3.700000 -0.600000
v 2.000000 3.700000 -0.600000
v 3.100001 3.700000 -0.600000
v 3.200001 3.700000 -0.600000
v 3.300001 3.700000 -0.600000
v 2.100000 3.700000 -0.700000
v 2.100000 3.700000 -0.600000
v 3.000001 3.700000 -0.600000
v 3.000001 3.700000 -0.700000
v 2.200001 3.700000 -0.800000
v 2.200001 3.700000 -0.700000
v 2.900001 3.700000 -0.700000
v 2.900001 3.700000 -0.800000
v 3.100001 3.700000 -0.800000
v 3.200001 3.700000 -0.800000
v 2.300001 3.700000 -0.900000
v 2.300001 3.700000 -0.800000
v 2.800001 3.700000 -0.800000
v 2.800001 3.700000 -0.900000
v 1.900000 3.700000 -1.000000
v 2.000000 3.700000 -1.000000
v 2.900001 3.700000 -1.000000
v 3.100001 3.700000 -1.000000
v 2.000000 3.700000 -1.100000
v 2.200001 3.700000 -1.100000
v 2.700001 3.700000 -1.100000
v 2.900001 3.700000 -1.100000
v 2.200001 3.700000 -1.200000
v 2.700001 3.700000 -1.200000
v -3.100001 3.800000 -0.200000
v -3.100001 3.800000 -0.300000
v -2.600001 3.800000 -0.300000
v -2.600001 3.800000 -0.200000
v -3.300001 3.800000 -0.300000
v -3.300001 3.800000 -0.400000
v -3.100001 3.800000 -0.400000
v -2.600001 3.800000 -0.400000
v -2.400001 3.800000 -0.400000
v -2.400001 3.800000 -0.300000
v -3.400001 3.800000 -0.400000
v -3.400001 3.800000 -0.500000
v -3.200001 3.800000 -0.500000
v -3.100001 3.800000 -0.500000
v -2.600001 3.800000 -0.500000
v -2.500000 3.800000 -0.500000
v -2.300001 3.800000 -0.500000
v -2.300001 3.800000 -0.400000
v -3.500001 3.800000 -0.500000
v -3.300001 3.800000 -0.600000
v -3.200001 3.800000 -0.600000
v -2.500000 3.800000 -0.600000
v -2.400001 3.800000 -0.600000
v -2.200001 3.800000 -0.500000
v -3.500001 3.800000 -0.700000
v -3.400001 3.800000 -0.700000
v -3.300001 3.800000 -0.700000
v -2.400001 3.800000 -0.700000
v -2.300001 3.800000 -0.700000
v -2.200001 3.800000 -0.700000
v -3.600001 3.800000 -0.700000
v -2.100000 3.800000 -0.700000
v -3.400001 3.800000 -1.200000
v -2.300001 3.800000 -1.200000
v -3.500001 3.800000 -1.300000
v -3.600001 3.800000 -1.300000
v -3.300001 3.800000 -1.300000
v -3.300001 3.800000 -1.200000
v -2.400001 3.800000 -1.200000
v -2.400001 3.800000 -1.300000
v -2.200001 3.800000 -1.300000
v -2.100000 3.800000 -1.300000
v -3.200001 3.800000 -1.400000
v -3.200001 3.800000 -1.300000
v -2.500000 3.800000 -1.300000
v -2.500000 3.800000 -1.400000
v -3.400001 3.800000 -1.500000
v -3.500001 3.800000 -1.500000
v -3.100001 3.800000 -1.500000
v -3.100001 3.800000 -1.400000
v -2.600001 3.800000 -1.400000
v -2.600001 3.800000 -1.500000
v -2.300001 3.800000 -1.500000
v -2.200001 3.800000 -1.500000
v -3.300001 3.800000 -1.600000
v -3.400001 3.800000 -1.600000
v -2.400001 3.800000 -1.600000
v -2.300001 3.800000 -1.600000
v -3.300001 3.800000 -1.700001
v -3.100001 3.800000 -1.700000
v -2.600001 3.800000 -1.700000
v -2.400001 3.800000 -1.700001
v -3.100001 3.800000 -1.800001
v -2.600001 3.800000 -1.800001
v 2.300001 3.900000 0.200000
v 2.300001 3.900000 0.100000
v 2.800001 3.900000 0.100000
v 2.800001 3.900000 0.200000
v 2.200001 3.900000 0.100000
v 2.200001 3.900000 0.000000
v 2.900001 3.900000 0.000000
v 2.900001 3.900000 0.100000
v 2.100000 3.900000 0.000000
v 2.100000 3.900000 -0.100000
v 2.500000 3.900000 -0.100000
v 2.800001 3.900000 -0.100000
v 3.000001 3.900000 -0.100000
v 3.000001 3.900000 0.000000
v 2.000000 3.900000 -0.100000
v 2.400001 3.900000 -0.200000
v 2.500000 3.900000 -0.200000
v 2.800001 3.900000 -0.200000
v 2.900001 3.900000 -0.200000
v 3.100001 3.900000 -0.100000
v 2.400001 3.900000 -0.500000
v 2.900001 3.900000 -0.500000
v 2.100000 3.900000 -0.600000
v 2.000000 3.900000 -0.600000
v 2.500000 3.900000 -0.600000
v 2.500000 3.900000 -0.500000
v 2.800001 3.900000 -0.500000
v 2.800001 3.900000 -0.600000
v 3.000001 3.900000 -0.600000
v 3.100001 3.900000 -0.600000
v 2.200001 3.900000 -0.700000
v 2.100000 3.900000 -0.700000
v 2.900001 3.900000 -0.700000
v 3.000001 3.900000 -0.700000
v 2.300001 3.900000 -0.800000
v 2.200001 3.900000 -0.800000
v 2.800001 3.900000 -0.800000
v 2.900001 3.900000 -0.800000
v 2.300001 3.900000 -0.900000
v 2.800001 3.900000 -0.900000
v 2.500000 4.000000 -0.100000
v 2.500000 4.000000 -0.200000
v 2.800001 4.000000 -0.200000
v 2.800001 4.000000 -0.100000
v 2.400001 4.000000 -0.200000
v 2.900001 4.000000 -0.200000
v -3.100001 4.000000 -0.400000
v -3.100001 4.000000 -0.500000
v -2.600001 4.000000 -0.500000
v -2.600001 4.000000 -0.400000
v 2.500000 4.000000 -0.500000
v 2.400001 4.000000 -0.500000
v 2.800001 4.000000 -0.500000
v 2.900001 4.000000 -0.500000
v -3.200001 4.000000 -0.500000
v -3.200001 4.000000 -0.600000
v -2.500000 4.000000 -0.600000
v -2.500000 4.000000 -0.500000
v 2.500000 4.000000 -0.600000
v 2.800001 4.000000 -0.600000
v -3.300001 4.000000 -0.600000
v -3.300001 4.000000 -0.700000
v -2.400001 4.000000 -0.700000
v -2.400001 4.000000 -0.600000
v -3.400001 4.000000 -0.700000
v -2.300001 4.000000 -0.700000
v -3.300001 4.000000 -1.200000
v -3.400001 4.000000 -1.200000
v -2.400001 4.000000 -1.200000
v -2.300001 4.000000 -1.200000
v -3.200001 4.000000 -1.300000
v -3.300001 4.000000 -1.300000
v -2.500000 4.000000 -1.300000
v -2.400001 4.000000 -1.300000
v -3.100001 4.000000 -1.400000
v -3.200001 4.000000 -1.400000
v -2.600001 4.000000 -1.400000
v -2.500000 4.000000 -1.400000
v -3.100001 4.000000 -1.500000
v -2.600001 4.000000 -1.500000
v -3.500001 3.500000 0.800000
v 2.100000 3.500000 0.800000
v 2.100000 3.500000 0.900000
v 2.200001 3.500000 0.500000
v 2.000000 3.500000 0.400000
v 2.200001 3.500000 0.400000
v 1.800000 3.500000 0.300000
v 2.000000 3.500000 0.300000
v 1.600000 3.500000 0.200000
v -3.300001 3.500000 0.200000
v 1.600000 3.500000 0.100000
v 1.800001 3.500000 0.100000
v -0.300000 3.500000 0.100000
v -0.300000 3.500000 0.000000
v 1.600000 3.500000 0.000000
v 1.600000 3.500000 -0.100000
v -2.600001 3.500000 -0.200000
v -2.600001 3.500000 -0.300000
v -2.400001 3.500000 -0.300000
v -2.400001 3.500000 -0.400000
v -2.300001 3.500000 -0.400000
v -2.300001 3.500000 -0.500000
v -2.200001 3.500000 -0.500000
v 0.600000 3.600000 1.700000
v 0.600000 3.600000 1.400000
v -1.600000 3.600000 1.000000
v -1.600000 3.600000 0.700000
v 0.300000 3.800000 1.700001
v 0.600000 3.800000 1.700001
v 0.300000 3.800000 1.400000
v 0.600000 3.800000 1.400000
v -2.100000 4.000000 1.000000
v -1.600000 4.000000 1.000000
v -2.100000 4.000000 0.600000
v -1.600000 4.000000 0.600000
v 1.900000 5.300000 1.200000
v 2.400001 5.300000 1.200000
v 2.400001 5.300000 1.100000
v 2.400001 5.400001 1.100000
v 2.400001 5.400001 1.200000
v 2.400001 5.300000 1.000000
v 2.500000 5.300000 1.100000
v 2.500000 5.300000 1.000000
v 2.500000 5.400001 1.000000
v 2.500000 5.400001 1.100000
v 2.400001 5.400001 1.000000
v 1.900000 5.300000 0.900000
v 2.400001 5.300000 0.900000
v 2.400001 5.400001 0.900000
v 2.400001 5.500000 1.200000
v 2.500000 5.400001 1.200000
v 2.500000 5.500000 1.100000
v 2.500000 5.500000 1.200000
v 2.400001 5.500000 1.100000
v 2.600001 5.400001 1.100000
v 2.600001 5.400001 1.000000
v 2.600001 5.500000 1.000000
v 2.600001 5.500000 1.100000
v 2.500000 5.500000 1.000000
v 2.400001 5.500000 0.900000
v 2.500000 5.400001 0.900000
v 2.500000 5.500000 0.900000
v 2.400001 5.500000 1.000000
v 1.900000 5.600000 1.200000
v 2.000000 5.600000 1.100000
v 2.100000 5.600000 1.100000
v 2.200001 5.600000 1.100000
v 2.300001 5.600000 1.100000
v 2.400001 5.600000 1.100000
v 2.400001 5.600000 1.200000
v 2.000000 5.600000 1.000000
v 2.100000 5.600000 1.000000
v 2.200001 5.600000 1.000000
v 2.300001 5.600000 1.000000
v 2.400001 5.600000 1.000000
v 2.500000 5.600000 1.000000
v 2.500000 5.600000 1.100000
v 1.900000 5.600000 0.900000
v 2.400001 5.600000 0.900000
v 2.100000 5.700001 1.000000
v 2.100000 5.700001 1.100000
v 2.000000 5.700001 1.000000
v 2.000000 5.700001 1.100000
v 2.300001 5.700001 1.000000
v 2.300001 5.700001 1.100000
v 2.200001 5.700001 1.000000
v 2.200001 5.700001 1.100000
v 0.700000 3.600000 1.600000
v 0.700000 3.600000 1.700000
v 0.800000 3.600000 1.600000
v 0.700000 3.600000 1.500000
v 0.800000 3.600000 1.500000
v 0.700000 3.600000 1.400000
v -1.500000 3.600000 0.900000
v -1.500000 3.600000 1.000000
v -1.400000 3.600000 1.000000
v -1.300000 3.600000 1.000000
v -1.400000 3.600000 0.900000
v -1.500000 3.600000 0.800000
v -1.400000 3.600000 0.800000
v 1.000000 3.600000 0.800000
v -1.500000 3.600000 0.700000
v -1.400000 3.600000 0.700000
v -1.300000 3.600000 0.700000
v -0.400000 3.600000 0.600000
v -0.400000 3.600000 0.700000
v -0.500000 3.600000 0.700000
v -0.500000 3.600000 0.600000
v 1.000000 3.600000 0.600000
v 1.200000 3.600000 0.600000
v -0.600000 3.600000 0.500000
v 1.300000 3.600000 0.500000
v 1.200000 3.600000 0.500000
v -0.600000 3.600000 0.400000
v -0.500000 3.600000 0.400000
v -0.500000 3.600000 0.500000
v 1.100000 3.600000 0.400000
v 1.100000 3.600000 0.500000
v 1.400000 3.600000 0.400000
v 1.400000 3.600000 0.500000
v 1.300000 3.600000 0.400000
v -0.300000 3.600000 0.300000
v 1.200000 3.600000 0.400000
v -0.600000 3.600000 0.200000
v -0.200000 3.600000 0.300000
v -0.800000 3.600000 0.200000
v -0.200000 3.600000 0.100000
v -0.300000 3.600000 0.100000
v 1.200000 3.600000 0.100000
v 1.100000 3.600000 0.100000
v 1.500000 3.600000 0.200000
v 1.600000 3.600000 0.100000
v 1.600000 3.600000 0.200000
v 1.500000 3.600000 0.100000
v -0.800000 3.600000 0.000000
v -0.700000 3.600000 0.100000
v -0.700000 3.600000 0.000000
v -0.600000 3.600000 0.100000
v -0.300000 3.600000 0.000000
v -0.400000 3.600000 0.100000
v 1.300000 3.600000 0.000000
v 1.200000 3.600000 0.000000
v 1.300000 3.600000 0.100000
v 1.600000 3.600000 0.000000
v -0.400000 3.600000 -0.100000
v -0.300000 3.600000 -0.100000
v -0.800000 3.600000 -0.200000
v -0.700000 3.600000 -0.200000
v -0.600000 3.600000 -0.200000
v -0.200000 3.600000 -0.200000
v -0.300000 3.600000 -0.200000
v 1.400000 3.600000 -0.200000
v 1.300000 3.600000 -0.200000
v -0.700000 3.600000 -0.300000
v -0.800000 3.600000 -0.300000
v -0.600000 3.600000 -0.300000
v -0.300000 3.600000 -0.300000
v -0.500000 3.600000 -0.300000
v -0.200000 3.600000 -0.300000
v 1.400000 3.600000 -0.400000
v -0.700000 3.600000 -0.500000
v -0.500000 3.600000 -0.500000
v 1.300000 3.600000 -0.400000
v 0.000000 3.600000 -0.500000
v 0.000000 3.600000 -0.600000
v 0.100000 3.600000 -0.600000
v 0.200000 3.600000 -0.600000
v 0.200000 3.600000 -0.500000
v 0.400000 3.600000 -0.500000
v 0.400000 3.600000 -0.600000
v 0.600000 3.600000 -0.600000
v 0.600000 3.600000 -0.500000
v 0.700000 3.600000 -0.600000
v 1.100000 3.600000 -0.500000
v 1.100000 3.600000 -0.600000
v 1.200000 3.600000 -0.600000
v 1.200000 3.600000 -0.500000
v -0.800000 3.600000 -0.700000
v -0.700000 3.600000 -0.700000
v 0.100000 3.600000 -0.700000
v 0.200000 3.600000 -0.700000
v 0.700000 3.600000 -0.700000
v -0.900000 3.600000 -0.800000
v -1.000000 3.600000 -0.800000
v -1.000000 3.600000 -0.700000
v -0.900000 3.600000 -0.700000
v 0.200000 3.600000 -0.800000
v 0.300000 3.600000 -0.800000
v 0.700000 3.600000 -0.800000
v 0.900000 3.600000 -0.800000
v 0.900000 3.600000 -0.700000
v -0.800000 3.600000 -0.900000
v -0.900000 3.600000 -0.900000
v -0.800000 3.600000 -0.800000
v -0.600000 3.600000 -0.800000
v -0.600000 3.600000 -0.900000
v -0.500000 3.600000 -0.900000
v -0.500000 3.600000 -0.800000
v 0.300000 3.600000 -0.900000
v 0.700000 3.600000 -0.900000
v -0.700000 3.600000 -1.000000
v -0.800000 3.600000 -1.000000
v -0.700000 3.600000 -0.900000
v -0.600000 3.600000 -1.100000
v -0.700000 3.600000 -1.100000
v -0.400000 3.600000 -1.000000
v 1.800000 3.600000 -1.100000
v -0.500000 3.600000 -1.200000
v -0.600000 3.600000 -1.200000
v -0.400000 3.600000 -1.200000
v 1.700001 3.600000 -1.100000
v 1.700000 3.600000 -1.200000
v -0.400000 3.600000 -1.300000
v -0.500000 3.600000 -1.300000
v -0.300000 3.600000 -1.200000
v 1.600000 3.600000 -1.300000
v 1.600000 3.600000 -1.200000
v 1.800001 3.600000 -1.300000
v -0.300000 3.600000 -1.400000
v -0.400000 3.600000 -1.400000
v -0.200000 3.600000 -1.400000
v 0.100000 3.600000 -1.400000
v 0.000000 3.600000 -1.400000
v 0.000000 3.600000 -1.300000
v 0.100000 3.600000 -1.300000
v 1.500000 3.600000 -1.400000
v -0.100000 3.600000 -1.500000
v -0.200000 3.600000 -1.500000
v 0.000000 3.600000 -1.500000
v 0.100000 3.600000 -1.500000
v 1.500000 3.600000 -1.500000
v 1.400000 3.600000 -1.500000
v 1.400000 3.600000 -1.400000
v -0.100000 3.600000 -1.600000
v 0.100000 3.600000 -1.600000
v 0.200000 3.600000 -1.500000
v 1.300000 3.600000 -1.600000
v 1.200000 3.600000 -1.600000
v 1.400000 3.600000 -1.600000
v 1.300000 3.600000 -1.500000
v 0.200000 3.600000 -1.700000
v 0.100000 3.600000 -1.700001
v 0.400000 3.600000 -1.700000
v 0.700000 3.600000 -1.600000
v 0.700000 3.600000 -1.700000
v 0.900000 3.600000 -1.700001
v 0.900000 3.600000 -1.600000
v 1.100000 3.600000 -1.700000
v 1.200000 3.600000 -1.700001
v 1.100000 3.600000 -1.600000
v 0.500000 3.600000 -1.800000
v 0.400000 3.600000 -1.800001
v 0.500000 3.600000 -1.700001
v 0.600000 3.600000 -1.800000
v 0.600000 3.600000 -1.700001
v 0.900000 3.600000 -1.800001
v 0.800000 3.700000 1.600000
v 0.800000 3.700000 1.700001
v 0.700000 3.700000 1.600000
v 0.700000 3.700000 1.700001
v 0.800000 3.700000 1.400000
v 0.800000 3.700000 1.500000
v 0.700000 3.700000 1.400000
v 0.700000 3.700000 1.500000
v 1.100000 3.700000 0.800000
v 1.100000 3.700000 0.900000
v 1.000000 3.700000 0.900000
v 1.000000 3.700000 0.800000
v 0.900000 3.600000 0.800000
v 0.900000 3.700000 0.700000
v 0.900000 3.700000 0.800000
v 1.200000 3.700000 0.700000
v 1.200000 3.700000 0.800000
v 1.100000 3.700000 0.700000
v 1.000000 3.700000 0.600000
v 0.900000 3.700000 0.600000
v 0.900000 3.600000 0.600000
v 1.000000 3.700000 0.700000
v 1.300000 3.700000 0.600000
v 1.300000 3.700000 0.700000
v 1.200000 3.700000 0.600000
v -0.500000 3.700000 0.500000
v -0.600000 3.700000 0.500000
v -0.600000 3.700000 0.600000
v -0.500000 3.700000 0.600000
v -0.400000 3.700000 0.500000
v -0.400000 3.700000 0.600000
v 1.300000 3.700000 0.500000
v -0.500000 3.700000 0.400000
v 1.000000 3.600000 0.400000
v 1.200000 3.700000 0.400000
v 1.300000 3.700000 0.400000
v 1.200000 3.700000 0.500000
v -0.700000 3.700000 0.400000
v -0.700000 3.700000 0.300000
v -0.600000 3.700000 0.300000
v -0.600000 3.700000 0.400000
v -0.700000 3.600000 0.400000
v -0.700000 3.600000 0.300000
v 1.200000 3.700000 0.300000
v 1.400000 3.700000 0.300000
v 1.400000 3.700000 0.400000
v 1.300000 3.700000 0.300000
v -0.800000 3.700000 0.300000
v -0.800000 3.600000 0.300000
v -0.300000 3.700000 0.200000
v 1.200000 3.700000 0.200000
v -0.700000 3.700000 0.100000
v -0.300000 3.700000 0.100000
v -0.400000 3.700000 0.100000
v 1.300000 3.700000 0.100000
v 1.200000 3.700000 0.100000
v 1.500000 3.700000 0.100000
v -0.700000 3.700000 0.000000
v -0.800000 3.700000 0.000000
v -0.600000 3.700000 0.000000
v 1.600000 3.700000 0.000000
v 1.600000 3.700000 0.100000
v 1.500000 3.700000 0.000000
v -0.600000 3.700000 -0.100000
v -0.500000 3.700000 -0.100000
v -0.500000 3.700000 0.000000
v -0.400000 3.700000 -0.100000
v -0.200000 3.700000 0.000000
v -0.300000 3.700000 -0.100000
v -0.300000 3.700000 0.000000
v 1.300000 3.700000 -0.100000
v -0.700000 3.700000 -0.300000
v -0.700000 3.700000 -0.200000
v -0.800000 3.700000 -0.300000
v -0.800000 3.700000 -0.200000
v 1.300000 3.700000 -0.300000
v 1.300000 3.700000 -0.500000
v -0.700000 3.700000 -0.600000
v 0.000000 3.700000 -0.600000
v 0.000000 3.700000 -0.500000
v 0.200000 3.700000 -0.600000
v 0.200000 3.700000 -0.500000
v 0.400000 3.700000 -0.600000
v 0.400000 3.700000 -0.500000
v 0.700000 3.700000 -0.600000
v 0.700000 3.700000 -0.500000
v 0.600000 3.700000 -0.600000
v 0.600000 3.700000 -0.500000
v 1.200000 3.700000 -0.600000
v 1.200000 3.700000 -0.500000
v -0.700000 3.700000 -0.700000
v 0.100000 3.700000 -0.700000
v 0.100000 3.700000 -0.600000
v 0.800000 3.700000 -0.700000
v 0.700000 3.700000 -0.700000
v 0.900000 3.700000 -0.700000
v 1.100000 3.700000 -0.700000
v 1.100000 3.700000 -0.600000
v -0.800000 3.700000 -0.800000
v -0.900000 3.700000 -0.800000
v -0.900000 3.700000 -0.700000
v -0.800000 3.700000 -0.700000
v -0.700000 3.700000 -0.800000
v -0.600000 3.700000 -0.800000
v -0.600000 3.700000 -0.700000
v 0.200000 3.700000 -0.700000
v 0.900000 3.700000 -0.800000
v -0.700000 3.700000 -0.900000
v -0.800000 3.700000 -0.900000
v -0.600000 3.700000 -0.900000
v 0.800000 3.700000 -0.800000
v -0.600000 3.700000 -1.000000
v -0.700000 3.700000 -1.000000
v -0.400000 3.700000 -1.100000
v 1.600000 3.700000 -1.000000
v 1.700001 3.700000 -1.100000
v 1.700001 3.700000 -1.000000
v -0.300000 3.700000 -1.200000
v -0.400000 3.700000 -1.200000
v -0.300000 3.700000 -1.100000
v 1.700001 3.700000 -1.200000
v 1.600000 3.700000 -1.200000
v -0.200000 3.700000 -1.300000
v -0.100000 3.700000 -1.300000
v -0.100000 3.700000 -1.200000
v 0.100000 3.700000 -1.300000
v 0.000000 3.700000 -1.300000
v -0.200000 3.700000 -1.400000
v -0.300000 3.700000 -1.400000
v 0.000000 3.700000 -1.400000
v 1.400000 3.700000 -1.400000
v 0.200000 3.700000 -1.500000
v 0.100000 3.700000 -1.500000
v 0.700000 3.700000 -1.400000
v 0.800000 3.700000 -1.400000
v 1.400000 3.700000 -1.500000
v 1.300000 3.700000 -1.500000
v 1.300000 3.700000 -1.400000
v 0.200000 3.700000 -1.600000
v 0.800000 3.700000 -1.600000
v 0.700000 3.700000 -1.600000
v 0.900000 3.700000 -1.600000
v 1.100000 3.700000 -1.600000
v 1.100000 3.700000 -1.500000
v 1.300000 3.700000 -1.600000
v 0.300000 3.700000 -1.700000
v 0.300000 3.700000 -1.600000
v 0.500000 3.700000 -1.700000
v 0.600000 3.700000 -1.700000
v 0.700000 3.700000 -1.700001
v 0.900000 3.700000 -1.700001
v 1.100000 3.700000 -1.700001
v 0.600000 3.700000 -1.800001
v 0.500000 3.700000 -1.800001
v 0.900000 3.700000 1.100000
v 0.900000 3.700000 1.000000
v 0.900000 3.800000 1.000000
v 0.900000 3.800000 1.100000
v 0.800000 3.800000 1.100000
v 0.800000 3.700000 1.100000
v -1.400000 3.800000 0.900000
v -1.400000 3.800000 1.000000
v -1.500000 3.800000 0.900000
v -1.500000 3.800000 1.000000
v 0.900000 3.700000 0.900000
v 0.900000 3.800000 0.900000
v 0.800000 3.800000 0.900000
v 0.800000 3.700000 0.900000
v 1.000000 3.700000 1.000000
v 1.000000 3.800000 0.900000
v 1.000000 3.800000 1.000000
v 1.000000 3.800000 0.800000
v 0.900000 3.800000 0.800000
v -1.400000 3.800000 0.700000
v -1.400000 3.800000 0.800000
v -1.500000 3.800000 0.700000
v -1.500000 3.800000 0.800000
v 1.000000 3.800000 0.700000
v 0.900000 3.800000 0.700000
v 1.100000 3.800000 0.700000
v 1.100000 3.800000 0.800000
v 1.300000 3.700000 0.800000
v 1.300000 3.800000 0.700000
v 1.300000 3.800000 0.800000
v 1.200000 3.800000 0.700000
v 1.200000 3.800000 0.800000
v -0.500000 3.700000 0.700000
v -0.500000 3.800000 0.600000
v -0.500000 3.800000 0.700000
v -0.600000 3.800000 0.700000
v -0.600000 3.800000 0.600000
v -0.600000 3.700000 0.700000
v 1.000000 3.800000 0.600000
v -0.500000 3.800000 0.500000
v -0.500000 3.800000 0.400000
v -0.400000 3.800000 0.400000
v -0.400000 3.800000 0.500000
v -0.300000 3.800000 0.500000
v 1.000000 3.800000 0.400000
v 1.200000 3.800000 0.400000
v 1.300000 3.800000 0.300000
v 1.300000 3.800000 0.400000
v 1.200000 3.800000 0.300000
v -0.700000 3.800000 0.200000
v -0.300000 3.800000 0.200000
v 1.200000 3.800000 0.200000
v 1.100000 3.800000 0.200000
v 1.100000 3.700000 0.200000
v 1.100000 3.700000 0.300000
v 1.100000 3.800000 0.300000
v 1.300000 3.800000 0.200000
v 1.400000 3.800000 0.200000
v 1.400000 3.800000 0.300000
v -0.600000 3.800000 0.100000
v -0.700000 3.800000 0.100000
v -0.600000 3.800000 0.200000
v -0.200000 3.700000 0.200000
v -0.200000 3.800000 0.100000
v -0.200000 3.800000 0.200000
v -0.300000 3.800000 0.100000
v 1.300000 3.800000 0.100000
v 1.400000 3.800000 0.100000
v 1.500000 3.800000 0.200000
v -0.500000 3.800000 0.000000
v -0.600000 3.800000 0.000000
v 1.200000 3.800000 0.000000
v 1.500000 3.800000 0.000000
v -0.500000 3.800000 -0.100000
v 1.200000 3.700000 -0.100000
v 1.400000 3.800000 -0.100000
v 1.600000 3.800000 -0.100000
v 1.600000 3.800000 0.000000
v -0.600000 3.800000 -0.200000
v -0.600000 3.800000 -0.100000
v 1.700000 3.800000 -0.200000
v -0.500000 3.800000 -0.300000
v -0.600000 3.800000 -0.300000
v -0.500000 3.800000 -0.200000
v 1.200000 3.700000 -0.300000
v 1.700000 3.800000 -0.400000
v -0.500000 3.800000 -0.500000
v 1.700000 3.800000 -0.500000
v -0.700000 3.800000 -0.500000
v -0.700000 3.800000 -0.600000
v -0.100000 3.800000 -0.500000
v -0.100000 3.800000 -0.600000
v 0.100000 3.700000 -0.500000
v 0.100000 3.800000 -0.600000
v 0.100000 3.800000 -0.500000
v 1.100000 3.700000 -0.500000
v 1.800000 3.800000 -0.600000
v 1.800001 3.800000 -0.500000
v 1.700001 3.800000 -0.600000
v -0.800000 3.800000 -0.700000
v -0.800000 3.800000 -0.600000
v -0.800000 3.700000 -0.600000
v -0.600000 3.800000 -0.700000
v -0.500000 3.800000 -0.700000
v 1.900000 3.800000 -0.700000
v 1.900000 3.800000 -0.600000
v 1.800001 3.800000 -0.700000
v -0.600000 3.800000 -0.800000
v 0.200000 3.800000 -0.800000
v 0.900000 3.800000 -0.700000
v 0.900000 3.800000 -0.800000
v 1.000000 3.800000 -0.800000
v 1.000000 3.800000 -0.700000
v -0.600000 3.800000 -0.900000
v -0.700000 3.800000 -0.900000
v -0.700000 3.800000 -0.800000
v -0.500000 3.800000 -0.900000
v 0.300000 3.800000 -0.900000
v 0.300000 3.800000 -0.800000
v 0.200000 3.800000 -0.900000
v -0.500000 3.800000 -1.000000
v -0.600000 3.800000 -1.000000
v -0.400000 3.800000 -1.000000
v 0.500000 3.800000 -0.900000
v 0.600000 3.800000 -0.900000
v 1.700000 3.800000 -1.000000
v 1.800000 3.800000 -1.000000
v -0.300000 3.800000 -1.100000
v -0.400000 3.800000 -1.100000
v -0.300000 3.800000 -1.000000
v 1.800001 3.800000 -1.100000
v 1.700001 3.800000 -1.100000
v -0.100000 3.800000 -1.200000
v -0.100000 3.800000 -1.300000
v 0.100000 3.800000 -1.200000
v 1.600000 3.800000 -1.300000
v -0.200000 3.800000 -1.400000
v -0.200000 3.800000 -1.300000
v 0.000000 3.800000 -1.400000
v 0.800000 3.800000 -1.400000
v 0.700000 3.800000 -1.400000
v 1.000000 3.800000 -1.300000
v 1.000000 3.800000 -1.400000
v 1.100000 3.800000 -1.300000
v 1.400000 3.800000 -1.400000
v 1.300000 3.800000 -1.400000
v 1.500000 3.800000 -1.400000
v 1.600000 3.800000 -1.400000
v 1.500000 3.800000 -1.300000
v 0.100000 3.800000 -1.500000
v 0.000000 3.800000 -1.500000
v 0.000000 3.700000 -1.500000
v 0.900000 3.800000 -1.400000
v 1.100000 3.800000 -1.500000
v 1.300000 3.800000 -1.500000
v 0.200000 3.800000 -1.600000
v 0.100000 3.700000 -1.600000
v 0.300000 3.800000 -1.600000
v 0.700000 3.800000 -1.600000
v 0.900000 3.800000 -1.600000
v 0.800000 3.800000 -1.600000
v 1.100000 3.800000 -1.600000
v 0.300000 3.800000 -1.700001
v 0.200000 3.800000 -1.700001
v 1.100000 3.800000 1.000000
v 1.100000 3.800000 0.900000
v 1.100000 3.900000 0.900000
v 1.100000 3.900000 1.000000
v 1.000000 3.900000 1.000000
v 1.000000 3.900000 0.900000
v 0.800000 3.900000 0.800000
v 0.800000 3.800000 0.800000
v 0.800000 3.900000 0.900000
v 0.900000 3.900000 0.900000
v 1.000000 3.900000 0.800000
v 1.100000 3.900000 0.800000
v 1.200000 3.800000 0.900000
v 1.200000 3.900000 0.900000
v -0.200000 3.800000 0.700000
v -0.200000 3.900000 0.700000
v -0.300000 3.800000 0.700000
v -0.300000 3.800000 0.600000
v -0.300000 3.900000 0.600000
v -0.300000 3.900000 0.700000
v 0.900000 3.800000 0.600000
v 0.900000 3.900000 0.600000
v 0.900000 3.900000 0.700000
v 0.800000 3.900000 0.600000
v 0.800000 3.800000 0.600000
v 0.800000 3.800000 0.700000
v 0.800000 3.900000 0.700000
v 1.000000 3.900000 0.600000
v 1.200000 3.900000 0.600000
v -0.500000 3.900000 0.600000
v -0.600000 3.900000 0.600000
v -0.400000 3.800000 0.600000
v -0.400000 3.900000 0.600000
v -0.200000 3.800000 0.500000
v -0.200000 3.900000 0.500000
v 1.200000 3.900000 0.500000
v 1.300000 3.900000 0.500000
v 1.300000 3.900000 0.600000
v -0.500000 3.900000 0.400000
v 1.200000 3.900000 0.400000
v -0.600000 3.900000 0.300000
v -0.500000 3.900000 0.300000
v 0.900000 3.900000 0.300000
v 1.100000 3.900000 0.300000
v 1.200000 3.900000 0.300000
v 1.300000 3.900000 0.300000
v 1.300000 3.900000 0.400000
v 1.400000 3.800000 0.400000
v 1.400000 3.900000 0.300000
v 1.400000 3.900000 0.400000
v -0.600000 3.900000 0.200000
v -0.700000 3.900000 0.200000
v -0.700000 3.900000 0.300000
v 1.000000 3.900000 0.200000
v 0.900000 3.800000 0.200000
v 1.100000 3.900000 0.200000
v 1.000000 3.900000 0.300000
v -0.600000 3.900000 0.100000
v 1.300000 3.900000 0.100000
v -0.600000 3.900000 0.000000
v 1.200000 3.900000 0.000000
v 1.100000 3.900000 0.000000
v 1.100000 3.800000 0.000000
v 1.400000 3.900000 0.100000
v -0.500000 3.900000 0.000000
v -0.200000 3.900000 -0.100000
v 1.300000 3.900000 -0.100000
v 1.200000 3.900000 -0.100000
v 1.400000 3.900000 -0.100000
v -0.500000 3.900000 -0.200000
v -0.600000 3.900000 -0.200000
v 1.700000 3.900000 -0.200000
v -0.400000 3.900000 -0.200000
v 1.300000 3.900000 -0.300000
v 1.800001 3.800000 -0.200000
v 1.800001 3.900000 -0.200000
v 1.200000 3.900000 -0.300000
v 1.800001 3.800000 -0.400000
v 1.800001 3.900000 -0.400000
v 1.700001 3.900000 -0.400000
v -0.500000 3.900000 -0.500000
v -0.400000 3.900000 -0.500000
v -0.200000 3.900000 -0.500000
v 1.200000 3.900000 -0.500000
v 1.700000 3.900000 -0.500000
v 1.600000 3.900000 -0.400000
v 1.600000 3.900000 -0.500000
v -0.100000 3.900000 -0.600000
v -0.100000 3.900000 -0.500000
v 1.100000 3.900000 -0.500000
v 1.100000 3.900000 -0.600000
v 1.200000 3.900000 -0.600000
v -0.500000 3.900000 -0.700000
v 0.200000 3.900000 -0.700000
v 0.200000 3.900000 -0.600000
v 1.800000 3.900000 -0.700000
v -0.500000 3.900000 -0.800000
v -0.600000 3.900000 -0.800000
v -0.600000 3.900000 -0.700000
v 0.900000 3.900000 -0.800000
v 0.900000 3.900000 -0.700000
v 0.800000 3.900000 -0.700000
v 0.800000 3.900000 -0.800000
v 1.900000 3.900000 -0.700000
v -0.400000 3.900000 -0.900000
v -0.300000 3.900000 -0.900000
v -0.300000 3.900000 -0.800000
v 0.600000 3.800000 -0.800000
v 0.600000 3.900000 -0.900000
v 0.600000 3.900000 -0.800000
v 0.500000 3.900000 -0.800000
v 0.500000 3.900000 -0.900000
v 0.500000 3.800000 -0.800000
v -0.400000 3.900000 -1.000000
v -0.500000 3.900000 -1.000000
v 1.700000 3.900000 -1.000000
v 1.600000 3.900000 -1.000000
v 1.800000 3.900000 -1.000000
v 1.900000 3.900000 -1.000000
v 1.600000 3.900000 -1.200000
v 1.100000 3.900000 -1.300000
v 1.000000 3.900000 -1.300000
v 1.300000 3.900000 -1.200000
v 1.300000 3.900000 -1.300000
v 1.500000 3.900000 -1.300000
v 1.500000 3.900000 -1.200000
v 0.100000 3.900000 -1.400000
v 1.000000 3.900000 -1.400000
v 1.100000 3.900000 -1.400000
v 1.200000 3.900000 -1.300000
v 1.200000 3.900000 -1.400000
v 1.400000 3.900000 -1.400000
v 1.500000 3.900000 -1.400000
v 0.200000 3.900000 -1.500000
v 0.200000 3.900000 -1.400000
v 0.900000 3.900000 -1.500000
v 1.100000 3.900000 -1.500000
v 1.400000 3.800000 -1.500000
v 1.400000 3.900000 -1.500000
v 0.100000 3.900000 -1.600000
v 0.500000 3.900000 -1.600000
v 0.500000 3.900000 -1.500000
v 0.700000 3.900000 -1.600000
v 0.700000 3.900000 -1.500000
v 0.900000 3.900000 -1.600000
v 0.800000 4.000000 0.900000
v 0.700000 4.000000 0.900000
v 0.700000 3.900000 0.900000
v 0.700000 3.900000 1.000000
v 0.800000 4.000000 1.000000
v 0.900000 3.900000 1.000000
v 0.900000 4.000000 0.900000
v 0.900000 4.000000 1.000000
v 0.800000 4.000000 0.800000
v 1.000000 4.000000 0.800000
v 1.000000 4.000000 0.900000
v -0.400000 4.000000 0.800000
v -0.400000 4.000000 0.700000
v -0.300000 4.000000 0.700000
v -0.400000 3.900000 0.800000
v -0.400000 3.900000 0.700000
v -0.200000 3.900000 0.800000
v -0.200000 4.000000 0.700000
v -0.200000 4.000000 0.800000
v 0.600000 4.000000 0.700000
v 0.600000 3.900000 0.700000
v 0.600000 3.900000 0.800000
v 0.600000 4.000000 0.800000
v 0.800000 4.000000 0.700000
v 0.900000 4.000000 0.700000
v 1.100000 4.000000 0.800000
v -0.400000 4.000000 0.600000
v -0.500000 4.000000 0.600000
v -0.500000 4.000000 0.700000
v -0.500000 3.900000 0.700000
v -0.300000 4.000000 0.600000
v -0.200000 4.000000 0.600000
v -0.100000 3.900000 0.700000
v -0.100000 4.000000 0.700000
v 0.800000 4.000000 0.600000
v 0.900000 4.000000 0.600000
v 1.000000 4.000000 0.600000
v -0.300000 4.000000 0.500000
v -0.100000 3.900000 0.500000
v -0.100000 4.000000 0.500000
v 0.700000 3.900000 0.600000
v 0.700000 4.000000 0.600000
v 1.100000 4.000000 0.400000
v 1.000000 4.000000 0.400000
v -0.300000 4.000000 0.300000
v 0.700000 4.000000 0.300000
v 0.700000 3.900000 0.300000
v 0.900000 4.000000 0.300000
v 1.100000 4.000000 0.300000
v 1.000000 4.000000 0.300000
v 1.300000 4.000000 0.300000
v 1.300000 4.000000 0.400000
v 1.200000 4.000000 0.300000
v 1.200000 4.000000 0.400000
v -0.300000 4.000000 0.200000
v 1.000000 4.000000 0.200000
v 0.900000 4.000000 0.200000
v 1.200000 4.000000 0.200000
v 1.100000 4.000000 0.200000
v -0.600000 4.000000 0.100000
v -0.300000 4.000000 0.100000
v 1.300000 4.000000 0.100000
v 1.300000 4.000000 0.200000
v 1.200000 4.000000 0.100000
v -0.700000 4.000000 0.000000
v -0.700000 3.900000 0.000000
v -0.700000 4.000000 0.100000
v -0.700000 3.900000 0.100000
v -0.500000 4.000000 0.000000
v -0.500000 4.000000 0.100000
v -0.200000 4.000000 0.100000
v 1.300000 4.000000 0.000000
v -0.500000 4.000000 -0.100000
v -0.200000 4.000000 -0.100000
v 1.200000 4.000000 -0.100000
v 1.100000 4.000000 -0.100000
v 1.100000 3.900000 -0.100000
v 1.300000 4.000000 -0.100000
v 1.200000 4.000000 0.000000
v -0.400000 4.000000 -0.200000
v -0.500000 4.000000 -0.200000
v -0.300000 4.000000 -0.200000
v -0.300000 4.000000 -0.100000
v -0.100000 3.900000 -0.100000
v -0.100000 4.000000 -0.100000
v 1.300000 4.000000 -0.200000
v 1.400000 4.000000 -0.200000
v 1.400000 4.000000 -0.100000
v 1.600000 4.000000 -0.100000
v 1.700000 4.000000 -0.200000
v 1.700001 4.000000 -0.100000
v 1.600000 4.000000 -0.200000
v -0.400000 4.000000 -0.300000
v 1.200000 4.000000 -0.300000
v 1.700000 4.000000 -0.300000
v -0.300000 4.000000 -0.300000
v -0.100000 3.900000 -0.400000
v 1.700000 4.000000 -0.400000
v 1.600000 4.000000 -0.400000
v -0.400000 4.000000 -0.500000
v -0.300000 4.000000 -0.500000
v 0.000000 3.900000 -0.400000
v 0.000000 3.900000 -0.500000
v 0.000000 4.000000 -0.500000
v 1.600000 4.000000 -0.500000
v -0.500000 4.000000 -0.500000
v -0.500000 4.000000 -0.600000
v -0.400000 4.000000 -0.600000
v 0.000000 4.000000 -0.600000
v 0.100000 4.000000 -0.600000
v 0.200000 3.900000 -0.500000
v 0.200000 4.000000 -0.600000
v 0.200000 4.000000 -0.500000
v 1.200000 4.000000 -0.600000
v 1.700001 4.000000 -0.600000
v 1.700001 4.000000 -0.500000
v 1.600000 4.000000 -0.600000
v 0.100000 4.000000 -0.700000
v 0.200000 4.000000 -0.700000
v 0.300000 3.900000 -0.600000
v 0.300000 3.900000 -0.700000
v 0.300000 4.000000 -0.700000
v 0.300000 4.000000 -0.600000
v 1.100000 4.000000 -0.700000
v 1.100000 4.000000 -0.600000
v 1.800001 4.000000 -0.600000
v 1.000000 4.000000 -0.800000
v 1.000000 4.000000 -0.700000
v -0.300000 4.000000 -0.900000
v 0.700000 4.000000 -0.900000
v 0.700000 4.000000 -0.800000
v -0.300000 4.000000 -1.000000
v -0.400000 4.000000 -1.000000
v -0.400000 4.000000 -0.900000
v 0.300000 4.000000 -0.900000
v 1.800001 4.000000 -1.000000
v 1.700000 4.000000 -1.000000
v -0.200000 4.000000 -1.000000
v 1.700000 4.000000 -1.100000
v -0.200000 4.000000 -1.200000
v -0.300000 4.000000 -1.200000
v 1.500000 4.000000 -1.200000
v 1.500000 4.000000 -1.100000
v 1.600000 4.000000 -1.200000
v 1.700001 3.900000 -1.200000
v 1.700001 4.000000 -1.200000
v 1.200000 4.000000 -1.300000
v 1.600000 4.000000 -1.300000
v 1.500000 4.000000 -1.300000
v 0.200000 4.000000 -1.400000
v 1.000000 4.000000 -1.400000
v 0.900000 4.000000 -1.400000
v 1.000000 4.000000 -1.300000
v 1.200000 4.000000 -1.400000
v 0.300000 4.000000 -1.500000
v 0.200000 4.000000 -1.500000
v 0.300000 4.000000 -1.400000
v 0.500000 4.000000 -1.500000
v 0.600000 4.000000 -1.400000
v 0.600000 4.000000 -1.500000
v 0.700000 4.000000 -1.500000
v 0.900000 4.000000 -1.500000
v 0.500000 4.000000 -1.600000
v 0.700000 4.000000 -1.600000
v 0.800000 4.100000 1.000000
v 0.700000 4.100000 1.000000
v 0.700000 4.100000 0.900000
v 0.500000 4.000000 0.900000
v 0.500000 4.000000 0.800000
v 0.500000 4.100000 0.800000
v 0.500000 4.100000 0.900000
v 0.600000 4.100000 0.900000
v 0.100000 4.000000 0.800000
v 0.100000 4.000000 0.700000
v 0.100000 4.100000 0.700000
v 0.100000 4.100000 0.800000
v 0.000000 4.100000 0.800000
v 0.000000 4.100000 0.700000
v 0.000000 4.000000 0.800000
v 0.000000 4.000000 0.700000
v 0.200000 4.100000 0.800000
v 0.200000 4.100000 0.700000
v 0.300000 4.100000 0.700000
v 0.200000 4.000000 0.800000
v 0.200000 4.000000 0.700000
v 0.300000 4.000000 0.700000
v 0.400000 4.000000 0.700000
v 0.400000 4.100000 0.700000
v 0.400000 4.100000 0.800000
v 0.600000 4.100000 0.700000
v 0.700000 4.100000 0.700000
v 0.800000 4.100000 0.700000
v -0.300000 4.100000 0.600000
v -0.300000 4.100000 0.700000
v -0.400000 4.100000 0.700000
v -0.200000 4.100000 0.600000
v -0.200000 4.100000 0.700000
v 0.200000 4.000000 0.600000
v 0.300000 4.000000 0.600000
v 0.300000 4.100000 0.600000
v 0.200000 4.100000 0.600000
v 0.400000 4.100000 0.600000
v 0.400000 4.000000 0.600000
v 0.600000 4.000000 0.600000
v 0.600000 4.100000 0.600000
v 0.900000 4.100000 0.600000
v 0.900000 4.100000 0.700000
v -0.400000 4.100000 0.500000
v -0.300000 4.100000 0.500000
v 0.000000 4.000000 0.500000
v 0.000000 4.100000 0.500000
v 0.200000 4.000000 0.500000
v 0.200000 4.100000 0.500000
v 0.700000 4.100000 0.500000
v 0.800000 4.100000 0.500000
v 0.900000 4.100000 0.500000
v 1.000000 4.100000 0.500000
v 1.000000 4.100000 0.600000
v -0.400000 4.100000 0.400000
v -0.100000 4.000000 0.400000
v 0.000000 4.000000 0.400000
v 0.000000 4.100000 0.400000
v -0.100000 4.100000 0.400000
v 0.600000 4.000000 0.400000
v 0.600000 4.100000 0.400000
v 0.800000 4.100000 0.400000
v 0.900000 4.100000 0.400000
v 1.000000 4.100000 0.400000
v -0.500000 4.100000 0.400000
v -0.500000 4.100000 0.300000
v -0.300000 4.100000 0.300000
v -0.300000 4.100000 0.400000
v -0.200000 4.000000 0.300000
v -0.200000 4.100000 0.300000
v 0.400000 4.000000 0.400000
v 0.500000 4.100000 0.400000
v 0.900000 4.100000 0.300000
v 1.000000 4.100000 0.300000
v -0.600000 4.100000 0.300000
v -0.500000 4.100000 0.200000
v -0.300000 4.100000 0.200000
v -0.200000 4.000000 0.200000
v -0.200000 4.100000 0.200000
v 0.400000 4.000000 0.200000
v 0.800000 4.100000 0.200000
v 1.000000 4.100000 0.200000
v 1.100000 4.100000 0.200000
v -0.500000 4.100000 0.100000
v -0.600000 4.100000 0.100000
v -0.400000 4.100000 0.200000
v -0.100000 4.000000 0.100000
v -0.100000 4.100000 0.100000
v 1.000000 4.100000 0.100000
v 1.200000 4.100000 0.100000
v 1.200000 4.100000 0.200000
v 1.100000 4.100000 0.100000
v -0.100000 4.000000 0.000000
v 0.000000 4.000000 0.100000
v 0.000000 4.000000 0.000000
v 0.000000 4.100000 0.000000
v 0.000000 4.100000 0.100000
v -0.100000 4.100000 0.000000
v 1.000000 4.100000 0.000000
v 1.100000 4.100000 0.000000
v 1.300000 4.100000 0.000000
v 1.300000 4.100000 0.100000
v 1.200000 4.100000 0.000000
v -0.400000 4.100000 -0.100000
v -0.500000 4.100000 -0.100000
v 1.000000 4.100000 -0.100000
v 1.000000 4.000000 -0.100000
v 1.200000 4.100000 -0.100000
v -0.300000 4.100000 -0.200000
v 1.300000 4.100000 -0.200000
v 1.300000 4.100000 -0.100000
v 1.200000 4.100000 -0.200000
v 1.400000 4.100000 -0.100000
v 1.400000 4.100000 -0.200000
v 1.600000 4.100000 -0.200000
v 1.600000 4.100000 -0.100000
v -0.300000 4.100000 -0.300000
v -0.400000 4.100000 -0.300000
v -0.400000 4.100000 -0.200000
v -0.200000 4.100000 -0.200000
v 1.100000 4.000000 -0.200000
v 1.100000 4.000000 -0.300000
v 1.100000 4.100000 -0.300000
v 1.100000 4.100000 -0.200000
v 1.000000 4.000000 -0.300000
v 1.000000 4.000000 -0.200000
v 1.000000 4.100000 -0.200000
v 1.200000 4.100000 -0.300000
v 1.700001 4.100000 -0.300000
v 1.700001 4.100000 -0.200000
v 1.600000 4.100000 -0.300000
v -0.100000 4.100000 -0.400000
v 1.100000 4.100000 -0.400000
v 1.200000 4.100000 -0.400000
v 1.100000 4.000000 -0.400000
v 1.800001 4.000000 -0.300000
v 1.800001 4.100000 -0.300000
v -0.300000 4.100000 -0.500000
v -0.200000 4.100000 -0.500000
v 0.000000 4.100000 -0.400000
v 1.000000 4.000000 -0.400000
v 1.000000 4.100000 -0.400000
v 1.700000 4.100000 -0.500000
v 1.800001 4.000000 -0.500000
v 1.800001 4.100000 -0.500000
v 0.000000 4.100000 -0.600000
v 1.000000 4.000000 -0.600000
v 1.000000 4.100000 -0.600000
v 0.100000 4.100000 -0.700000
v 0.100000 4.100000 -0.600000
v 0.900000 4.000000 -0.600000
v 0.900000 4.000000 -0.700000
v 0.900000 4.100000 -0.700000
v 0.900000 4.100000 -0.600000
v 0.200000 4.100000 -0.800000
v 0.200000 4.100000 -0.700000
v 0.600000 4.000000 -0.700000
v 0.600000 4.000000 -0.800000
v 0.600000 4.100000 -0.800000
v 0.600000 4.100000 -0.700000
v 0.500000 4.000000 -0.700000
v 0.500000 4.000000 -0.800000
v 0.500000 4.100000 -0.800000
v 0.500000 4.100000 -0.700000
v 0.700000 4.000000 -0.700000
v 0.700000 4.100000 -0.800000
v 0.700000 4.100000 -0.700000
v 0.200000 4.100000 -0.900000
v 0.300000 4.000000 -0.800000
v 0.300000 4.100000 -0.900000
v 0.300000 4.100000 -0.800000
v 1.700000 4.100000 -1.000000
v 1.600000 4.100000 -1.100000
v 1.500000 4.100000 -1.100000
v 1.700001 4.100000 -1.100000
v 1.600000 4.100000 -1.000000
v 1.400000 4.100000 -1.200000
v 1.500000 4.100000 -1.200000
v 1.400000 4.100000 -1.100000
v 1.000000 4.100000 -1.300000
v 0.900000 4.100000 -1.400000
v 1.000000 4.100000 -1.400000
v 0.900000 4.100000 -1.300000
v 0.400000 4.200000 0.900000
v 0.400000 4.200000 0.800000
v 0.500000 4.200000 0.800000
v 0.400000 4.100000 0.900000
v 0.600000 4.200000 0.900000
v 0.600000 4.200000 0.700000
v -0.200000 4.200000 0.700000
v 0.200000 4.200000 0.600000
v 0.300000 4.200000 0.600000
v 0.300000 4.200000 0.700000
v 0.500000 4.200000 0.600000
v 0.600000 4.200000 0.600000
v 0.700000 4.200000 0.700000
v -0.300000 4.200000 0.500000
v -0.200000 4.200000 0.500000
v -0.100000 4.200000 0.500000
v 0.200000 4.200000 0.500000
v 0.500000 4.100000 0.500000
v 0.500000 4.200000 0.500000
v 0.700000 4.200000 0.500000
v -0.300000 4.200000 0.400000
v -0.400000 4.200000 0.400000
v -0.400000 4.200000 0.500000
v -0.200000 4.200000 0.400000
v -0.100000 4.200000 0.400000
v 0.000000 4.200000 0.400000
v 0.200000 4.100000 0.400000
v 0.200000 4.200000 0.400000
v 0.500000 4.200000 0.400000
v 0.600000 4.200000 0.400000
v 0.700000 4.200000 0.400000
v 0.800000 4.200000 0.400000
v 0.800000 4.200000 0.500000
v 1.000000 4.200000 0.400000
v 1.000000 4.200000 0.500000
v 0.900000 4.200000 0.400000
v 0.900000 4.200000 0.500000
v -0.300000 4.200000 0.300000
v -0.200000 4.200000 0.300000
v 0.400000 4.200000 0.400000
v 0.700000 4.200000 0.300000
v 0.800000 4.200000 0.300000
v 1.100000 4.200000 0.300000
v 1.100000 4.200000 0.400000
v 1.000000 4.200000 0.300000
v -0.400000 4.200000 0.200000
v -0.500000 4.200000 0.200000
v -0.500000 4.200000 0.300000
v -0.300000 4.200000 0.200000
v 0.500000 4.200000 0.200000
v 0.400000 4.200000 0.200000
v 0.600000 4.200000 0.200000
v 1.100000 4.200000 0.200000
v -0.200000 4.200000 0.100000
v -0.100000 4.200000 0.100000
v -0.100000 4.200000 0.200000
v 0.200000 4.100000 0.200000
v 0.200000 4.100000 0.100000
v 0.200000 4.200000 0.100000
v 0.200000 4.200000 0.200000
v 0.100000 4.200000 0.100000
v 0.100000 4.100000 0.100000
v 0.100000 4.100000 0.200000
v 0.100000 4.200000 0.200000
v 0.800000 4.200000 0.100000
v 1.100000 4.200000 0.100000
v 1.000000 4.200000 0.100000
v 1.000000 4.200000 0.200000
v 0.900000 4.100000 0.000000
v 0.800000 4.200000 0.000000
v 0.800000 4.100000 0.000000
v -0.300000 4.200000 -0.100000
v -0.400000 4.200000 -0.100000
v 1.400000 4.100000 0.000000
v -0.200000 4.200000 -0.200000
v -0.300000 4.200000 -0.200000
v 0.900000 4.100000 -0.200000
v 1.200000 4.200000 -0.200000
v 1.100000 4.200000 -0.200000
v -0.100000 4.200000 -0.200000
v 1.100000 4.200000 -0.300000
v 1.000000 4.200000 -0.300000
v 1.500000 4.200000 -0.200000
v 1.600000 4.200000 -0.300000
v 1.600000 4.200000 -0.200000
v -0.200000 4.200000 -0.400000
v -0.100000 4.200000 -0.400000
v 0.000000 4.200000 -0.400000
v 0.200000 4.100000 -0.300000
v 0.200000 4.200000 -0.300000
v 0.100000 4.100000 -0.300000
v 0.100000 4.100000 -0.400000
v 0.100000 4.200000 -0.400000
v 0.100000 4.200000 -0.300000
v 1.200000 4.200000 -0.400000
v 1.700001 4.200000 -0.300000
v 0.900000 4.100000 -0.400000
v 0.900000 4.200000 -0.400000
v 1.600000 4.200000 -0.500000
v 1.700001 4.200000 -0.500000
v -0.400000 4.200000 -0.500000
v -0.400000 4.200000 -0.600000
v -0.300000 4.200000 -0.500000
v 0.900000 4.200000 -0.600000
v 1.600000 4.200000 -0.600000
v -0.500000 4.200000 -0.600000
v 0.700000 4.100000 -0.600000
v 0.700000 4.200000 -0.700000
v 0.700000 4.200000 -0.600000
v 1.500000 4.200000 -0.700000
v 1.600000 4.200000 -0.700000
v 1.700001 4.200000 -0.600000
v -0.500000 4.200000 -0.800000
v -0.300000 4.200000 -0.800000
v 0.200000 4.200000 -0.800000
v 0.300000 4.100000 -0.700000
v 0.300000 4.200000 -0.800000
v 0.300000 4.200000 -0.700000
v -0.200000 4.200000 -0.900000
v -0.200000 4.200000 -0.800000
v 1.600000 4.200000 -0.900000
v -0.200000 4.200000 -1.000000
v -0.300000 4.200000 -1.000000
v 0.100000 4.200000 -0.900000
v 1.300000 4.200000 -0.900000
v 1.300000 4.200000 -1.000000
v 1.600000 4.200000 -1.000000
v 1.700001 4.200000 -1.000000
v 0.100000 4.200000 -1.100000
v 1.000000 4.200000 -1.000000
v 1.000000 4.200000 -1.100000
v 1.400000 4.200000 -1.100000
v 1.600000 4.200000 -1.100000
v -0.200000 4.200000 -1.200000
v 0.100000 4.200000 -1.200000
v 1.300000 4.200000 -1.200000
v 1.400000 4.200000 -1.200000
v 0.900000 4.200000 -1.300000
v 1.300000 4.200000 -1.300000
v 0.100000 4.200000 -1.400000
v 0.300000 4.200000 -1.400000
v 0.600000 4.200000 -1.400000
v 0.900000 4.200000 -1.400000
v 0.300000 4.200000 -1.500000
v 0.600000 4.200000 -1.500000
v 0.500000 4.300000 0.800000
v 0.400000 4.300000 0.800000
v 0.400000 4.300000 0.700000
v -0.200000 4.300000 0.700000
v -0.300000 4.300000 0.700000
v 0.300000 4.300000 0.700000
v 0.300000 4.300000 0.600000
v 0.500000 4.300000 0.600000
v -0.200000 4.300000 0.500000
v -0.300000 4.300000 0.500000
v 0.200000 4.300000 0.600000
v 0.200000 4.300000 0.500000
v 0.400000 4.300000 0.500000
v 0.600000 4.300000 0.500000
v 0.600000 4.300000 0.600000
v -0.100000 4.300000 0.500000
v -0.100000 4.300000 0.400000
v 0.000000 4.300000 0.400000
v 0.200000 4.300000 0.400000
v 0.400000 4.300000 0.400000
v 0.600000 4.300000 0.400000
v -0.200000 4.300000 0.400000
v -0.200000 4.300000 0.300000
v -0.100000 4.300000 0.300000
v 0.000000 4.300000 0.300000
v 0.200000 4.300000 0.300000
v 0.700000 4.300000 0.300000
v 0.700000 4.300000 0.400000
v 0.900000 4.300000 0.300000
v 0.900000 4.300000 0.400000
v 0.800000 4.300000 0.400000
v 0.800000 4.300000 0.300000
v -0.300000 4.300000 0.200000
v -0.300000 4.300000 0.300000
v -0.100000 4.300000 0.200000
v 0.500000 4.300000 0.200000
v 0.400000 4.300000 0.200000
v 0.600000 4.300000 0.200000
v 0.800000 4.300000 0.200000
v 0.900000 4.300000 0.200000
v 1.000000 4.300000 0.300000
v 1.100000 4.300000 0.200000
v 1.100000 4.300000 0.300000
v 1.000000 4.300000 0.200000
v -0.100000 4.300000 0.100000
v 0.300000 4.200000 0.100000
v 0.400000 4.200000 0.100000
v 0.400000 4.300000 0.100000
v 0.300000 4.300000 0.100000
v 0.600000 4.200000 0.100000
v 0.600000 4.300000 0.100000
v 0.500000 4.300000 0.100000
v 0.500000 4.200000 0.100000
v 0.800000 4.300000 0.100000
v 0.900000 4.300000 0.100000
v -0.200000 4.300000 0.100000
v 0.100000 4.300000 0.100000
v 0.200000 4.200000 0.000000
v 0.300000 4.200000 0.000000
v 0.300000 4.300000 0.000000
v 0.200000 4.300000 0.000000
v 0.700000 4.300000 0.000000
v 0.700000 4.200000 0.000000
v 0.700000 4.200000 0.100000
v 0.700000 4.300000 0.100000
v 0.900000 4.300000 0.000000
v 1.000000 4.300000 0.000000
v 1.200000 4.300000 0.000000
v 1.200000 4.300000 0.100000
v 1.100000 4.300000 0.100000
v 1.100000 4.300000 0.000000
v 0.000000 4.300000 -0.100000
v 0.100000 4.300000 -0.100000
v 1.400000 4.300000 0.000000
v 1.300000 4.300000 0.000000
v 1.300000 4.300000 -0.100000
v -0.100000 4.300000 -0.200000
v -0.200000 4.300000 -0.200000
v 1.000000 4.300000 -0.200000
v 0.900000 4.300000 -0.200000
v 1.400000 4.300000 -0.200000
v 0.200000 4.300000 -0.300000
v 1.000000 4.300000 -0.300000
v 1.300000 4.300000 -0.300000
v 1.400000 4.300000 -0.300000
v 1.500000 4.300000 -0.200000
v -0.100000 4.300000 -0.400000
v 0.000000 4.300000 -0.400000
v 0.400000 4.200000 -0.300000
v 0.400000 4.200000 -0.400000
v 0.400000 4.300000 -0.400000
v 0.400000 4.300000 -0.300000
v 0.700000 4.200000 -0.300000
v 0.700000 4.200000 -0.400000
v 0.700000 4.300000 -0.400000
v 0.700000 4.300000 -0.300000
v 1.500000 4.300000 -0.400000
v 1.400000 4.300000 -0.400000
v -0.200000 4.300000 -0.500000
v -0.300000 4.300000 -0.500000
v -0.200000 4.300000 -0.700000
v 1.500000 4.300000 -0.700000
v -0.200000 4.300000 -0.800000
v -0.300000 4.300000 -0.800000
v 0.100000 4.300000 -0.700000
v 1.300000 4.300000 -0.700000
v 1.300000 4.300000 -0.800000
v 1.600000 4.300000 -0.700000
v -0.200000 4.300000 -0.900000
v 0.100000 4.300000 -0.900000
v 1.000000 4.300000 -0.800000
v 1.000000 4.300000 -0.900000
v 1.300000 4.300000 -0.900000
v 1.600000 4.300000 -0.900000
v 0.100000 4.300000 -1.000000
v 0.900000 4.300000 -0.900000
v 0.900000 4.300000 -1.000000
v 1.000000 4.300000 -1.000000
v 1.300000 4.300000 -1.000000
v 0.100000 4.300000 -1.100000
v 1.000000 4.300000 -1.100000
v 0.400000 4.400000 0.400000
v 0.400000 4.400000 0.500000
v 0.600000 4.400000 0.400000
v 0.600000 4.400000 0.500000
v 0.000000 4.400000 0.400000
v 0.000000 4.400000 0.300000
v 0.200000 4.400000 0.300000
v 0.200000 4.400000 0.400000
v -0.100000 4.400000 0.300000
v 0.800000 4.400000 0.300000
v 1.000000 4.400000 0.200000
v 1.000000 4.400000 0.300000
v 0.900000 4.400000 0.200000
v 0.900000 4.400000 0.300000
v -0.100000 4.400000 0.100000
v 0.100000 4.400000 0.100000
v 0.200000 4.400000 0.100000
v 0.700000 4.400000 0.100000
v 0.800000 4.400000 0.100000
v 0.700000 4.400000 0.000000
v 0.900000 4.400000 0.000000
v 0.900000 4.400000 0.100000
v 0.100000 4.400000 -0.100000
v 0.200000 4.400000 -0.100000
v 0.900000 4.400000 -0.100000
v 1.000000 4.400000 -0.100000
v 1.000000 4.400000 0.000000
v 1.200000 4.400000 -0.100000
v 0.000000 4.400000 -0.100000
v 1.300000 4.400000 -0.100000
v 1.300000 4.400000 -0.300000
v 1.200000 4.400000 -0.300000
v 0.000000 4.400000 -0.400000
v 0.100000 4.400000 -0.400000
v 1.400000 4.400000 -0.400000
v 1.400000 4.400000 -0.300000
v -0.200000 4.400000 -0.400000
v 1.300000 4.400000 -0.500000
v 1.400000 4.400000 -0.500000
v 1.500000 4.400000 -0.400000
v -0.100000 4.400000 -0.600000
v 0.000000 4.400000 -0.600000
v 1.400000 4.400000 -0.600000
v -0.100000 4.400000 -0.700000
v -0.200000 4.400000 -0.700000
v 0.000000 4.400000 -0.700000
v 0.100000 4.400000 -0.700000
v 1.100000 4.400000 -0.600000
v 1.100000 4.400000 -0.700000
v 1.200000 4.400000 -0.700000
v 1.300000 4.400000 -0.700000
v 1.500000 4.400000 -0.700000
v 0.100000 4.400000 -0.800000
v 1.000000 4.400000 -0.800000
v 1.200000 4.400000 -0.800000
v 1.300000 4.400000 -0.800000
v 0.600000 4.400000 -0.800000
v 0.800000 4.400000 -0.800000
v 0.900000 4.400000 -0.900000
v 1.000000 4.400000 -0.900000
v 0.100000 4.400000 -1.000000
v 0.600000 4.400000 -1.000000
v 0.800000 4.400000 -1.000000
v 0.900000 4.400000 -1.000000
v 0.200000 4.500000 0.100000
v 0.400000 4.500000 0.000000
v 0.700000 4.500000 0.000000
v 0.700000 4.500000 0.100000
v 0.200000 4.500000 -0.100000
v 0.400000 4.500000 -0.100000
v 0.800000 4.500000 0.000000
v 0.900000 4.500000 -0.100000
v 0.900000 4.500000 0.000000
v 0.800000 4.500000 -0.100000
v 1.000000 4.500000 -0.100000
v 1.000000 4.500000 0.000000
v 1.100000 4.500000 0.000000
v 1.200000 4.500000 -0.100000
v 1.200000 4.500000 0.000000
v 1.100000 4.500000 -0.100000
v 0.100000 4.500000 -0.100000
v 0.100000 4.500000 -0.200000
v 0.200000 4.500000 -0.200000
v 1.200000 4.500000 -0.200000
v 0.100000 4.500000 -0.300000
v 0.900000 4.500000 -0.200000
v 0.900000 4.500000 -0.300000
v 1.000000 4.500000 -0.300000
v 1.000000 4.500000 -0.200000
v 1.200000 4.500000 -0.300000
v 1.100000 4.500000 -0.200000
v 1.100000 4.500000 -0.300000
v 0.100000 4.500000 -0.400000
v 0.200000 4.500000 -0.400000
v 0.200000 4.500000 -0.300000
v 1.300000 4.500000 -0.300000
v 1.200000 4.500000 -0.400000
v 0.000000 4.500000 -0.400000
v 1.000000 4.500000 -0.400000
v 1.100000 4.500000 -0.500000
v 1.300000 4.500000 -0.500000
v 0.000000 4.500000 -0.600000
v 0.100000 4.500000 -0.600000
v 1.100000 4.500000 -0.600000
v 1.300000 4.500000 -0.600000
v 1.400000 4.500000 -0.600000
v 1.400000 4.500000 -0.500000
v 0.000000 4.500000 -0.700000
v -0.100000 4.500000 -0.700000
v -0.100000 4.500000 -0.600000
v 0.300000 4.500000 -0.600000
v 0.400000 4.500000 -0.600000
v 0.400000 4.500000 -0.700000
v 0.600000 4.500000 -0.700000
v 0.600000 4.500000 -0.600000
v 1.100000 4.500000 -0.700000
v 1.000000 4.500000 -0.700000
v 0.000000 4.500000 -0.800000
v 0.000000 4.400000 -0.800000
v 0.300000 4.500000 -0.800000
v 0.600000 4.500000 -0.800000
v 0.900000 4.500000 -0.800000
v 0.800000 4.500000 -0.800000
v 0.900000 4.500000 -0.700000
v 1.200000 4.500000 -0.800000
v 1.200000 4.500000 -0.700000
v 0.600000 4.500000 -1.000000
v 0.800000 4.500000 -1.000000
v 0.400000 4.600000 0.000000
v 0.400000 4.600000 -0.100000
v 0.800000 4.600000 -0.100000
v 0.800000 4.600000 0.000000
v 0.900000 4.600000 0.000000
v 0.900000 4.600000 -0.100000
v 1.100000 4.600000 -0.100000
v 1.100000 4.600000 0.000000
v 0.200000 4.600000 -0.100000
v 0.200000 4.600000 -0.200000
v 0.400000 4.600000 -0.200000
v 0.800000 4.600000 -0.200000
v 1.000000 4.600000 -0.200000
v 0.900000 4.600000 -0.200000
v 1.100000 4.600000 -0.200000
v 1.200000 4.600000 -0.200000
v 1.200000 4.600000 -0.100000
v 0.200000 4.600000 -0.300000
v 0.100000 4.600000 -0.300000
v 0.100000 4.600000 -0.200000
v 0.900000 4.600000 -0.300000
v 1.100000 4.600000 -0.300000
v 1.000000 4.600000 -0.300000
v 0.200000 4.600000 -0.400000
v 0.400000 4.600000 -0.400000
v 0.800000 4.600000 -0.400000
v 0.900000 4.600000 -0.400000
v 1.000000 4.600000 -0.400000
v 1.100000 4.600000 -0.400000
v 0.100000 4.600000 -0.400000
v 0.100000 4.600000 -0.500000
v 0.200000 4.600000 -0.500000
v 0.500000 4.600000 -0.500000
v 0.500000 4.600000 -0.400000
v 0.600000 4.600000 -0.400000
v 0.600000 4.600000 -0.500000
v 0.700000 4.600000 -0.400000
v 0.200000 4.600000 -0.600000
v 0.300000 4.600000 -0.600000
v 0.400000 4.600000 -0.600000
v 0.600000 4.600000 -0.600000
v 0.700000 4.600000 -0.600000
v 0.900000 4.600000 -0.600000
v 1.100000 4.600000 -0.600000
v 1.100000 4.600000 -0.500000
v 1.300000 4.600000 -0.600000
v 1.300000 4.600000 -0.500000
v 0.400000 4.600000 -0.700000
v 0.600000 4.600000 -0.700000
v 0.700000 4.600000 -0.700000
v 0.800000 4.600000 -0.700000
v 0.900000 4.600000 -0.700000
v 1.000000 4.600000 -0.700000
v 0.300000 4.600000 -0.800000
v 0.600000 4.600000 -0.800000
v 0.800000 4.600000 -0.800000
v 0.900000 4.600000 -0.800000
v 0.900000 4.700000 -0.200000
v 0.900000 4.700000 -0.100000
v 0.800000 4.700000 -0.200000
v 0.800000 4.700000 -0.100000
v 0.400000 4.700000 -0.200000
v 0.500000 4.700000 -0.400000
v 0.400000 4.700000 -0.400000
v 0.600000 4.700000 -0.400000
v 0.700000 4.700000 -0.400000
v 0.800000 4.700000 -0.400000
v 1.200000 4.700000 -0.400000
v 1.200000 4.700000 -0.300000
v 1.100000 4.700000 -0.400000
v 1.100000 4.700000 -0.300000
v 0.600000 4.700000 -0.500000
v 0.500000 4.700000 -0.500000
v 0.900000 4.700000 -0.500000
v 0.200000 4.700000 -0.600000
v 0.200000 4.700000 -0.500000
v 0.100000 4.700000 -0.600000
v 0.100000 4.700000 -0.500000
v 0.800000 4.700000 -0.600000
v 0.900000 4.700000 -0.600000
v 0.800000 4.700000 -0.500000
v 0.700000 4.700000 -0.700000
v 0.600000 4.700000 -0.700000
v 0.600000 4.700000 -0.800000
v 0.800000 4.700000 -0.800000
v 0.800000 4.700000 -0.700000
v 0.700000 4.800000 -0.400000
v 0.800000 4.800000 -0.500000
v 0.900000 4.800000 -0.500000
v 0.900000 4.800000 -0.400000
v 0.800000 4.800000 -0.600000
v 0.700000 4.800000 -0.600000
v 0.700000 4.800000 -0.700000
v 0.600000 4.800000 -0.700000
v 0.600000 4.800000 -0.600000
v 2.500000 3.600000 1.700001
v 2.500000 3.600000 1.600000
v 3.000001 3.600000 1.600000
v 3.000001 3.600000 1.700001
v 2.300001 3.600000 1.600000
v 2.300001 3.600000 1.500000
v 2.500000 3.600000 1.500000
v 3.100001 3.600000 1.600000
v 2.100000 3.600000 1.500000
v 2.100000 3.600000 1.400000
v 2.300001 3.600000 1.400000
v 3.100001 3.600000 1.400000
v 3.000001 3.600000 1.400000
v 2.000000 3.600000 1.400000
v 2.000000 3.600000 1.300000
v 2.100000 3.600000 1.300000
v 1.900000 3.600000 1.300000
v 3.100001 3.600000 1.200000
v 3.000001 3.600000 1.200000
v 2.000000 3.600000 1.000000
v 1.900000 3.600000 1.000000
v 2.100000 3.600000 1.100000
v 2.100000 3.600000 1.000000
v 2.200001 3.600000 1.100000
v 3.100001 3.600000 1.000000
v 3.000001 3.600000 1.000000
v 2.100000 3.600000 0.900000
v 2.000000 3.600000 0.900000
v 2.200001 3.600000 0.900000
v 3.000001 3.600000 0.900000
v 2.900001 3.600000 0.900000
v 2.900001 3.600000 1.000000
v 2.100000 3.600000 0.800000
v 2.300001 3.600000 0.800000
v 2.300001 3.600000 0.900000
v 2.600001 3.600000 0.800000
v 2.700001 3.600000 0.900000
v 2.700001 3.600000 0.800000
v 2.800001 3.600000 0.800000
v 2.900001 3.600000 0.800000
v 2.600001 3.600000 0.700000
v 2.800001 3.600000 0.700000
v 2.500000 3.700000 1.600000
v 2.500000 3.700000 1.500000
v 3.000001 3.700000 1.500000
v 3.000001 3.700000 1.600000
v 2.400001 3.700000 1.500000
v 3.000001 3.700000 1.400000
v 2.100000 3.700000 1.400000
v 2.100000 3.700000 1.300000
v 2.200001 3.700000 1.300000
v 2.200001 3.700000 1.400000
v 3.100001 3.700000 1.400000
v 3.000001 3.700000 1.300000
v 2.000000 3.700000 1.300000
v 2.900001 3.700000 1.300000
v 3.000001 3.700000 1.200000
v 3.100001 3.700000 1.200000
v 2.000000 3.700000 1.100000
v 2.100000 3.700000 1.100000
v 2.200001 3.700000 1.100000
v 2.200001 3.700000 1.200000
v 2.400001 3.700000 1.200000
v 2.400001 3.700000 1.000000
v 3.000001 3.700000 1.000000
v 2.900001 3.700000 1.000000
v 2.300001 3.700000 0.900000
v 2.200001 3.700000 0.900000
v 2.500000 3.700000 0.900000
v 2.500000 3.700000 1.000000
v 2.800001 3.700000 0.900000
v 2.700001 3.700000 0.900000
v 2.900001 3.700000 0.900000
v 2.800001 3.700000 1.000000
v 2.300001 3.700000 0.800000
v 2.700001 3.700000 0.800000
v 2.500000 3.800000 1.500000
v 2.500000 3.800000 1.600000
v 2.400001 3.800000 1.600000
v 2.400001 3.800000 1.500000
v 2.400001 3.700000 1.600000
v 2.300001 3.800000 1.500000
v 2.300001 3.800000 1.400000
v 2.600001 3.800000 1.400000
v 2.800001 3.800000 1.400000
v 2.800001 3.800000 1.500000
v 2.200001 3.800000 1.400000
v 2.200001 3.800000 1.300000
v 2.300001 3.800000 1.300000
v 2.800001 3.800000 1.300000
v 2.900001 3.800000 1.300000
v 2.900001 3.800000 1.400000
v 2.100000 3.800000 1.300000
v 2.200001 3.800000 1.200000
v 2.300001 3.800000 1.200000
v 2.400001 3.800000 1.200000
v 2.500000 3.800000 1.200000
v 2.600001 3.800000 1.200000
v 2.200001 3.800000 1.100000
v 2.100000 3.800000 1.100000
v 2.500000 3.800000 1.100000
v 2.900001 3.800000 1.100000
v 2.100000 3.800000 1.000000
v 2.000000 3.800000 1.000000
v 2.000000 3.800000 1.100000
v 2.500000 3.800000 1.000000
v 2.400001 3.800000 1.000000
v 2.800001 3.800000 1.000000
v 2.900001 3.800000 1.000000
v 2.500000 3.800000 0.900000
v 2.800001 3.800000 0.900000
v 2.900001 3.900000 1.400000
v 2.800001 3.900000 1.400000
v 2.800001 3.900000 1.500000
v 3.000001 3.900000 1.500000
v 2.600001 3.900000 1.400000
v 2.800001 3.900000 1.300000
v 3.000001 3.900000 1.300000
v 2.900001 3.900000 1.300000
v 2.300001 3.900000 1.200000
v 2.300001 3.900000 1.300000
v 2.200001 3.900000 1.200000
v 2.200001 3.900000 1.300000
v 2.600001 3.900000 1.200000
v 2.700001 3.900000 1.200000
v 2.800001 3.900000 1.200000
v 2.500000 3.900000 1.100000
v 2.500000 3.900000 1.200000
v 2.700001 3.900000 1.100000
v 2.800001 3.900000 1.100000
v 2.900001 3.900000 1.100000
v 2.800001 4.000000 1.100000
v 2.800001 4.000000 1.200000
v 2.700001 4.000000 1.100000
v 2.700001 4.000000 1.200000
v -1.900000 5.300000 0.200000
v -1.900000 5.300000 0.100000
v -1.900000 5.400001 0.100000
v -1.900000 5.400001 0.200000
v -1.400000 5.300000 0.200000
v -1.900000 5.300000 0.000000
v -1.900000 5.400001 0.000000
v -2.000000 5.400001 0.000000
v -2.000000 5.300000 0.000000
v -2.000000 5.300000 0.100000
v -2.000000 5.400001 0.100000
v -1.900000 5.400001 -0.100000
v -1.900000 5.300000 -0.100000
v -1.400000 5.300000 -0.100000
v -2.000000 5.500000 0.200000
v -2.000000 5.500000 0.100000
v -1.900000 5.500000 0.100000
v -1.900000 5.500000 0.200000
v -2.000000 5.400001 0.200000
v -2.000000 5.500000 0.000000
v -2.100000 5.500000 0.000000
v -2.100000 5.400001 0.000000
v -2.100000 5.500000 0.100000
v -2.100000 5.400001 0.100000
v -1.900000 5.500000 -0.100000
v -2.000000 5.500000 -0.100000
v -2.000000 5.400001 -0.100000
v -1.900000 5.500000 0.000000
v -1.900000 5.600000 0.200000
v -1.900000 5.600000 0.100000
v -1.800000 5.600000 0.100000
v -1.700000 5.600000 0.100000
v -1.600000 5.600000 0.100000
v -1.500000 5.600000 0.100000
v -1.400000 5.600000 0.200000
v -1.900000 5.600000 0.000000
v -2.000000 5.600000 0.000000
v -2.000000 5.600000 0.100000
v -1.800000 5.600000 0.000000
v -1.700000 5.600000 0.000000
v -1.600000 5.600000 0.000000
v -1.500000 5.600000 0.000000
v -1.900000 5.600000 -0.100000
v -1.400000 5.600000 -0.100000
v -1.700001 5.700001 0.000000
v -1.700001 5.700001 0.100000
v -1.800001 5.700001 0.000000
v -1.800001 5.700001 0.100000
v -1.500000 5.700001 0.000000
v -1.500000 5.700001 0.100000
v -1.600000 5.700001 0.000000
v -1.600000 5.700001 0.100000
v -3.400001 3.600000 0.700000
v -3.500001 3.600000 0.700000
v -3.500001 3.600000 0.800000
v -3.200001 3.600000 0.700000
v -3.100001 3.600000 0.700000
v -3.100001 3.600000 0.800000
v -3.000001 3.600000 0.800000
v -3.000001 3.600000 0.700000
v -2.800001 3.600000 0.800000
v -3.400001 3.600000 0.600000
v -3.200001 3.600000 0.600000
v -3.100001 3.600000 0.600000
v -2.900001 3.600000 0.600000
v -2.800001 3.600000 0.600000
v -3.500001 3.600000 0.600000
v -2.900001 3.600000 0.500000
v -3.500001 3.600000 0.400000
v -3.400001 3.600000 0.400000
v -3.000001 3.600000 0.400000
v -2.900001 3.600000 0.400000
v -3.000001 3.600000 0.500000
v -3.700001 3.600000 0.400000
v -3.300001 3.600000 0.300000
v -3.300001 3.600000 0.400000
v -3.100001 3.600000 0.300000
v -3.600001 3.600000 0.200000
v -3.500001 3.600000 0.200000
v -3.300001 3.600000 0.200000
v -3.100001 3.600000 0.200000
v -3.600001 3.600000 0.100000
v -3.700001 3.600000 0.100000
v -3.500001 3.600000 0.100000
v -3.300001 3.600000 0.100000
v 3.300001 3.600000 -0.800000
v 3.300001 3.600000 -0.900000
v 3.400001 3.600000 -0.900000
v 3.500001 3.600000 -0.900000
v 3.500001 3.600000 -0.800000
v 3.200001 3.600000 -0.900000
v 3.200001 3.600000 -1.000000
v 3.300001 3.600000 -1.000000
v 3.400001 3.600000 -1.000000
v 3.500001 3.600000 -1.000000
v 3.600001 3.600000 -1.000000
v 3.700001 3.600000 -0.900000
v 3.200001 3.600000 -1.100000
v 3.300001 3.600000 -1.100000
v 3.100001 3.600000 -1.200000
v 3.200001 3.600000 -1.200000
v 3.600001 3.600000 -1.200000
v 3.000001 3.600000 -1.200000
v 3.300001 3.600000 -1.200000
v 3.500001 3.600000 -1.200000
v 3.500001 3.600000 -1.300000
v 3.600001 3.600000 -1.300000
v 3.200001 3.600000 -1.400000
v 3.300001 3.600000 -1.400000
v 3.700001 3.600000 -1.400000
v 3.600001 3.600000 -1.400000
v 3.100001 3.600000 -1.500000
v 3.000001 3.600000 -1.500000
v 3.200001 3.600000 -1.500000
v 3.300001 3.600000 -1.500000
v 3.400001 3.600000 -1.400000
v 3.400001 3.600000 -1.500000
v 3.500001 3.600000 -1.500000
v 3.500001 3.600000 -1.400000
v 3.600001 3.600000 -1.500000
v 3.200001 3.600000 -1.600000
v 3.100001 3.600000 -1.600000
v 3.400001 3.600000 -1.600000
v 3.500001 3.600000 -1.600000
v 3.400001 3.600000 -1.700001
v 3.300001 3.600000 -1.700001
v 3.600001 3.600000 -1.700001
v 3.500001 3.600000 -1.700001
v 3.300001 3.600000 -1.800001
v 3.200001 3.600000 -1.800001
v 3.200001 3.600000 -1.700001
v -3.100001 3.700000 0.600000
v -3.100001 3.700000 0.700000
v -3.200001 3.700000 0.700000
v -3.200001 3.700000 0.600000
v -3.400001 3.700000 0.600000
v -3.300001 3.700000 0.600000
v -3.000001 3.700000 0.600000
v -2.900001 3.700000 0.500000
v -2.900001 3.700000 0.600000
v -3.000001 3.700000 0.500000
v -3.300001 3.700000 0.400000
v -3.400001 3.700000 0.400000
v 3.500001 3.700000 -1.000000
v 3.500001 3.700000 -0.900000
v 3.400001 3.700000 -0.900000
v 3.400001 3.700000 -1.000000
v 3.300001 3.700000 -1.100000
v 3.400001 3.700000 -1.100000
v 3.500001 3.700000 -1.100000
v 3.600001 3.700000 -1.000000
v 3.300001 3.700000 -1.200000
v 3.200001 3.700000 -1.200000
v 3.200001 3.700000 -1.100000
v 3.600001 3.700000 -1.200000
v 3.500001 3.700000 -1.200000
v 3.500001 3.700000 -1.300000
v 3.300001 3.700000 -1.400000
v 3.500001 3.700000 -1.400000
v 3.600001 3.700000 -1.300000
v 3.300001 3.700000 -1.500000
v 3.200001 3.700000 -1.500000
v 3.200001 3.700000 -1.400000
v 3.600001 3.700000 -1.500000
v 3.500001 3.700000 -1.500000
v -3.100001 3.800000 0.600000
v -3.000001 3.800000 0.500000
v -3.000001 3.800000 0.600000
v -3.100001 3.800000 0.500000
v -3.300001 3.800000 0.400000
v -3.100001 3.800000 0.400000
v -3.300001 3.800000 0.300000
v -3.100001 3.800000 0.300000
v 3.400001 3.800000 -1.100000
v 3.400001 3.800000 -1.000000
v 3.300001 3.800000 -1.000000
v 3.300001 3.800000 -1.100000
v 3.500001 3.800000 -1.200000
v 3.600001 3.800000 -1.300000
v 3.600001 3.800000 -1.200000
v 3.500001 3.800000 -1.300000
v -3.300001 3.900000 0.500000
v -3.100001 3.900000 0.500000
v -3.300001 3.900000 0.400000
v -3.100001 3.900000 0.400000
v -3.000001 3.900000 0.400000
v -3.000001 3.900000 0.500000
v 3.500001 3.900000 -1.400000
v 3.400001 3.900000 -1.400000
v 3.400001 3.900000 -1.500000
v -3.300001 4.000000 0.500000
v -3.300001 4.000000 0.600000
v -3.400001 3.900000 0.400000
v -3.400001 3.900000 0.500000
v -3.400001 4.000000 0.500000
v 3.300001 4.000000 -1.400000
v 3.400001 4.000000 -1.500000
v 3.300001 4.000000 -1.500000
v 3.400001 4.000000 -1.400000
v 3.500001 3.900000 -1.500000
v -3.400001 4.000000 0.600000
v 3.300001 4.100000 -1.100000
v 3.300001 4.100000 -1.200000
v 3.400001 4.100000 -1.200000
v 3.400001 4.100000 -1.100000
v -3.300001 4.200000 0.600000
v -3.200001 4.200000 0.600000
v -3.100001 4.200000 0.500000
v -3.100001 4.200000 0.600000
v 3.500001 4.200000 -1.200000
v 3.500001 4.200000 -1.100000
v 3.400001 4.200000 -1.100000
v 3.400001 4.200000 -1.200000
v 3.300001 4.200000 -1.300000
v 3.400001 4.200000 -1.400000
v 3.300001 4.200000 -1.400000
v 3.400001 4.200000 -1.300000
v 3.500001 4.200000 -1.400000
v -3.200001 4.200000 0.700000
v -3.300001 4.200000 0.700000
v -3.400001 4.300000 0.600000
v -3.000001 4.200000 0.600000
v -3.000001 4.200000 0.500000
v -3.000001 4.300000 0.500000
v -3.000001 4.300000 0.600000
v -3.400001 4.300000 0.400000
v 3.300001 4.300000 -1.200000
v 3.500001 4.300000 -1.200000
v 3.600001 4.200000 -1.200000
v 3.600001 4.200000 -1.400000
v 3.600001 4.300000 -1.400000
v 3.500001 4.300000 -1.400000
v 3.500001 4.300000 -1.500000
v -3.200001 4.400000 0.600000
v -3.200001 4.400000 0.700000
v -3.300001 4.400000 0.700000
v -3.300001 4.400000 0.600000
v -3.500001 4.300000 0.600000
v -3.500001 4.400000 0.500000
v -3.200001 4.400000 0.500000
v -3.100001 4.400000 0.500000
v -3.000001 4.400000 0.500000
v -3.000001 4.400000 0.600000
v -2.900001 4.300000 0.600000
v -2.900001 4.400000 0.600000
v -3.400001 4.400000 0.400000
v -3.500001 4.400000 0.400000
v -3.500001 4.300000 0.400000
v -3.400001 4.400000 0.500000
v -2.900001 4.300000 0.400000
v -2.900001 4.400000 0.400000
v -3.000001 4.300000 0.400000
v 3.300001 4.400000 -1.100000
v 3.400001 4.400000 -1.100000
v 3.300001 4.300000 -1.100000
v 3.500001 4.300000 -1.100000
v 3.400001 4.400000 -1.300000
v 3.300001 4.400000 -1.300000
v 3.400001 4.400000 -1.400000
v 3.600001 4.400000 -1.400000
v 3.500001 4.400000 -1.500000
v 3.400001 4.400000 -1.500000
v 3.600001 4.300000 -1.500000
v 3.600001 4.400000 -1.500000
v 3.500001 4.400000 -1.400000
v -3.400001 4.500000 0.500000
v -3.500001 4.500000 0.500000
v -3.300001 4.500000 0.600000
v -3.200001 4.500000 0.500000
v -3.200001 4.500000 0.600000
v -3.300001 4.500000 0.500000
v -3.000001 4.500000 0.500000
v -2.800001 4.400000 0.600000
v -3.400001 4.500000 0.400000
v -2.900001 4.500000 0.400000
v -3.000001 4.500000 0.400000
v -2.900001 4.500000 0.500000
v -2.800001 4.400000 0.400000
v 3.500001 4.500000 -1.200000
v 3.500001 4.500000 -1.100000
v 3.400001 4.500000 -1.100000
v 3.400001 4.500000 -1.300000
v 3.600001 4.500000 -1.200000
v 3.400001 4.500000 -1.400000
v 3.400001 4.500000 -1.500000
v 3.300001 4.500000 -1.500000
v 3.300001 4.400000 -1.500000
v 3.300001 4.500000 -1.400000
v 3.300001 4.400000 -1.400000
v -3.500001 4.600000 0.500000
v -3.500001 4.600000 0.600000
v -3.400001 4.600000 0.600000
v -3.300001 4.600000 0.500000
v -3.300001 4.600000 0.600000
v -3.400001 4.600000 0.500000
v -2.900001 4.600000 0.500000
v -3.000001 4.600000 0.500000
v -3.000001 4.600000 0.600000
v -2.900001 4.600000 0.600000
v -2.800001 4.600000 0.500000
v -2.800001 4.600000 0.600000
v -3.400001 4.600000 0.400000
v -3.500001 4.600000 0.400000
v -3.500001 4.500000 0.400000
v -3.300001 4.600000 0.400000
v -3.100001 4.600000 0.400000
v -3.100001 4.600000 0.500000
v 3.500001 4.500000 -1.000000
v 3.500001 4.600000 -1.100000
v 3.500001 4.600000 -1.000000
v 3.400001 4.500000 -1.000000
v 3.400001 4.600000 -1.000000
v 3.600001 4.500000 -1.100000
v 3.600001 4.600000 -1.100000
v 3.400001 4.600000 -1.400000
v 3.300001 4.600000 -1.400000
v 3.300001 4.500000 -1.300000
v 3.300001 4.600000 -1.300000
v 3.400001 4.600000 -1.500000
v -3.600001 4.700000 0.500000
v -3.600001 4.600000 0.500000
v -3.600001 4.600000 0.600000
v -3.600001 4.700000 0.600000
v -3.400001 4.700000 0.500000
v -2.900001 4.700000 0.500000
v -2.700001 4.600000 0.600000
v -2.700001 4.600000 0.500000
v -2.800001 4.700000 0.500000
v -3.300001 4.700000 0.400000
v -3.300001 4.700000 0.500000
v -3.400001 4.700000 0.400000
v -2.800001 4.700000 0.400000
v -2.900001 4.700000 0.400000
v 3.500001 4.600000 -0.900000
v 3.400001 4.600000 -0.900000
v 3.400001 4.700000 -1.100000
v 3.600001 4.600000 -1.000000
v 3.500001 4.700000 -1.200000
v 3.500001 4.700000 -1.100000
v 3.600001 4.700000 -1.200000
v 3.400001 4.700000 -1.300000
v 3.600001 4.700000 -1.300000
v 3.300001 4.700000 -1.400000
v 3.200001 4.700000 -1.400000
v 3.200001 4.600000 -1.400000
v 3.200001 4.600000 -1.300000
v 3.200001 4.700000 -1.300000
v 3.600001 4.700000 -1.400000
v 3.500001 4.700000 -1.400000
v 3.400001 4.700000 -1.500000
v 3.300001 4.700000 -1.500000
v 3.300001 4.600000 -1.500000
v 3.400001 4.700000 -1.400000
v 3.500001 4.700000 -1.500000
v -3.700001 4.800000 0.500000
v -3.700001 4.700000 0.500000
v -3.700001 4.700000 0.600000
v -3.700001 4.800000 0.600000
v -3.500001 4.800000 0.500000
v -3.500001 4.800000 0.600000
v -3.400001 4.800000 0.500000
v -3.400001 4.800000 0.600000
v -2.900001 4.800000 0.500000
v -2.900001 4.800000 0.600000
v -2.700001 4.800000 0.500000
v -2.700001 4.800000 0.600000
v 3.500001 4.800000 -1.000000
v 3.500001 4.800000 -0.900000
v 3.400001 4.800000 -1.000000
v 3.400001 4.800000 -0.900000
v 3.500001 4.800000 -1.100000
v 3.400001 4.800000 -1.100000
v 3.600001 4.800000 -1.000000
v 3.600001 4.800000 -1.200000
v 3.500001 4.800000 -1.200000
v 3.000001 4.700000 -1.200000
v 3.000001 4.700000 -1.300000
v 3.000001 4.800000 -1.300000
v 3.000001 4.800000 -1.200000
v 3.100001 4.800000 -1.200000
v 3.200001 4.700000 -1.200000
v 3.200001 4.800000 -1.300000
v 3.200001 4.800000 -1.200000
v 3.100001 4.800000 -1.300000
v 2.900001 4.800000 -1.400000
v 2.900001 4.700000 -1.400000
v 2.900001 4.700000 -1.300000
v 2.900001 4.800000 -1.300000
v 3.200001 4.800000 -1.400000
v 3.400001 4.800000 -1.400000
v 3.500001 4.800000 -1.300000
v 3.500001 4.800000 -1.500000
v 3.400001 4.800000 -1.500000
v 3.600001 4.700000 -1.500000
v -3.700001 4.900000 0.500000
v -3.800001 4.900000 0.500000
v -3.800001 4.800000 0.500000
v -3.800001 4.900000 0.600000
v -3.700001 4.900000 0.600000
v -3.800001 4.800000 0.600000
v 3.400001 4.900000 -0.800000
v 3.500001 4.900000 -0.900000
v 3.500001 4.900000 -0.800000
v 3.400001 4.800000 -0.800000
v 3.600001 4.800000 -0.800000
v 3.600001 4.800000 -0.900000
v 3.600001 4.900000 -0.800000
v 3.500001 4.900000 -1.000000
v 3.400001 4.900000 -1.000000
v 2.900001 4.800000 -1.200000
v 2.900001 4.900000 -1.300000
v 2.900001 4.900000 -1.200000
v 3.000001 4.900000 -1.200000
v 3.100001 4.900000 -1.300000
v 3.100001 4.900000 -1.200000
v 3.000001 4.900000 -1.300000
v 2.800001 4.900000 -1.400000
v 2.800001 4.800000 -1.400000
v 2.800001 4.800000 -1.300000
v 2.800001 4.900000 -1.300000
v 3.100001 4.900000 -1.400000
v 3.200001 4.900000 -1.400000
v 3.200001 4.900000 -1.300000
v 3.600001 4.900000 -1.400000
v 3.600001 4.900000 -1.300000
v 3.500001 4.900000 -1.300000
v 3.500001 4.900000 -1.400000
v 3.600001 4.900000 -1.500000
v 3.500001 4.900000 -1.500000
v -3.600001 5.000000 0.500000
v -3.600001 5.000000 0.600000
v -3.500001 5.000000 0.500000
v -3.500001 5.000000 0.600000
v 3.600001 4.900000 -0.700000
v 3.600001 5.000000 -0.800000
v 3.600001 5.000000 -0.700000
v 3.500001 4.900000 -0.700000
v 3.500001 5.000000 -0.700000
v 2.800001 5.000000 -1.200000
v 2.800001 5.000000 -1.300000
v 2.900001 5.000000 -1.300000
v 2.800001 4.900000 -1.200000
v 3.000001 5.000000 -1.300000
v 3.000001 5.000000 -1.200000
v 2.700001 5.000000 -1.400000
v 2.700001 4.900000 -1.400000
v 2.700001 4.900000 -1.300000
v 2.700001 5.000000 -1.300000
v 2.900001 5.000000 -1.400000
v 3.100001 5.000000 -1.400000
v 3.100001 5.000000 -1.300000
v 3.600001 5.000000 -1.500000
v 3.600001 5.000000 -1.400000
v 3.600001 4.900000 -1.600000
v 3.500001 4.900000 -1.600000
v -3.600001 5.100000 0.600000
v -3.700001 5.100000 0.600000
v 3.600001 5.000000 -0.600000
v 3.600001 5.100000 -0.700000
v 3.600001 5.100000 -0.600000
v 3.500001 5.100000 -0.600000
v 3.500001 5.000000 -0.600000
v 3.600001 5.100000 -0.800000
v 3.700001 5.000000 -0.700000
v 3.700001 5.000000 -0.800000
v 3.700001 5.100000 -0.700000
v 3.600001 5.100000 -0.900000
v 3.500001 5.100000 -0.900000
v 2.600001 5.000000 -1.200000
v 2.800001 5.100000 -1.300000
v 2.600001 5.000000 -1.400000
v 2.800001 5.100000 -1.400000
v 2.900001 5.100000 -1.400000
v 2.900001 5.100000 -1.300000
v 3.500001 5.100000 -1.400000
v 3.600001 5.100000 -1.400000
v 3.700001 5.000000 -1.400000
v 3.700001 5.000000 -1.500000
v 3.700001 5.100000 -1.400000
v 3.500001 5.100000 -1.600000
v -3.600001 5.100000 0.700000
v -3.600001 5.200000 0.600000
v -3.600001 5.200000 0.700000
v -3.700001 5.100000 0.700000
v -3.700001 5.200000 0.600000
v -3.700001 5.200000 0.700000
v -3.600001 5.200000 0.500000
v -3.700001 5.200000 0.500000
v 3.700001 5.100000 -0.600000
v 3.700001 5.200000 -0.700000
v 3.700001 5.200000 -0.600000
v 3.600001 5.200000 -0.700000
v 3.600001 5.200000 -0.600000
v 3.700001 5.200000 -0.800000
v 3.600001 5.200000 -0.800000
v 2.600001 5.200000 -1.300000
v 2.700001 5.200000 -1.200000
v 2.800001 5.200000 -1.200000
v 2.700001 5.200000 -1.300000
v 2.600001 5.200000 -1.400000
v 2.800001 5.200000 -1.400000
v 3.700001 5.100000 -1.300000
v 3.700001 5.200000 -1.400000
v 3.700001 5.200000 -1.300000
v 3.600001 5.200000 -1.300000
v 3.600001 5.200000 -1.400000
v 3.600001 5.100000 -1.300000
v 3.300001 5.100000 -1.500000
v 3.300001 5.200000 -1.500000
v 3.200001 5.200000 -1.500000
v 3.200001 5.100000 -1.500000
v 3.200001 5.100000 -1.400000
v 3.300001 5.200000 -1.600000
v 3.300001 5.100000 -1.600000
v -3.700001 5.200000 0.800000
v -3.600001 5.300000 0.800000
v -3.500001 5.200000 0.800000
v -3.500001 5.200000 0.700000
v -3.500001 5.300000 0.700000
v -3.500001 5.300000 0.800000
v -3.600001 5.300000 0.700000
v 3.700001 5.200000 -0.500000
v 3.700001 5.300000 -0.600000
v 3.700001 5.300000 -0.500000
v 3.600001 5.300000 -0.500000
v 3.600001 5.300000 -0.600000
v 3.600001 5.200000 -0.500000
v 2.700001 5.300000 -1.300000
v 2.700001 5.300000 -1.200000
v 2.600001 5.300000 -1.300000
v 2.600001 5.300000 -1.200000
v 3.200001 5.300000 -1.500000
v 3.200001 5.300000 -1.400000
v 3.500001 5.300000 -1.400000
v 3.600001 5.300000 -1.400000
v 3.700001 5.300000 -1.500000
v 3.600001 5.300000 -1.500000
v 3.200001 5.200000 -1.600000
v 3.600001 5.300000 -1.600000
v -3.600001 5.400001 0.700000
v -3.600001 5.400001 0.800000
v -3.700001 5.400001 0.800000
v -3.700001 5.400001 0.700000
v -3.700001 5.400001 0.600000
v 3.700001 5.400001 -0.700000
v 3.700001 5.400001 -0.600000
v 3.600001 5.400001 -0.700000
v 3.600001 5.400001 -0.600000
v 3.600001 5.300000 -1.300000
v 3.600001 5.400001 -1.300000
v 3.500001 5.300000 -1.300000
v 3.500001 5.400001 -1.400000
v 3.500001 5.400001 -1.300000
v 3.200001 5.400001 -1.500000
v 3.100001 5.400001 -1.500000
v 3.100001 5.300000 -1.500000
v 3.100001 5.300000 -1.400000
v 3.100001 5.400001 -1.400000
v 3.200001 5.400001 -1.400000
v 3.400001 5.400001 -1.500000
v 3.400001 5.400001 -1.400000
v 3.200001 5.400001 -1.600000
v 3.500001 5.400001 -1.600000
v 3.500001 5.400001 -1.500000
v 3.700001 5.300000 -1.600000
v -3.800001 5.500000 0.600000
v -3.800001 5.400001 0.600000
v -3.800001 5.500000 0.700000
v -3.800001 5.400001 0.700000
v -3.600001 5.500000 0.600000
v -3.600001 5.500000 0.700000
v 3.500001 5.400001 -1.100000
v 3.500001 5.400001 -1.200000
v 3.400001 5.400001 -1.100000
v 3.400001 5.500000 -1.100000
v 3.400001 5.500000 -1.300000
v 3.600001 5.400001 -1.200000
v 3.600001 5.500000 -1.300000
v 3.400001 5.500000 -1.400000
v 3.600001 5.500000 -1.400000
v 3.500001 5.500000 -1.300000
v 3.500001 5.500000 -1.400000
v 3.000001 5.500000 -1.500000
v 2.900001 5.500000 -1.500000
v 2.900001 5.400001 -1.500000
v 2.900001 5.500000 -1.400000
v 3.000001 5.500000 -1.400000
v 2.900001 5.400001 -1.400000
v 3.100001 5.500000 -1.500000
v 3.100001 5.500000 -1.400000
v 3.200001 5.500000 -1.500000
v 3.200001 5.500000 -1.400000
v 3.500001 5.500000 -1.500000
v 3.400001 5.500000 -1.500000
v 3.700001 5.500000 -1.500000
v 3.700001 5.500000 -1.400000
v 3.600001 5.500000 -1.600000
v 3.700001 5.500000 -1.600000
v 3.300001 5.500000 -1.100000
v 3.300001 5.600000 -1.200000
v 3.500001 5.600000 -1.200000
v 3.400001 5.600000 -1.300000
v 3.300001 5.600000 -1.300000
v 3.300001 5.500000 -1.300000
v 3.400001 5.600000 -1.200000
v 3.600001 5.600000 -1.300000
v 3.600001 5.600000 -1.200000
v 3.500001 5.600000 -1.300000
v 3.500001 5.600000 -1.400000
v 3.400001 5.600000 -1.400000
v 3.100001 5.600000 -1.500000
v 3.100001 5.600000 -1.400000
v 3.000001 5.600000 -1.500000
v 3.000001 5.600000 -1.400000
v 3.700001 5.500000 -1.700001
v 3.600001 5.500000 -1.700001
v 3.400001 5.700000 -1.200000
v 3.300001 5.700001 -1.100000
v 3.400001 5.700000 -1.100000
v 3.500001 5.700000 -1.200000
v 3.500001 5.700001 -1.300000
v 3.400001 5.700001 -1.300000
v 3.600001 5.700000 -1.600000
v 3.500001 5.700001 -1.600000
v 3.500001 5.700001 -1.500000
v 3.600001 5.700000 -1.500000
v 3.700001 5.700000 -1.600000
v 3.700001 5.700000 -1.500000
v 3.300001 5.800000 -1.100000
v 3.200001 5.700001 -1.100000
v 3.200001 5.700001 -1.000000
v 3.200001 5.800000 -1.000000
v 3.300001 5.800000 -1.000000
v 3.400001 5.700001 -1.000000
v 3.400001 5.800000 -1.100000
v 3.300001 5.800001 -1.200000
v 3.500001 5.800001 -1.200000
v 3.500001 5.800001 -1.100000
v 3.800001 5.700001 -1.500000
v 3.800001 5.700001 -1.600000
v 3.200001 5.900001 -1.000000
v 3.100001 5.800001 -1.000000
v 3.100001 5.800001 -0.900000
v 3.100001 5.900001 -0.900000
v 3.300001 5.800001 -0.900000
v 3.300001 5.900001 -1.000000
v 3.300001 5.900001 -0.900000
v 3.200001 5.900001 -1.100000
v 3.400001 5.900001 -1.100000
v 3.400001 5.900001 -1.000000
v 3.100001 5.900001 -0.800000
v 3.100001 6.000000 -0.900000
v 3.100001 6.000000 -0.800000
v 3.200001 6.000000 -0.800000
v 3.300001 5.900001 -0.800000
v 3.300001 6.000000 -0.800000
v 3.200001 6.000000 -0.900000
v 3.100001 6.000000 -1.000000
v 3.300001 6.000000 -1.000000
v 3.600001 6.000000 -1.600000
v 3.700001 6.000000 -1.500000
v 3.800001 6.000000 -1.600000
v 3.800001 6.000000 -1.500000
v 3.700001 6.000000 -1.600000
v 3.700001 6.000000 -1.700001
v 3.600001 6.000000 -1.700001
v 3.200001 6.000000 -0.700000
v 3.200001 6.100000 -0.700000
v 3.100001 6.100000 -0.700000
v 3.100001 6.000000 -0.700000
v 3.200001 6.100000 -0.900000
v 3.100001 6.100000 -0.900000
v 3.700001 6.100000 -1.600000
v 3.700001 6.100000 -1.500000
v 3.600001 6.100000 -1.600000
v 3.600001 6.100000 -1.500000
v 0.100000 5.000000 0.200000
v 0.600000 5.000000 0.200000
v 0.600000 5.000000 0.100000
v 0.600000 5.100000 0.100000
v 0.600000 5.100000 0.200000
v 0.600000 5.000000 0.000000
v 0.700000 5.000000 0.100000
v 0.700000 5.000000 0.000000
v 0.700000 5.100000 0.000000
v 0.700000 5.100000 0.100000
v 0.600000 5.100000 0.000000
v 0.100000 5.000000 -0.100000
v 0.600000 5.000000 -0.100000
v 0.600000 5.100000 -0.100000
v 0.600000 5.200000 0.200000
v 0.700000 5.100000 0.200000
v 0.700000 5.200000 0.100000
v 0.700000 5.200000 0.200000
v 0.600000 5.200000 0.100000
v 0.800000 5.100000 0.100000
v 0.800000 5.100000 0.000000
v 0.800000 5.200000 0.000000
v 0.800000 5.200000 0.100000
v 0.700000 5.200000 0.000000
v 0.600000 5.200000 -0.100000
v 0.700000 5.100000 -0.100000
v 0.700000 5.200000 -0.100000
v 0.600000 5.200000 0.000000
v 0.100000 5.300000 0.200000
v 0.200000 5.300000 0.100000
v 0.300000 5.300000 0.100000
v 0.400000 5.300000 0.100000
v 0.500000 5.300000 0.100000
v 0.600000 5.300000 0.100000
v 0.600000 5.300000 0.200000
v 0.200000 5.300000 0.000000
v 0.300000 5.300000 0.000000
v 0.400000 5.300000 0.000000
v 0.500000 5.300000 0.000000
v 0.600000 5.300000 0.000000
v 0.700000 5.300000 0.000000
v 0.700000 5.300000 0.100000
v 0.100000 5.300000 -0.100000
v 0.600000 5.300000 -0.100000
v 0.300000 5.400001 0.000000
v 0.300000 5.400001 0.100000
v 0.200000 5.400001 0.000000
v 0.200000 5.400001 0.100000
v 0.500000 5.400001 0.000000
v 0.500000 5.400001 0.100000
v 0.400000 5.400001 0.000000
v 0.400000 5.400001 0.100000
vn -0.0000 -0.0000 1.0000
vn -0.0000 -1.0000 -0.0000
vn -1.0000 -0.0000 -0.0000
vn 1.0000 -0.0000 -0.0000
vn -0.0000 -0.0000 -1.0000
vn -0.0000 1.0000 -0.0000
vn 0.8944 -0.4472 -0.0000
vn -0.8805 0.1761 -0.4402
vn -0.7779 0.2334 -0.5834
vn 1.0000 -0.0000 -0.0001
vn 0.9285 0.3714 -0.0000
vn 0.0002 1.0000 -0.0000
vn 0.3714 -0.0000 0.9285
vn -0.0000 -0.0624 -0.9981
vn -0.0000 -0.9545 0.2983
vn -0.3714 -0.0000 0.9285
vn 0.2577 -0.0000 -0.9662
vn -0.0000 -0.8944 -0.4472
vn 0.7071 -0.0000 0.7071
vn 0.1961 -0.9806 -0.0000
vn -0.0000 -0.0624 0.9981
vn -0.0000 -0.8240 -0.5665
vn -0.0000 0.0312 -0.9995
vn -0.0000 -0.0416 0.9991
vn -0.7071 -0.0000 0.7071
vn -0.0000 0.0624 -0.9981
vn -0.9265 0.3764 -0.0000
vn -0.0000 0.0312 0.9995
vn -0.0000 0.1240 -0.9923
vn -0.0000 -0.1240 -0.9923
vn -0.0000 0.2425 0.9701
vn -0.0000 -0.0357 -0.9994
vn -0.0000 -0.1240 0.9923
vn -0.0000 0.0830 0.9965
vn -0.0000 -0.0995 0.9950
vn -0.0000 -0.0830 0.9965
vn -0.0000 0.1240 0.9923
vn -0.0000 -0.0416 -0.9991
vn -0.0000 0.0830 -0.9965
vn -0.0000 -0.0995 -0.9950
vn -0.0000 -0.0830 -0.9965
vn -0.0000 -0.6839 -0.7295
vn -0.3714 -0.0000 -0.9285
vn -0.0000 0.2425 -0.9701
vn -0.0000 -0.0357 0.9994
vn 0.9806 0.1961 -0.0000
vt 0.568000 0.988000
vt 0.564000 0.992000
vt 0.564000 0.988000
vt 0.956000 0.148000
vt 0.956000 0.144000
vt 0.952000 0.140000
vt 0.560000 0.880000
vt 0.536000 0.876000
vt 0.564000 0.880000
vt 0.936000 0.640000
vt 0.932000 0.520000
vt 0.932000 0.640000
vt 0.996000 0.052000
vt 0.992000 0.056000
vt 0.992000 0.052000
vt 0.784000 0.944000
vt 0.724000 0.948000
vt 0.724000 0.944000
vt 0.972000 0.072000
vt 0.976000 0.060000
vt 0.972000 0.060000
vt 0.804000 0.980000
vt 0.808000 0.984000
vt 0.808000 0.980000
vt 0.996000 0.192000
vt 0.992000 0.196000
vt 0.992000 0.192000
vt 0.988000 0.728000
vt 0.992000 0.732000
vt 0.992000 0.728000
vt 0.808000 0.952000
vt 0.796000 0.960000
vt 0.812000 0.960000
vt 0.620000 0.980000
vt 0.616000 0.984000
vt 0.616000 0.980000
vt 0.308000 0.988000
vt 0.304000 0.992000
vt 0.304000 0.988000
vt 0.988000 0.432000
vt 0.992000 0.436000
vt 0.988000 0.436000
vt 0.928000 0.336000
vt 0.936000 0.340000
vt 0.932000 0.336000
vt 0.572000 0.988000
vt 0.576000 0.984000
vt 0.576000 0.988000
vt 0.944000 0.980000
vt 0.948000 0.984000
vt 0.944000 0.984000
vt 0.452000 0.972000
vt 0.448000 0.976000
vt 0.448000 0.972000
vt 0.984000 0.652000
vt 0.980000 0.656000
vt 0.980000 0.652000
vt 0.712000 0.956000
vt 0.688000 0.948000
vt 0.688000 0.956000
vt 0.420000 0.988000
vt 0.424000 0.992000
vt 0.424000 0.988000
vt 0.948000 0.980000
vt 0.952000 0.984000
vt 0.516000 0.952000
vt 0.520000 0.948000
vt 0.520000 0.952000
vt 0.164000 0.984000
vt 0.168000 0.988000
vt 0.164000 0.988000
vt 0.988000 0.748000
vt 0.992000 0.752000
vt 0.988000 0.752000
vt 0.972000 0.020000
vt 0.968000 0.000000
vt 0.972000 0.000000
vt 0.512000 0.956000
vt 0.504000 0.956000
vt 0.508000 0.960000
vt 0.960000 0.896000
vt 0.964000 0.904000
vt 0.960000 0.900000
vt 0.984000 0.024000
vt 0.980000 0.016000
vt 0.984000 0.016000
vt 0.892000 0.992000
vt 0.896000 0.988000
vt 0.892000 0.988000
vt 0.960000 0.756000
vt 0.960000 0.760000
vt 0.964000 0.764000
vt 0.956000 0.128000
vt 0.956000 0.120000
vt 0.960000 0.120000
vt 0.964000 0.128000
vt 0.952000 0.128000
vt 0.356000 0.988000
vt 0.352000 0.992000
vt 0.352000 0.988000
vt 0.928000 0.128000
vt 0.928000 0.124000
vt 0.908000 0.132000
vt 0.988000 0.884000
vt 0.992000 0.888000
vt 0.988000 0.888000
vt 0.472000 0.976000
vt 0.468000 0.980000
vt 0.472000 0.972000
vt 0.072000 0.980000
vt 0.068000 0.984000
vt 0.068000 0.980000
vt 0.352000 0.976000
vt 0.360000 0.972000
vt 0.352000 0.972000
vt 0.168000 0.976000
vt 0.176000 0.980000
vt 0.176000 0.976000
vt 0.948000 0.452000
vt 0.960000 0.456000
vt 0.960000 0.452000
vt 0.872000 0.988000
vt 0.876000 0.992000
vt 0.876000 0.988000
vt 0.036000 0.988000
vt 0.040000 0.984000
vt 0.036000 0.984000
vt 0.720000 0.984000
vt 0.716000 0.988000
vt 0.716000 0.984000
vt 0.940000 0.316000
vt 0.944000 0.320000
vt 0.940000 0.320000
vt 0.980000 0.752000
vt 0.984000 0.756000
vt 0.980000 0.756000
vt 0.992000 0.804000
vt 0.988000 0.808000
vt 0.988000 0.804000
vt 0.028000 0.984000
vt 0.032000 0.980000
vt 0.028000 0.980000
vt 0.956000 0.296000
vt 0.960000 0.296000
vt 0.964000 0.292000
vt 0.972000 0.736000
vt 0.960000 0.740000
vt 0.960000 0.736000
vt 0.972000 0.228000
vt 0.976000 0.216000
vt 0.972000 0.216000
vt 0.104000 0.980000
vt 0.108000 0.984000
vt 0.108000 0.980000
vt 0.812000 0.216000
vt 0.812000 0.204000
vt 0.816000 0.208000
vt 0.368000 0.980000
vt 0.372000 0.984000
vt 0.372000 0.980000
vt 0.976000 0.052000
vt 0.984000 0.296000
vt 0.980000 0.288000
vt 0.984000 0.288000
vt 0.964000 0.404000
vt 0.952000 0.392000
vt 0.964000 0.392000
vt 0.988000 0.320000
vt 0.992000 0.324000
vt 0.992000 0.320000
vt 0.988000 0.584000
vt 0.992000 0.580000
vt 0.988000 0.580000
vt 0.776000 0.992000
vt 0.780000 0.988000
vt 0.776000 0.988000
vt 0.244000 0.992000
vt 0.248000 0.988000
vt 0.244000 0.988000
vt 0.856000 0.980000
vt 0.860000 0.984000
vt 0.860000 0.980000
vt 0.976000 0.096000
vt 0.980000 0.100000
vt 0.976000 0.100000
vt 0.604000 0.972000
vt 0.588000 0.968000
vt 0.604000 0.968000
vt 0.256000 0.968000
vt 0.232000 0.964000
vt 0.232000 0.968000
vt 0.964000 0.484000
vt 0.968000 0.460000
vt 0.964000 0.460000
vt 0.980000 0.816000
vt 0.984000 0.812000
vt 0.980000 0.812000
vt 0.348000 0.980000
vt 0.352000 0.984000
vt 0.348000 0.984000
vt 0.992000 0.184000
vt 0.988000 0.188000
vt 0.988000 0.184000
vt 0.988000 0.388000
vt 0.980000 0.392000
vt 0.980000 0.388000
vt 0.896000 0.992000
vt 0.900000 0.988000
vt 0.952000 0.620000
vt 0.956000 0.632000
vt 0.956000 0.620000
vt 0.096000 0.980000
vt 0.100000 0.984000
vt 0.100000 0.980000
vt 0.788000 0.980000
vt 0.784000 0.984000
vt 0.788000 0.984000
vt 0.952000 0.788000
vt 0.956000 0.764000
vt 0.952000 0.764000
vt 0.924000 0.912000
vt 0.864000 0.928000
vt 0.864000 0.912000
vt 0.972000 0.280000
vt 0.968000 0.284000
vt 0.976000 0.276000
vt 0.980000 0.412000
vt 0.984000 0.404000
vt 0.980000 0.404000
vt 0.992000 0.084000
vt 0.988000 0.088000
vt 0.988000 0.084000
vt 0.980000 0.216000
vt 0.984000 0.208000
vt 0.984000 0.216000
vt 0.976000 0.492000
vt 0.980000 0.484000
vt 0.976000 0.484000
vt 0.984000 0.940000
vt 0.980000 0.944000
vt 0.980000 0.940000
vt 0.968000 0.440000
vt 0.968000 0.444000
vt 0.972000 0.448000
vt 0.988000 0.412000
vt 0.992000 0.408000
vt 0.988000 0.408000
vt 0.988000 0.124000
vt 0.992000 0.128000
vt 0.988000 0.128000
vt 0.692000 0.976000
vt 0.700000 0.976000
vt 0.700000 0.972000
vt 0.980000 0.884000
vt 0.984000 0.888000
vt 0.984000 0.884000
vt 0.988000 0.588000
vt 0.992000 0.584000
vt 0.400000 0.980000
vt 0.404000 0.984000
vt 0.404000 0.980000
vt 0.976000 0.672000
vt 0.980000 0.664000
vt 0.980000 0.672000
vt 0.116000 0.980000
vt 0.112000 0.984000
vt 0.112000 0.980000
vt 0.000000 0.908000
vt 0.312000 0.904000
vt 0.000000 0.904000
vt 0.172000 0.856000
vt 0.008000 0.852000
vt 0.016000 0.848000
vt 0.988000 0.120000
vt 0.992000 0.116000
vt 0.988000 0.116000
vt 0.344000 0.984000
vt 0.340000 0.988000
vt 0.340000 0.984000
vt 0.980000 0.836000
vt 0.984000 0.832000
vt 0.980000 0.832000
vt 0.208000 0.964000
vt 0.208000 0.968000
vt 0.880000 0.992000
vt 0.884000 0.988000
vt 0.880000 0.988000
vt 0.964000 0.164000
vt 0.972000 0.156000
vt 0.968000 0.156000
vt 0.976000 0.108000
vt 0.980000 0.112000
vt 0.976000 0.112000
vt 0.788000 0.448000
vt 0.784000 0.452000
vt 0.784000 0.440000
vt 0.992000 0.524000
vt 0.988000 0.528000
vt 0.988000 0.524000
vt 0.992000 0.484000
vt 0.988000 0.488000
vt 0.992000 0.488000
vt 0.900000 0.984000
vt 0.904000 0.980000
vt 0.900000 0.980000
vt 0.728000 0.988000
vt 0.732000 0.984000
vt 0.728000 0.984000
vt 0.992000 0.340000
vt 0.996000 0.336000
vt 0.992000 0.336000
vt 0.576000 0.484000
vt 0.560000 0.492000
vt 0.508000 0.484000
vt 0.864000 0.932000
vt 0.900000 0.928000
vt 0.428000 0.992000
vt 0.428000 0.988000
vt 0.668000 0.980000
vt 0.664000 0.984000
vt 0.664000 0.980000
vt 0.996000 0.016000
vt 0.992000 0.020000
vt 0.992000 0.016000
vt 0.700000 0.980000
vt 0.696000 0.984000
vt 0.700000 0.984000
vt 0.092000 0.972000
vt 0.088000 0.976000
vt 0.088000 0.972000
vt 0.144000 0.972000
vt 0.136000 0.976000
vt 0.136000 0.972000
vt 0.972000 0.128000
vt 0.976000 0.116000
vt 0.972000 0.116000
vt 0.816000 0.960000
vt 0.828000 0.956000
vt 0.828000 0.964000
vt 0.988000 0.284000
vt 0.980000 0.284000
vt 0.276000 0.980000
vt 0.272000 0.972000
vt 0.276000 0.972000
vt 0.700000 0.988000
vt 0.704000 0.984000
vt 0.816000 0.624000
vt 0.820000 0.652000
vt 0.828000 0.652000
vt 0.548000 0.972000
vt 0.544000 0.968000
vt 0.552000 0.968000
vt 0.628000 0.988000
vt 0.624000 0.992000
vt 0.624000 0.988000
vt 0.600000 0.984000
vt 0.596000 0.988000
vt 0.596000 0.984000
vt 0.332000 0.984000
vt 0.328000 0.988000
vt 0.328000 0.984000
vt 0.184000 0.956000
vt 0.188000 0.956000
vt 0.172000 0.960000
vt 0.024000 0.992000
vt 0.028000 0.988000
vt 0.024000 0.988000
vt 0.468000 0.988000
vt 0.472000 0.992000
vt 0.472000 0.988000
vt 0.868000 0.952000
vt 0.856000 0.960000
vt 0.856000 0.956000
vt 0.948000 0.796000
vt 0.952000 0.844000
vt 0.952000 0.796000
vt 0.756000 0.972000
vt 0.748000 0.976000
vt 0.748000 0.972000
vt 0.232000 0.952000
vt 0.252000 0.956000
vt 0.240000 0.956000
vt 0.884000 0.980000
vt 0.888000 0.984000
vt 0.884000 0.984000
vt 0.928000 0.840000
vt 0.924000 0.832000
vt 0.928000 0.832000
vt 0.956000 0.972000
vt 0.952000 0.976000
vt 0.948000 0.976000
vt 0.768000 0.960000
vt 0.764000 0.964000
vt 0.756000 0.960000
vt 0.988000 0.676000
vt 0.992000 0.680000
vt 0.992000 0.676000
vt 0.588000 0.988000
vt 0.584000 0.992000
vt 0.584000 0.988000
vt 0.960000 0.844000
vt 0.968000 0.848000
vt 0.964000 0.848000
vt 0.352000 0.980000
vt 0.356000 0.984000
vt 0.356000 0.980000
vt 0.972000 0.080000
vt 0.968000 0.060000
vt 0.976000 0.688000
vt 0.980000 0.680000
vt 0.976000 0.680000
vt 0.972000 0.380000
vt 0.968000 0.396000
vt 0.968000 0.380000
vt 0.172000 0.948000
vt 0.112000 0.952000
vt 0.112000 0.948000
vt 0.444000 0.968000
vt 0.452000 0.964000
vt 0.448000 0.968000
vt 0.036000 0.980000
vt 0.032000 0.984000
vt 0.988000 0.328000
vt 0.992000 0.328000
vt 0.688000 0.932000
vt 0.532000 0.928000
vt 0.532000 0.932000
vt 0.968000 0.364000
vt 0.972000 0.364000
vt 0.620000 0.956000
vt 0.596000 0.948000
vt 0.620000 0.948000
vt 0.924000 0.352000
vt 0.928000 0.352000
vt 0.928000 0.356000
vt 0.656000 0.988000
vt 0.660000 0.984000
vt 0.656000 0.984000
vt 0.980000 0.428000
vt 0.976000 0.420000
vt 0.980000 0.420000
vt 0.476000 0.984000
vt 0.480000 0.988000
vt 0.476000 0.988000
vt 0.992000 0.076000
vt 0.988000 0.080000
vt 0.988000 0.076000
vt 0.648000 0.980000
vt 0.652000 0.984000
vt 0.648000 0.984000
vt 0.992000 0.172000
vt 0.988000 0.176000
vt 0.988000 0.172000
vt 0.988000 0.280000
vt 0.992000 0.284000
vt 0.324000 0.472000
vt 0.636000 0.468000
vt 0.636000 0.472000
vt 0.924000 0.712000
vt 0.928000 0.560000
vt 0.928000 0.712000
vt 0.700000 0.932000
vt 0.716000 0.928000
vt 0.716000 0.932000
vt 0.428000 0.980000
vt 0.424000 0.984000
vt 0.424000 0.980000
vt 0.972000 0.640000
vt 0.972000 0.644000
vt 0.968000 0.648000
vt 0.988000 0.596000
vt 0.992000 0.592000
vt 0.988000 0.592000
vt 0.988000 0.396000
vt 0.980000 0.396000
vt 0.968000 0.276000
vt 0.972000 0.260000
vt 0.968000 0.260000
vt 0.908000 0.068000
vt 0.884000 0.128000
vt 0.900000 0.128000
vt 0.868000 0.992000
vt 0.868000 0.988000
vt 0.988000 0.148000
vt 0.992000 0.152000
vt 0.988000 0.152000
vt 0.960000 0.980000
vt 0.964000 0.984000
vt 0.960000 0.984000
vt 0.968000 0.588000
vt 0.976000 0.596000
vt 0.968000 0.596000
vt 0.980000 0.204000
vt 0.976000 0.212000
vt 0.976000 0.204000
vt 0.988000 0.132000
vt 0.256000 0.952000
vt 0.252000 0.952000
vt 0.956000 0.204000
vt 0.960000 0.208000
vt 0.960000 0.204000
vt 0.780000 0.980000
vt 0.784000 0.980000
vt 0.756000 0.988000
vt 0.760000 0.984000
vt 0.756000 0.984000
vt 0.928000 0.140000
vt 0.924000 0.156000
vt 0.928000 0.152000
vt 0.964000 0.528000
vt 0.960000 0.532000
vt 0.960000 0.528000
vt 0.992000 0.208000
vt 0.996000 0.204000
vt 0.992000 0.204000
vt 0.244000 0.960000
vt 0.220000 0.964000
vt 0.220000 0.960000
vt 0.368000 0.984000
vt 0.372000 0.988000
vt 0.956000 0.532000
vt 0.960000 0.508000
vt 0.956000 0.508000
vt 0.992000 0.044000
vt 0.988000 0.048000
vt 0.988000 0.044000
vt 0.684000 0.956000
vt 0.716000 0.960000
vt 0.684000 0.960000
vt 0.976000 0.308000
vt 0.980000 0.316000
vt 0.980000 0.308000
vt 0.416000 0.984000
vt 0.420000 0.984000
vt 0.968000 0.776000
vt 0.964000 0.752000
vt 0.968000 0.752000
vt 0.568000 0.984000
vt 0.564000 0.984000
vt 0.976000 0.836000
vt 0.976000 0.832000
vt 0.996000 0.148000
vt 0.992000 0.148000
vt 0.988000 0.168000
vt 0.980000 0.164000
vt 0.980000 0.168000
vt 0.976000 0.740000
vt 0.980000 0.732000
vt 0.976000 0.732000
vt 0.768000 0.988000
vt 0.772000 0.992000
vt 0.772000 0.988000
vt 0.772000 0.984000
vt 0.776000 0.980000
vt 0.772000 0.980000
vt 0.320000 0.880000
vt 0.312000 0.856000
vt 0.312000 0.880000
vt 0.824000 0.744000
vt 0.828000 0.752000
vt 0.828000 0.744000
vt 0.024000 0.972000
vt 0.028000 0.972000
vt 0.108000 0.988000
vt 0.524000 0.984000
vt 0.520000 0.988000
vt 0.520000 0.984000
vt 0.984000 0.932000
vt 0.980000 0.936000
vt 0.980000 0.932000
vt 0.968000 0.228000
vt 0.964000 0.224000
vt 0.964000 0.220000
vt 0.640000 0.960000
vt 0.652000 0.964000
vt 0.636000 0.964000
vt 0.136000 0.988000
vt 0.140000 0.992000
vt 0.140000 0.988000
vt 0.388000 0.980000
vt 0.392000 0.984000
vt 0.392000 0.980000
vt 0.784000 0.968000
vt 0.788000 0.972000
vt 0.788000 0.968000
vt 0.956000 0.740000
vt 0.952000 0.740000
vt 0.984000 0.328000
vt 0.980000 0.320000
vt 0.980000 0.328000
vt 0.980000 0.892000
vt 0.976000 0.884000
vt 0.944000 0.352000
vt 0.936000 0.348000
vt 0.932000 0.344000
vt 0.056000 0.980000
vt 0.052000 0.984000
vt 0.052000 0.980000
vt 0.980000 0.724000
vt 0.984000 0.728000
vt 0.980000 0.728000
vt 0.988000 0.496000
vt 0.992000 0.500000
vt 0.992000 0.496000
vt 0.988000 0.300000
vt 0.992000 0.304000
vt 0.992000 0.300000
vt 0.984000 0.072000
vt 0.980000 0.080000
vt 0.980000 0.072000
vt 0.992000 0.528000
vt 0.988000 0.532000
vt 0.472000 0.984000
vt 0.948000 0.988000
vt 0.952000 0.988000
vt 0.860000 0.972000
vt 0.848000 0.968000
vt 0.848000 0.972000
vt 0.260000 0.984000
vt 0.256000 0.988000
vt 0.256000 0.984000
vt 0.228000 0.948000
vt 0.248000 0.952000
vt 0.228000 0.944000
vt 0.988000 0.956000
vt 0.992000 0.952000
vt 0.988000 0.952000
vt 0.988000 0.272000
vt 0.992000 0.276000
vt 0.992000 0.272000
vt 0.180000 0.980000
vt 0.184000 0.984000
vt 0.184000 0.980000
vt 0.936000 0.984000
vt 0.940000 0.980000
vt 0.936000 0.980000
vt 0.460000 0.940000
vt 0.392000 0.944000
vt 0.392000 0.940000
vt 0.040000 0.980000
vt 0.936000 0.604000
vt 0.940000 0.604000
vt 0.944000 0.600000
vt 0.992000 0.828000
vt 0.988000 0.832000
vt 0.988000 0.828000
vt 0.636000 0.992000
vt 0.640000 0.988000
vt 0.636000 0.988000
vt 0.064000 0.992000
vt 0.068000 0.988000
vt 0.064000 0.988000
vt 0.012000 0.988000
vt 0.016000 0.992000
vt 0.016000 0.988000
vt 0.932000 0.436000
vt 0.872000 0.452000
vt 0.872000 0.436000
vt 0.596000 0.972000
vt 0.600000 0.972000
vt 0.604000 0.976000
vt 0.956000 0.676000
vt 0.956000 0.680000
vt 0.960000 0.688000
vt 0.960000 0.484000
vt 0.956000 0.484000
vt 0.812000 0.988000
vt 0.816000 0.984000
vt 0.812000 0.984000
vt 0.972000 0.144000
vt 0.976000 0.152000
vt 0.972000 0.152000
vt 0.984000 0.988000
vt 0.980000 0.992000
vt 0.980000 0.988000
vt 0.080000 0.984000
vt 0.084000 0.980000
vt 0.080000 0.980000
vt 0.956000 0.652000
vt 0.952000 0.640000
vt 0.956000 0.648000
vt 0.132000 0.980000
vt 0.136000 0.984000
vt 0.136000 0.980000
vt 0.960000 0.280000
vt 0.964000 0.256000
vt 0.960000 0.256000
vt 0.948000 0.964000
vt 0.924000 0.960000
vt 0.924000 0.964000
vt 0.880000 0.984000
vt 0.880000 0.980000
vt 0.560000 0.992000
vt 0.560000 0.988000
vt 0.976000 0.120000
vt 0.948000 0.972000
vt 0.936000 0.968000
vt 0.936000 0.972000
vt 0.940000 0.960000
vt 0.944000 0.952000
vt 0.948000 0.948000
vt 0.960000 0.116000
vt 0.956000 0.112000
vt 0.952000 0.108000
vt 0.980000 0.324000
vt 0.976000 0.316000
vt 0.980000 0.684000
vt 0.984000 0.688000
vt 0.980000 0.688000
vt 0.156000 0.988000
vt 0.160000 0.984000
vt 0.156000 0.984000
vt 0.904000 0.984000
vt 0.812000 0.952000
vt 0.816000 0.956000
vt 0.816000 0.952000
vt 0.980000 0.776000
vt 0.984000 0.780000
vt 0.980000 0.780000
vt 0.148000 0.092000
vt 0.088000 0.100000
vt 0.108000 0.088000
vt 0.320000 0.912000
vt 0.312000 0.908000
vt 0.312000 0.912000
vt 0.956000 0.072000
vt 0.956000 0.080000
vt 0.960000 0.076000
vt 0.796000 0.972000
vt 0.788000 0.976000
vt 0.996000 0.316000
vt 0.992000 0.316000
vt 0.596000 0.964000
vt 0.572000 0.968000
vt 0.572000 0.964000
vt 0.948000 0.412000
vt 0.948000 0.420000
vt 0.944000 0.420000
vt 0.296000 0.852000
vt 0.232000 0.832000
vt 0.296000 0.832000
vt 0.080000 0.988000
vt 0.084000 0.992000
vt 0.084000 0.988000
vt 0.388000 0.984000
vt 0.384000 0.988000
vt 0.384000 0.984000
vt 0.980000 0.592000
vt 0.984000 0.596000
vt 0.980000 0.596000
vt 0.388000 0.964000
vt 0.364000 0.960000
vt 0.364000 0.964000
vt 0.980000 0.480000
vt 0.976000 0.476000
vt 0.996000 0.060000
vt 0.992000 0.064000
vt 0.992000 0.060000
vt 0.964000 0.084000
vt 0.964000 0.060000
vt 0.992000 0.156000
vt 0.988000 0.156000
vt 0.076000 0.988000
vt 0.072000 0.992000
vt 0.072000 0.988000
vt 0.040000 0.952000
vt 0.032000 0.960000
vt 0.032000 0.956000
vt 0.964000 0.108000
vt 0.964000 0.112000
vt 0.304000 0.848000
vt 0.308000 0.844000
vt 0.308000 0.840000
vt 0.704000 0.988000
vt 0.700000 0.992000
vt 0.248000 0.972000
vt 0.240000 0.976000
vt 0.248000 0.976000
vt 0.972000 0.344000
vt 0.968000 0.340000
vt 0.968000 0.348000
vt 0.936000 0.324000
vt 0.936000 0.320000
vt 0.888000 0.988000
vt 0.784000 0.896000
vt 0.472000 0.900000
vt 0.472000 0.896000
vt 0.112000 0.976000
vt 0.108000 0.964000
vt 0.112000 0.964000
vt 0.972000 0.328000
vt 0.968000 0.332000
vt 0.968000 0.328000
vt 0.216000 0.972000
vt 0.224000 0.976000
vt 0.216000 0.976000
vt 0.472000 0.944000
vt 0.476000 0.944000
vt 0.460000 0.948000
vt 0.544000 0.976000
vt 0.540000 0.964000
vt 0.540000 0.976000
vt 0.368000 0.940000
vt 0.344000 0.952000
vt 0.344000 0.940000
vt 0.480000 0.984000
vt 0.484000 0.988000
vt 0.060000 0.980000
vt 0.056000 0.984000
vt 0.488000 0.984000
vt 0.484000 0.984000
vt 0.972000 0.552000
vt 0.976000 0.548000
vt 0.976000 0.556000
vt 0.992000 0.176000
vt 0.996000 0.180000
vt 0.996000 0.176000
vt 0.992000 0.080000
vt 0.384000 0.992000
vt 0.388000 0.988000
vt 0.596000 0.956000
vt 0.572000 0.948000
vt 0.572000 0.956000
vt 0.732000 0.968000
vt 0.708000 0.964000
vt 0.708000 0.968000
vt 0.996000 0.132000
vt 0.992000 0.136000
vt 0.992000 0.132000
vt 0.956000 0.988000
vt 0.988000 0.400000
vt 0.980000 0.400000
vt 0.232000 0.860000
vt 0.232000 0.852000
vt 0.984000 0.580000
vt 0.980000 0.584000
vt 0.980000 0.580000
vt 0.912000 0.848000
vt 0.916000 0.856000
vt 0.908000 0.848000
vt 0.964000 0.992000
vt 0.968000 0.988000
vt 0.964000 0.988000
vt 0.636000 0.972000
vt 0.640000 0.972000
vt 0.652000 0.968000
vt 0.516000 0.984000
vt 0.512000 0.988000
vt 0.512000 0.984000
vt 0.340000 0.964000
vt 0.340000 0.960000
vt 0.456000 0.988000
vt 0.452000 0.992000
vt 0.452000 0.988000
vt 0.600000 0.988000
vt 0.596000 0.992000
vt 0.964000 0.044000
vt 0.968000 0.040000
vt 0.964000 0.048000
vt 0.600000 0.980000
vt 0.596000 0.980000
vt 0.972000 0.992000
vt 0.976000 0.988000
vt 0.972000 0.988000
vt 0.748000 0.988000
vt 0.752000 0.984000
vt 0.748000 0.984000
vt 0.976000 0.760000
vt 0.972000 0.764000
vt 0.976000 0.752000
vt 0.324000 0.980000
vt 0.320000 0.984000
vt 0.320000 0.980000
vt 0.480000 0.992000
vt 0.976000 0.356000
vt 0.980000 0.348000
vt 0.976000 0.348000
vt 0.816000 0.988000
vt 0.812000 0.992000
vt 0.980000 0.820000
vt 0.984000 0.824000
vt 0.984000 0.820000
vt 0.260000 0.980000
vt 0.256000 0.972000
vt 0.260000 0.972000
vt 0.964000 0.600000
vt 0.968000 0.608000
vt 0.132000 0.960000
vt 0.152000 0.952000
vt 0.152000 0.960000
vt 0.236000 0.988000
vt 0.232000 0.992000
vt 0.232000 0.988000
vt 0.316000 0.836000
vt 0.304000 0.836000
vt 0.312000 0.840000
vt 0.948000 0.220000
vt 0.956000 0.244000
vt 0.956000 0.220000
vt 0.324000 0.988000
vt 0.320000 0.992000
vt 0.320000 0.988000
vt 0.988000 0.616000
vt 0.992000 0.620000
vt 0.992000 0.616000
vt 0.952000 0.160000
vt 0.956000 0.164000
vt 0.956000 0.160000
vt 0.380000 0.988000
vt 0.376000 0.992000
vt 0.376000 0.988000
vt 0.784000 0.916000
vt 0.776000 0.912000
vt 0.784000 0.912000
vt 0.980000 0.904000
vt 0.984000 0.908000
vt 0.984000 0.904000
vt 0.628000 0.836000
vt 0.632000 0.824000
vt 0.628000 0.840000
vt 0.516000 0.988000
vt 0.512000 0.992000
vt 0.128000 0.984000
vt 0.124000 0.988000
vt 0.124000 0.984000
vt 0.980000 0.512000
vt 0.984000 0.512000
vt 0.988000 0.508000
vt 0.980000 0.296000
vt 0.980000 0.300000
vt 0.192000 0.980000
vt 0.196000 0.984000
vt 0.196000 0.980000
vt 0.992000 0.712000
vt 0.988000 0.716000
vt 0.988000 0.712000
vt 0.632000 0.760000
vt 0.636000 0.744000
vt 0.636000 0.732000
vt 0.996000 0.228000
vt 0.992000 0.232000
vt 0.992000 0.228000
vt 0.988000 0.252000
vt 0.992000 0.256000
vt 0.988000 0.256000
vt 0.044000 0.980000
vt 0.040000 0.972000
vt 0.044000 0.972000
vt 0.792000 0.988000
vt 0.796000 0.992000
vt 0.792000 0.992000
vt 0.348000 0.992000
vt 0.348000 0.988000
vt 0.972000 0.928000
vt 0.972000 0.932000
vt 0.976000 0.940000
vt 0.504000 0.992000
vt 0.508000 0.988000
vt 0.504000 0.988000
vt 0.980000 0.120000
vt 0.984000 0.112000
vt 0.212000 0.984000
vt 0.216000 0.980000
vt 0.212000 0.980000
vt 0.960000 0.616000
vt 0.956000 0.616000
vt 0.988000 0.072000
vt 0.268000 0.980000
vt 0.264000 0.984000
vt 0.264000 0.980000
vt 0.980000 0.144000
vt 0.976000 0.144000
vt 0.476000 0.968000
vt 0.480000 0.976000
vt 0.480000 0.972000
vt 0.540000 0.984000
vt 0.544000 0.988000
vt 0.544000 0.984000
vt 0.992000 0.908000
vt 0.988000 0.912000
vt 0.988000 0.908000
vt 0.944000 0.200000
vt 0.940000 0.192000
vt 0.940000 0.184000
vt 0.896000 0.556000
vt 0.896000 0.508000
vt 0.880000 0.520000
vt 0.936000 0.104000
vt 0.940000 0.168000
vt 0.940000 0.104000
vt 0.216000 0.988000
vt 0.220000 0.984000
vt 0.220000 0.988000
vt 0.980000 0.188000
vt 0.976000 0.180000
vt 0.980000 0.180000
vt 0.664000 0.936000
vt 0.668000 0.932000
vt 0.668000 0.936000
vt 0.816000 0.980000
vt 0.820000 0.984000
vt 0.820000 0.980000
vt 0.988000 0.876000
vt 0.992000 0.872000
vt 0.988000 0.872000
vt 0.988000 0.004000
vt 0.980000 0.000000
vt 0.980000 0.004000
vt 0.924000 0.992000
vt 0.928000 0.988000
vt 0.924000 0.988000
vt 0.884000 0.968000
vt 0.872000 0.972000
vt 0.872000 0.968000
vt 0.992000 0.008000
vt 0.996000 0.004000
vt 0.992000 0.004000
vt 0.972000 0.824000
vt 0.968000 0.812000
vt 0.968000 0.824000
vt 0.104000 0.972000
vt 0.108000 0.972000
vt 0.860000 0.916000
vt 0.852000 0.908000
vt 0.860000 0.908000
vt 0.152000 0.972000
vt 0.132000 0.968000
vt 0.132000 0.972000
vt 0.972000 0.712000
vt 0.976000 0.708000
vt 0.976000 0.716000
vt 0.892000 0.624000
vt 0.916000 0.688000
vt 0.916000 0.624000
vt 0.976000 0.820000
vt 0.976000 0.812000
vt 0.692000 0.984000
vt 0.696000 0.988000
vt 0.976000 0.184000
vt 0.972000 0.188000
vt 0.976000 0.192000
vt 0.312000 0.900000
vt 0.000000 0.900000
vt 0.988000 0.296000
vt 0.992000 0.296000
vt 0.368000 0.992000
vt 0.368000 0.988000
vt 0.708000 0.984000
vt 0.380000 0.992000
vt 0.988000 0.368000
vt 0.992000 0.372000
vt 0.988000 0.372000
vt 0.976000 0.788000
vt 0.976000 0.792000
vt 0.980000 0.796000
vt 0.988000 0.192000
vt 0.992000 0.188000
vt 0.836000 0.156000
vt 0.860000 0.088000
vt 0.860000 0.064000
vt 0.100000 0.968000
vt 0.104000 0.968000
vt 0.996000 0.272000
vt 0.940000 0.976000
vt 0.936000 0.976000
vt 0.932000 0.972000
vt 0.552000 0.988000
vt 0.556000 0.984000
vt 0.556000 0.988000
vt 0.996000 0.124000
vt 0.992000 0.124000
vt 0.676000 0.968000
vt 0.672000 0.972000
vt 0.672000 0.968000
vt 0.988000 0.108000
vt 0.992000 0.112000
vt 0.988000 0.112000
vt 0.980000 0.640000
vt 0.976000 0.648000
vt 0.976000 0.640000
vt 0.000000 0.912000
vt 0.972000 0.428000
vt 0.972000 0.424000
vt 0.980000 0.908000
vt 0.984000 0.912000
vt 0.980000 0.912000
vt 0.992000 0.068000
vt 0.988000 0.068000
vt 0.632000 0.880000
vt 0.696000 0.896000
vt 0.696000 0.880000
vt 0.480000 0.980000
vt 0.920000 0.732000
vt 0.920000 0.728000
vt 0.444000 0.980000
vt 0.448000 0.984000
vt 0.448000 0.980000
vt 0.396000 0.976000
vt 0.392000 0.972000
vt 0.388000 0.972000
vt 0.976000 0.412000
vt 0.820000 0.964000
vt 0.796000 0.968000
vt 0.796000 0.964000
vt 0.200000 0.984000
vt 0.196000 0.988000
vt 0.328000 0.968000
vt 0.304000 0.964000
vt 0.304000 0.968000
vt 0.940000 0.992000
vt 0.944000 0.988000
vt 0.940000 0.988000
vt 0.112000 0.972000
vt 0.112000 0.968000
vt 0.992000 0.180000
vt 0.988000 0.180000
vt 0.008000 0.992000
vt 0.008000 0.988000
vt 0.932000 0.364000
vt 0.936000 0.376000
vt 0.948000 0.384000
vt 0.960000 0.968000
vt 0.952000 0.964000
vt 0.948000 0.960000
vt 0.976000 0.324000
vt 0.980000 0.332000
vt 0.148000 0.992000
vt 0.152000 0.988000
vt 0.148000 0.988000
vt 0.992000 0.264000
vt 0.988000 0.268000
vt 0.988000 0.264000
vt 0.984000 0.660000
vt 0.980000 0.660000
vt 0.936000 0.072000
vt 0.948000 0.076000
vt 0.956000 0.708000
vt 0.952000 0.700000
vt 0.956000 0.704000
vt 0.980000 0.700000
vt 0.976000 0.700000
vt 0.232000 0.984000
vt 0.228000 0.988000
vt 0.228000 0.984000
vt 0.548000 0.992000
vt 0.548000 0.988000
vt 0.992000 0.664000
vt 0.988000 0.668000
vt 0.988000 0.664000
vt 0.980000 0.552000
vt 0.984000 0.560000
vt 0.984000 0.552000
vt 0.980000 0.704000
vt 0.984000 0.708000
vt 0.980000 0.708000
vt 0.988000 0.780000
vt 0.992000 0.784000
vt 0.992000 0.780000
vt 0.976000 0.772000
vt 0.980000 0.764000
vt 0.980000 0.772000
vt 0.996000 0.096000
vt 0.992000 0.100000
vt 0.992000 0.096000
vt 0.984000 0.628000
vt 0.980000 0.632000
vt 0.980000 0.628000
vt 0.304000 0.880000
vt 0.244000 0.900000
vt 0.304000 0.900000
vt 0.968000 0.192000
vt 0.968000 0.188000
vt 0.948000 0.164000
vt 0.952000 0.104000
vt 0.948000 0.104000
vt 0.976000 0.072000
vt 0.672000 0.992000
vt 0.676000 0.988000
vt 0.672000 0.988000
vt 0.836000 0.992000
vt 0.840000 0.988000
vt 0.836000 0.988000
vt 0.976000 0.532000
vt 0.980000 0.524000
vt 0.980000 0.532000
vt 0.980000 0.692000
vt 0.984000 0.696000
vt 0.980000 0.696000
vt 0.972000 0.084000
vt 0.988000 0.764000
vt 0.992000 0.760000
vt 0.988000 0.760000
vt 0.984000 0.648000
vt 0.980000 0.644000
vt 0.980000 0.648000
vt 0.984000 0.784000
vt 0.828000 0.988000
vt 0.832000 0.984000
vt 0.828000 0.984000
vt 0.956000 0.008000
vt 0.956000 0.016000
vt 0.952000 0.008000
vt 0.044000 0.988000
vt 0.040000 0.988000
vt 0.796000 0.980000
vt 0.792000 0.984000
vt 0.796000 0.984000
vt 0.932000 0.976000
vt 0.924000 0.972000
vt 0.972000 0.124000
vt 0.968000 0.144000
vt 0.968000 0.124000
vt 0.560000 0.980000
vt 0.564000 0.980000
vt 0.532000 0.980000
vt 0.536000 0.984000
vt 0.536000 0.980000
vt 0.744000 0.980000
vt 0.748000 0.980000
vt 0.152000 0.976000
vt 0.144000 0.980000
vt 0.144000 0.976000
vt 0.420000 0.980000
vt 0.932000 0.988000
vt 0.928000 0.992000
vt 0.960000 0.972000
vt 0.964000 0.976000
vt 0.976000 0.404000
vt 0.988000 0.352000
vt 0.980000 0.352000
vt 0.980000 0.560000
vt 0.988000 0.564000
vt 0.980000 0.564000
vt 0.968000 0.656000
vt 0.972000 0.648000
vt 0.972000 0.652000
vt 0.932000 0.788000
vt 0.936000 0.724000
vt 0.932000 0.724000
vt 0.932000 0.400000
vt 0.932000 0.396000
vt 0.928000 0.400000
vt 0.280000 0.972000
vt 0.824000 0.932000
vt 0.820000 0.916000
vt 0.824000 0.916000
vt 0.988000 0.472000
vt 0.980000 0.476000
vt 0.980000 0.472000
vt 0.684000 0.968000
vt 0.660000 0.964000
vt 0.660000 0.968000
vt 0.996000 0.216000
vt 0.992000 0.220000
vt 0.992000 0.216000
vt 0.896000 0.968000
vt 0.884000 0.972000
vt 0.896000 0.972000
vt 0.460000 0.984000
vt 0.456000 0.980000
vt 0.460000 0.980000
vt 0.720000 0.980000
vt 0.988000 0.628000
vt 0.992000 0.624000
vt 0.988000 0.624000
vt 0.988000 0.376000
vt 0.980000 0.372000
vt 0.980000 0.376000
vt 0.992000 0.024000
vt 0.996000 0.028000
vt 0.996000 0.024000
vt 0.988000 0.092000
vt 0.992000 0.088000
vt 0.792000 0.952000
vt 0.772000 0.948000
vt 0.780000 0.952000
vt 0.740000 0.980000
vt 0.736000 0.984000
vt 0.736000 0.980000
vt 0.220000 0.980000
vt 0.216000 0.984000
vt 0.980000 0.864000
vt 0.976000 0.856000
vt 0.980000 0.856000
vt 0.088000 0.984000
vt 0.084000 0.984000
vt 0.988000 0.356000
vt 0.968000 0.256000
vt 0.964000 0.244000
vt 0.964000 0.252000
vt 0.976000 0.780000
vt 0.304000 0.696000
vt 0.320000 0.632000
vt 0.304000 0.632000
vt 0.936000 0.880000
vt 0.948000 0.892000
vt 0.944000 0.884000
vt 0.192000 0.972000
vt 0.172000 0.968000
vt 0.172000 0.972000
vt 0.976000 0.636000
vt 0.976000 0.628000
vt 0.548000 0.984000
vt 0.276000 0.984000
vt 0.272000 0.988000
vt 0.272000 0.984000
vt 0.452000 0.984000
vt 0.448000 0.988000
vt 0.496000 0.944000
vt 0.508000 0.940000
vt 0.504000 0.944000
vt 0.992000 0.756000
vt 0.988000 0.844000
vt 0.992000 0.840000
vt 0.988000 0.840000
vt 0.584000 0.980000
vt 0.580000 0.984000
vt 0.580000 0.980000
vt 0.904000 0.940000
vt 0.908000 0.936000
vt 0.904000 0.936000
vt 0.960000 0.792000
vt 0.964000 0.796000
vt 0.960000 0.796000
vt 0.856000 0.848000
vt 0.848000 0.844000
vt 0.860000 0.848000
vt 0.968000 0.012000
vt 0.964000 0.020000
vt 0.964000 0.012000
vt 0.980000 0.380000
vt 0.640000 0.984000
vt 0.644000 0.980000
vt 0.640000 0.980000
vt 0.980000 0.360000
vt 0.980000 0.356000
vt 0.400000 0.988000
vt 0.404000 0.992000
vt 0.404000 0.988000
vt 0.868000 0.808000
vt 0.868000 0.856000
vt 0.884000 0.820000
vt 0.664000 0.460000
vt 0.680000 0.468000
vt 0.660000 0.468000
vt 0.860000 0.960000
vt 0.836000 0.964000
vt 0.836000 0.960000
vt 0.020000 0.988000
vt 0.996000 0.348000
vt 0.992000 0.352000
vt 0.992000 0.348000
vt 0.384000 0.948000
vt 0.384000 0.944000
vt 0.388000 0.944000
vt 0.020000 0.992000
vt 0.176000 0.972000
vt 0.184000 0.976000
vt 0.960000 0.104000
vt 0.960000 0.100000
vt 0.968000 0.100000
vt 0.280000 0.984000
vt 0.284000 0.988000
vt 0.284000 0.984000
vt 0.396000 0.968000
vt 0.392000 0.968000
vt 0.096000 0.948000
vt 0.100000 0.944000
vt 0.080000 0.944000
vt 0.712000 0.992000
vt 0.712000 0.988000
vt 0.928000 0.228000
vt 0.920000 0.232000
vt 0.920000 0.224000
vt 0.956000 0.836000
vt 0.960000 0.828000
vt 0.964000 0.828000
vt 0.980000 0.228000
vt 0.976000 0.220000
vt 0.980000 0.220000
vt 0.992000 0.880000
vt 0.988000 0.880000
vt 0.760000 0.988000
vt 0.756000 0.992000
vt 0.976000 0.136000
vt 0.980000 0.128000
vt 0.976000 0.128000
vt 0.844000 0.948000
vt 0.784000 0.948000
vt 0.424000 0.972000
vt 0.424000 0.968000
vt 0.416000 0.964000
vt 0.988000 0.672000
vt 0.992000 0.668000
vt 0.956000 0.660000
vt 0.952000 0.672000
vt 0.960000 0.672000
vt 0.644000 0.972000
vt 0.636000 0.976000
vt 0.976000 0.372000
vt 0.980000 0.364000
vt 0.976000 0.364000
vt 0.928000 0.104000
vt 0.928000 0.100000
vt 0.972000 0.504000
vt 0.968000 0.500000
vt 0.968000 0.508000
vt 0.536000 0.988000
vt 0.532000 0.992000
vt 0.532000 0.988000
vt 0.396000 0.992000
vt 0.396000 0.988000
vt 0.764000 0.984000
vt 0.768000 0.980000
vt 0.764000 0.980000
vt 0.948000 0.904000
vt 0.948000 0.900000
vt 0.940000 0.912000
vt 0.952000 0.580000
vt 0.944000 0.584000
vt 0.944000 0.580000
vt 0.660000 0.960000
vt 0.656000 0.960000
vt 0.980000 0.052000
vt 0.224000 0.988000
vt 0.220000 0.992000
vt 0.892000 0.748000
vt 0.896000 0.752000
vt 0.912000 0.740000
vt 0.940000 0.584000
vt 0.944000 0.520000
vt 0.940000 0.520000
vt 0.928000 0.380000
vt 0.928000 0.376000
vt 0.924000 0.372000
vt 0.552000 0.980000
vt 0.556000 0.980000
vt 0.296000 0.296000
vt 0.288000 0.332000
vt 0.300000 0.312000
vt 0.256000 0.976000
vt 0.984000 0.252000
vt 0.980000 0.256000
vt 0.988000 0.684000
vt 0.988000 0.680000
vt 0.972000 0.836000
vt 0.964000 0.844000
vt 0.964000 0.836000
vt 0.988000 0.140000
vt 0.980000 0.140000
vt 0.932000 0.296000
vt 0.932000 0.288000
vt 0.936000 0.292000
vt 0.960000 0.724000
vt 0.968000 0.712000
vt 0.960000 0.712000
vt 0.984000 0.636000
vt 0.980000 0.636000
vt 0.256000 0.944000
vt 0.252000 0.944000
vt 0.272000 0.940000
vt 0.364000 0.988000
vt 0.360000 0.992000
vt 0.360000 0.988000
vt 0.212000 0.992000
vt 0.212000 0.988000
vt 0.992000 0.808000
vt 0.988000 0.812000
vt 0.912000 0.788000
vt 0.916000 0.804000
vt 0.912000 0.792000
vt 0.088000 0.384000
vt 0.060000 0.376000
vt 0.060000 0.388000
vt 0.988000 0.008000
vt 0.688000 0.988000
vt 0.688000 0.984000
vt 0.680000 0.988000
vt 0.684000 0.992000
vt 0.680000 0.992000
vt 0.976000 0.540000
vt 0.920000 0.984000
vt 0.916000 0.988000
vt 0.916000 0.984000
vt 0.716000 0.980000
vt 0.712000 0.984000
vt 0.712000 0.980000
vt 0.928000 0.984000
vt 0.924000 0.984000
vt 0.988000 0.424000
vt 0.980000 0.424000
vt 0.992000 0.596000
vt 0.988000 0.600000
vt 0.224000 0.940000
vt 0.112000 0.944000
vt 0.224000 0.944000
vt 0.980000 0.716000
vt 0.984000 0.720000
vt 0.980000 0.720000
vt 0.944000 0.760000
vt 0.948000 0.700000
vt 0.944000 0.700000
vt 0.304000 0.916000
vt 0.000000 0.916000
vt 0.944000 0.196000
vt 0.960000 0.192000
vt 0.952000 0.196000
vt 0.124000 0.900000
vt 0.184000 0.880000
vt 0.124000 0.880000
vt 0.800000 0.980000
vt 0.496000 0.980000
vt 0.492000 0.984000
vt 0.492000 0.980000
vt 0.412000 0.980000
vt 0.408000 0.984000
vt 0.408000 0.980000
vt 0.464000 0.992000
vt 0.464000 0.988000
vt 0.960000 0.816000
vt 0.956000 0.824000
vt 0.964000 0.824000
vt 0.576000 0.992000
vt 0.304000 0.704000
vt 0.312000 0.704000
vt 0.316000 0.708000
vt 0.116000 0.984000
vt 0.112000 0.988000
vt 0.980000 0.600000
vt 0.984000 0.524000
vt 0.980000 0.516000
vt 0.984000 0.516000
vt 0.968000 0.904000
vt 0.972000 0.916000
vt 0.972000 0.904000
vt 0.920000 0.204000
vt 0.916000 0.208000
vt 0.924000 0.196000
vt 0.300000 0.988000
vt 0.296000 0.992000
vt 0.296000 0.988000
vt 0.976000 0.396000
vt 0.972000 0.384000
vt 0.972000 0.396000
vt 0.980000 0.828000
vt 0.976000 0.828000
vt 0.140000 0.960000
vt 0.168000 0.964000
vt 0.140000 0.964000
vt 0.956000 0.156000
vt 0.960000 0.152000
vt 0.960000 0.156000
vt 0.252000 0.984000
vt 0.256000 0.980000
vt 0.252000 0.980000
vt 0.988000 0.232000
vt 0.988000 0.228000
vt 0.992000 0.448000
vt 0.988000 0.444000
vt 0.992000 0.444000
vt 0.992000 0.268000
vt 0.980000 0.212000
vt 0.972000 0.240000
vt 0.960000 0.244000
vt 0.960000 0.240000
vt 0.984000 0.316000
vt 0.984000 0.308000
vt 0.152000 0.984000
vt 0.076000 0.976000
vt 0.068000 0.972000
vt 0.076000 0.972000
vt 0.996000 0.040000
vt 0.992000 0.040000
vt 0.804000 0.984000
vt 0.800000 0.988000
vt 0.800000 0.984000
vt 0.972000 0.800000
vt 0.972000 0.812000
vt 0.992000 0.904000
vt 0.988000 0.904000
vt 0.972000 0.952000
vt 0.972000 0.940000
vt 0.996000 0.252000
vt 0.992000 0.252000
vt 0.008000 0.980000
vt 0.000000 0.976000
vt 0.000000 0.980000
vt 0.508000 0.984000
vt 0.504000 0.984000
vt 0.092000 0.988000
vt 0.096000 0.984000
vt 0.092000 0.984000
vt 0.996000 0.076000
vt 0.520000 0.980000
vt 0.996000 0.212000
vt 0.992000 0.212000
vt 0.996000 0.200000
vt 0.996000 0.196000
vt 0.960000 0.160000
vt 0.964000 0.156000
vt 0.608000 0.980000
vt 0.604000 0.984000
vt 0.604000 0.980000
vt 0.992000 0.512000
vt 0.992000 0.508000
vt 0.976000 0.620000
vt 0.980000 0.612000
vt 0.976000 0.612000
vt 0.960000 0.216000
vt 0.936000 0.220000
vt 0.936000 0.216000
vt 0.192000 0.984000
vt 0.188000 0.988000
vt 0.188000 0.984000
vt 0.984000 0.804000
vt 0.980000 0.800000
vt 0.980000 0.804000
vt 0.696000 0.980000
vt 0.692000 0.980000
vt 0.236000 0.980000
vt 0.240000 0.984000
vt 0.240000 0.980000
vt 0.972000 0.212000
vt 0.952000 0.216000
vt 0.564000 0.872000
vt 0.500000 0.860000
vt 0.524000 0.852000
vt 0.900000 0.344000
vt 0.916000 0.284000
vt 0.900000 0.284000
vt 0.980000 0.844000
vt 0.976000 0.844000
vt 0.996000 0.320000
vt 0.956000 0.392000
vt 0.960000 0.368000
vt 0.956000 0.368000
vt 0.060000 0.960000
vt 0.060000 0.952000
vt 0.980000 0.824000
vt 0.984000 0.828000
vt 0.968000 0.948000
vt 0.964000 0.948000
vt 0.964000 0.944000
vt 0.976000 0.724000
vt 0.472000 0.980000
vt 0.476000 0.980000
vt 0.976000 0.104000
vt 0.980000 0.104000
vt 0.976000 0.588000
vt 0.976000 0.580000
vt 0.068000 0.960000
vt 0.060000 0.964000
vt 0.072000 0.960000
vt 0.992000 0.656000
vt 0.988000 0.660000
vt 0.988000 0.656000
vt 0.976000 0.452000
vt 0.972000 0.440000
vt 0.976000 0.440000
vt 0.692000 0.988000
vt 0.688000 0.992000
vt 0.104000 0.976000
vt 0.096000 0.976000
vt 0.988000 0.348000
vt 0.992000 0.344000
vt 0.988000 0.344000
vt 0.608000 0.692000
vt 0.632000 0.752000
vt 0.632000 0.692000
vt 0.496000 0.952000
vt 0.444000 0.948000
vt 0.444000 0.952000
vt 0.612000 0.976000
vt 0.612000 0.968000
vt 0.984000 0.120000
vt 0.984000 0.128000
vt 0.992000 0.104000
vt 0.996000 0.100000
vt 0.852000 0.940000
vt 0.872000 0.952000
vt 0.852000 0.952000
vt 0.472000 0.916000
vt 0.776000 0.916000
vt 0.948000 0.304000
vt 0.952000 0.244000
vt 0.948000 0.244000
vt 0.320000 0.568000
vt 0.316000 0.540000
vt 0.316000 0.552000
vt 0.724000 0.980000
vt 0.972000 0.984000
vt 0.968000 0.984000
vt 0.904000 0.140000
vt 0.892000 0.140000
vt 0.888000 0.152000
vt 0.008000 0.400000
vt 0.004000 0.396000
vt 0.004000 0.416000
vt 0.628000 0.804000
vt 0.624000 0.788000
vt 0.952000 0.460000
vt 0.956000 0.460000
vt 0.984000 0.944000
vt 0.980000 0.948000
vt 0.896000 0.984000
vt 0.928000 0.896000
vt 0.924000 0.908000
vt 0.920000 0.900000
vt 0.952000 0.432000
vt 0.944000 0.424000
vt 0.960000 0.424000
vt 0.768000 0.984000
vt 0.004000 0.992000
vt 0.004000 0.988000
vt 0.400000 0.984000
vt 0.396000 0.984000
vt 0.704000 0.992000
vt 0.708000 0.988000
vt 0.996000 0.240000
vt 0.992000 0.244000
vt 0.996000 0.244000
vt 0.976000 0.036000
vt 0.980000 0.024000
vt 0.976000 0.024000
vt 0.608000 0.992000
vt 0.612000 0.988000
vt 0.608000 0.988000
vt 0.636000 0.968000
vt 0.632000 0.976000
vt 0.632000 0.972000
vt 0.208000 0.992000
vt 0.948000 0.520000
vt 0.948000 0.460000
vt 0.000000 0.968000
vt 0.000000 0.972000
vt 0.976000 0.196000
vt 0.972000 0.192000
vt 0.628000 0.976000
vt 0.620000 0.968000
vt 0.620000 0.976000
vt 0.976000 0.800000
vt 0.972000 0.788000
vt 0.160000 0.988000
vt 0.724000 0.992000
vt 0.724000 0.988000
vt 0.832000 0.912000
vt 0.832000 0.908000
vt 0.836000 0.912000
vt 0.500000 0.964000
vt 0.476000 0.964000
vt 0.192000 0.988000
vt 0.952000 0.852000
vt 0.948000 0.860000
vt 0.956000 0.856000
vt 0.956000 0.992000
vt 0.960000 0.988000
vt 0.756000 0.964000
vt 0.732000 0.964000
vt 0.556000 0.960000
vt 0.544000 0.960000
vt 0.644000 0.988000
vt 0.644000 0.984000
vt 0.972000 0.752000
vt 0.800000 0.972000
vt 0.800000 0.968000
vt 0.152000 0.968000
vt 0.952000 0.624000
vt 0.944000 0.624000
vt 0.948000 0.628000
vt 0.972000 0.472000
vt 0.968000 0.476000
vt 0.976000 0.468000
vt 0.312000 0.984000
vt 0.308000 0.984000
vt 0.872000 0.276000
vt 0.884000 0.280000
vt 0.864000 0.276000
vt 0.988000 0.900000
vt 0.992000 0.896000
vt 0.988000 0.896000
vt 0.080000 0.976000
vt 0.896000 0.980000
vt 0.892000 0.984000
vt 0.892000 0.980000
vt 0.988000 0.612000
vt 0.992000 0.608000
vt 0.988000 0.608000
vt 0.952000 0.836000
vt 0.956000 0.812000
vt 0.952000 0.812000
vt 0.948000 0.968000
vt 0.936000 0.592000
vt 0.944000 0.588000
vt 0.996000 0.036000
vt 0.992000 0.036000
vt 0.696000 0.992000
vt 0.980000 0.008000
vt 0.992000 0.380000
vt 0.992000 0.376000
vt 0.192000 0.976000
vt 0.200000 0.972000
vt 0.960000 0.868000
vt 0.960000 0.872000
vt 0.964000 0.872000
vt 0.668000 0.952000
vt 0.676000 0.956000
vt 0.676000 0.952000
vt 0.300000 0.984000
vt 0.296000 0.984000
vt 0.128000 0.976000
vt 0.128000 0.980000
vt 0.996000 0.152000
vt 0.976000 0.380000
vt 0.796000 0.256000
vt 0.800000 0.284000
vt 0.796000 0.268000
vt 0.956000 0.292000
vt 0.960000 0.268000
vt 0.956000 0.268000
vt 0.980000 0.620000
vt 0.224000 0.984000
vt 0.228000 0.980000
vt 0.224000 0.980000
vt 0.996000 0.156000
vt 0.992000 0.160000
vt 0.076000 0.984000
vt 0.396000 0.972000
vt 0.400000 0.976000
vt 0.400000 0.972000
vt 0.988000 0.064000
vt 0.988000 0.768000
vt 0.992000 0.764000
vt 0.932000 0.952000
vt 0.940000 0.948000
vt 0.936000 0.952000
vt 0.956000 0.340000
vt 0.964000 0.328000
vt 0.956000 0.328000
vt 0.980000 0.748000
vt 0.980000 0.740000
vt 0.612000 0.980000
vt 0.608000 0.984000
vt 0.196000 0.992000
vt 0.200000 0.988000
vt 0.980000 0.956000
vt 0.984000 0.952000
vt 0.980000 0.952000
vt 0.268000 0.972000
vt 0.264000 0.972000
vt 0.944000 0.192000
vt 0.948000 0.188000
vt 0.956000 0.184000
vt 0.004000 0.268000
vt 0.320000 0.284000
vt -0.000000 0.284000
vt 0.984000 0.704000
vt 0.984000 0.700000
vt 0.988000 0.392000
vt 0.992000 0.396000
vt 0.984000 0.300000
vt 0.992000 0.824000
vt 0.988000 0.824000
vt 0.104000 0.992000
vt 0.104000 0.988000
vt 0.952000 0.292000
vt 0.308000 0.932000
vt 0.304000 0.928000
vt 0.300000 0.924000
vt 0.988000 0.216000
vt 0.988000 0.212000
vt 0.048000 0.988000
vt 0.048000 0.984000
vt 0.976000 0.500000
vt 0.980000 0.508000
vt 0.980000 0.500000
vt 0.924000 0.420000
vt 0.924000 0.408000
vt 0.936000 0.408000
vt 0.968000 0.676000
vt 0.972000 0.672000
vt 0.972000 0.676000
vt 0.996000 0.048000
vt 0.992000 0.048000
vt 0.772000 0.964000
vt 0.772000 0.968000
vt 0.988000 0.248000
vt 0.988000 0.244000
vt 0.068000 0.976000
vt 0.996000 0.160000
vt 0.992000 0.164000
vt 0.468000 0.984000
vt 0.988000 0.340000
vt 0.988000 0.336000
vt 0.952000 0.092000
vt 0.952000 0.084000
vt 0.956000 0.084000
vt 0.028000 0.076000
vt 0.024000 0.052000
vt 0.032000 0.068000
vt 0.316000 0.960000
vt 0.292000 0.964000
vt 0.292000 0.960000
vt 0.588000 0.984000
vt 0.588000 0.980000
vt 0.528000 0.992000
vt 0.528000 0.988000
vt 0.992000 0.384000
vt 0.992000 0.388000
vt 0.556000 0.944000
vt 0.536000 0.948000
vt 0.556000 0.940000
vt 0.988000 0.012000
vt 0.988000 0.016000
vt 0.292000 0.988000
vt 0.288000 0.992000
vt 0.288000 0.988000
vt 0.508000 0.992000
vt 0.020000 0.980000
vt 0.016000 0.984000
vt 0.016000 0.980000
vt 0.992000 0.532000
vt 0.988000 0.536000
vt 0.972000 0.656000
vt 0.872000 0.948000
vt 0.892000 0.944000
vt 0.892000 0.940000
vt 0.932000 0.792000
vt 0.928000 0.672000
vt 0.932000 0.672000
vt 0.304000 0.980000
vt 0.300000 0.980000
vt 0.288000 0.916000
vt 0.000000 0.920000
vt 0.908000 0.984000
vt 0.912000 0.988000
vt 0.908000 0.988000
vt 0.976000 0.748000
vt 0.996000 0.308000
vt 0.992000 0.312000
vt 0.992000 0.308000
vt 0.980000 0.136000
vt 0.988000 0.136000
vt 0.224000 0.992000
vt 0.228000 0.992000
vt 0.900000 0.868000
vt 0.892000 0.908000
vt 0.904000 0.888000
vt 0.988000 0.196000
vt 0.628000 0.772000
vt 0.624000 0.752000
vt 0.628000 0.768000
vt 0.140000 0.984000
vt 0.120000 0.976000
vt 0.120000 0.972000
vt 0.876000 0.976000
vt 0.876000 0.972000
vt 0.620000 0.848000
vt 0.628000 0.864000
vt 0.628000 0.872000
vt 0.948000 0.020000
vt 0.952000 0.028000
vt 0.948000 0.032000
vt 0.976000 0.876000
vt 0.980000 0.876000
vt 0.988000 0.456000
vt 0.992000 0.460000
vt 0.988000 0.460000
vt 0.976000 0.228000
vt 0.980000 0.236000
vt 0.116000 0.992000
vt 0.120000 0.988000
vt 0.116000 0.988000
vt 0.364000 0.984000
vt 0.824000 0.968000
vt 0.828000 0.972000
vt 0.820000 0.972000
vt 0.972000 0.880000
vt 0.972000 0.888000
vt 0.360000 0.980000
vt 0.396000 0.980000
vt 0.976000 0.796000
vt 0.524000 0.988000
vt 0.520000 0.992000
vt 0.928000 0.520000
vt 0.148000 0.984000
vt 0.932000 0.848000
vt 0.932000 0.852000
vt 0.936000 0.852000
vt 0.972000 0.484000
vt 0.968000 0.484000
vt 0.968000 0.640000
vt 0.976000 0.632000
vt 0.844000 0.984000
vt 0.840000 0.984000
vt 0.920000 0.988000
vt 0.988000 0.440000
vt 0.980000 0.444000
vt 0.980000 0.440000
vt 0.076000 0.980000
vt 0.988000 0.568000
vt 0.984000 0.568000
vt 0.880000 0.344000
vt 0.884000 0.320000
vt 0.896000 0.380000
vt 0.972000 0.372000
vt 0.440000 0.984000
vt 0.444000 0.988000
vt 0.440000 0.988000
vt 0.988000 0.316000
vt 0.412000 0.988000
vt 0.412000 0.984000
vt 0.976000 0.332000
vt 0.980000 0.340000
vt 0.976000 0.696000
vt 0.784000 0.988000
vt 0.848000 0.312000
vt 0.864000 0.288000
vt 0.836000 0.332000
vt 0.964000 0.956000
vt 0.964000 0.952000
vt 0.960000 0.952000
vt 0.964000 0.932000
vt 0.940000 0.936000
vt 0.940000 0.932000
vt 0.128000 0.972000
vt 0.972000 0.408000
vt 0.860000 0.968000
vt 0.836000 0.968000
vt 0.964000 0.316000
vt 0.968000 0.292000
vt 0.788000 0.960000
vt 0.780000 0.956000
vt 0.780000 0.960000
vt 0.684000 0.964000
vt 0.440000 0.980000
vt 0.436000 0.984000
vt 0.436000 0.980000
vt 0.960000 0.992000
vt 0.324000 0.984000
vt 0.760000 0.936000
vt 0.752000 0.940000
vt 0.752000 0.936000
vt 0.988000 0.364000
vt 0.992000 0.368000
vt 0.992000 0.364000
vt 0.788000 0.944000
vt 0.852000 0.944000
vt 0.996000 0.120000
vt 0.992000 0.120000
vt 0.084000 0.972000
vt 0.088000 0.968000
vt 0.080000 0.968000
vt 0.836000 0.980000
vt 0.832000 0.980000
vt 0.760000 0.896000
vt 0.560000 0.984000
vt 0.992000 0.724000
vt 0.988000 0.724000
vt 0.972000 0.172000
vt 0.976000 0.172000
vt 0.972000 0.236000
vt 0.976000 0.232000
vt 0.588000 0.972000
vt 0.592000 0.972000
vt 0.596000 0.976000
vt 0.764000 0.972000
vt 0.756000 0.976000
vt 0.988000 0.868000
vt 0.992000 0.864000
vt 0.988000 0.864000
vt 0.844000 0.944000
vt 0.004000 0.980000
vt 0.008000 0.984000
vt 0.004000 0.984000
vt 0.336000 0.992000
vt 0.336000 0.988000
vt 0.936000 0.308000
vt 0.932000 0.312000
vt 0.932000 0.308000
vt 0.984000 0.584000
vt 0.980000 0.588000
vt 0.976000 0.252000
vt 0.980000 0.244000
vt 0.976000 0.244000
vt 0.884000 0.956000
vt 0.880000 0.960000
vt 0.884000 0.960000
vt 0.988000 0.416000
vt 0.980000 0.416000
vt 0.968000 0.532000
vt 0.972000 0.516000
vt 0.968000 0.516000
vt 0.616000 0.964000
vt 0.620000 0.964000
vt 0.876000 0.980000
vt 0.968000 0.604000
vt 0.976000 0.604000
vt 0.940000 0.984000
vt 0.936000 0.988000
vt 0.892000 0.004000
vt 0.884000 0.000000
vt 0.884000 0.068000
vt 0.980000 0.196000
vt 0.976000 0.188000
vt 0.708000 0.992000
vt 0.080000 0.992000
vt 0.688000 0.980000
vt 0.972000 0.480000
vt 0.964000 0.200000
vt 0.440000 0.992000
vt 0.968000 0.168000
vt 0.948000 0.168000
vt 0.992000 0.504000
vt 0.132000 0.988000
vt 0.136000 0.992000
vt 0.924000 0.940000
vt 0.920000 0.944000
vt 0.920000 0.940000
vt 0.980000 0.268000
vt 0.980000 0.272000
vt 0.568000 0.980000
vt 0.572000 0.972000
vt 0.568000 0.972000
vt 0.780000 0.992000
vt 0.992000 0.560000
vt 0.992000 0.564000
vt 0.900000 0.520000
vt 0.916000 0.460000
vt 0.900000 0.460000
vt 0.992000 0.140000
vt 0.988000 0.144000
vt 0.900000 0.956000
vt 0.896000 0.936000
vt 0.900000 0.936000
vt 0.980000 0.920000
vt 0.984000 0.924000
vt 0.984000 0.920000
vt 0.828000 0.980000
vt 0.260000 0.948000
vt 0.264000 0.948000
vt 0.272000 0.952000
vt 0.976000 0.300000
vt 0.980000 0.292000
vt 0.976000 0.292000
vt 0.912000 0.984000
vt 0.728000 0.980000
vt 0.732000 0.980000
vt 0.696000 0.448000
vt 0.700000 0.428000
vt 0.696000 0.456000
vt 0.984000 0.656000
vt 0.096000 0.988000
vt 0.100000 0.992000
vt 0.100000 0.988000
vt 0.540000 0.988000
vt 0.536000 0.992000
vt 0.508000 0.980000
vt 0.908000 0.956000
vt 0.912000 0.956000
vt 0.916000 0.952000
vt 0.120000 0.984000
vt 0.316000 0.712000
vt 0.316000 0.720000
vt 0.320000 0.832000
vt 0.652000 0.988000
vt 0.648000 0.992000
vt 0.648000 0.988000
vt 0.732000 0.988000
vt 0.976000 0.048000
vt 0.968000 0.052000
vt 0.968000 0.048000
vt 0.992000 0.360000
vt 0.992000 0.356000
vt 0.456000 0.944000
vt 0.392000 0.948000
vt 0.852000 0.984000
vt 0.848000 0.988000
vt 0.848000 0.984000
vt 0.940000 0.308000
vt 0.944000 0.316000
vt 0.944000 0.312000
vt 0.164000 0.980000
vt 0.160000 0.980000
vt 0.000000 0.988000
vt 0.980000 0.668000
vt 0.984000 0.672000
vt 0.968000 0.960000
vt 0.968000 0.952000
vt 0.908000 0.932000
vt 0.920000 0.804000
vt 0.916000 0.756000
vt 0.920000 0.756000
vt 0.052000 0.988000
vt 0.992000 0.420000
vt 0.988000 0.420000
vt 0.988000 0.428000
vt 0.976000 0.164000
vt 0.980000 0.172000
vt 0.724000 0.984000
vt 0.344000 0.972000
vt 0.348000 0.968000
vt 0.348000 0.976000
vt 0.352000 0.900000
vt 0.332000 0.880000
vt 0.320000 0.872000
vt 0.456000 0.984000
vt 0.992000 0.412000
vt 0.548000 0.980000
vt 0.552000 0.984000
vt 0.804000 0.976000
vt 0.060000 0.976000
vt 0.060000 0.972000
vt 0.988000 0.736000
vt 0.988000 0.732000
vt 0.408000 0.956000
vt 0.412000 0.960000
vt 0.064000 0.900000
vt 0.064000 0.880000
vt 0.416000 0.980000
vt 0.352000 0.968000
vt 0.964000 0.092000
vt 0.964000 0.088000
vt 0.960000 0.084000
vt 0.436000 0.992000
vt 0.436000 0.988000
vt 0.100000 0.964000
vt 0.100000 0.952000
vt 0.604000 0.992000
vt 0.604000 0.988000
vt 0.984000 0.484000
vt 0.984000 0.476000
vt 0.980000 0.872000
vt 0.984000 0.868000
vt 0.980000 0.868000
vt 0.892000 0.976000
vt 0.884000 0.976000
vt 0.852000 0.988000
vt 0.856000 0.992000
vt 0.852000 0.992000
vt 0.836000 0.984000
vt 0.840000 0.980000
vt 0.980000 0.556000
vt 0.864000 0.992000
vt 0.864000 0.988000
vt 0.832000 0.968000
vt 0.828000 0.976000
vt 0.832000 0.976000
vt 0.868000 0.464000
vt 0.868000 0.472000
vt 0.944000 0.168000
vt 0.944000 0.104000
vt 0.356000 0.992000
vt 0.944000 0.684000
vt 0.932000 0.684000
vt 0.940000 0.688000
vt 0.516000 0.968000
vt 0.524000 0.976000
vt 0.516000 0.976000
vt 0.308000 0.968000
vt 0.300000 0.972000
vt 0.304000 0.972000
vt 0.936000 0.812000
vt 0.928000 0.792000
vt 0.936000 0.796000
vt 0.940000 0.280000
vt 0.912000 0.284000
vt 0.912000 0.280000
vt 0.908000 0.704000
vt 0.912000 0.692000
vt 0.908000 0.700000
vt 0.620000 0.988000
vt 0.616000 0.988000
vt 0.976000 0.296000
vt 0.972000 0.296000
vt 0.988000 0.740000
vt 0.992000 0.736000
vt 0.992000 0.572000
vt 0.988000 0.576000
vt 0.988000 0.572000
vt 0.576000 0.960000
vt 0.588000 0.956000
vt 0.584000 0.960000
vt 0.968000 0.764000
vt 0.972000 0.776000
vt 0.968000 0.412000
vt 0.636000 0.984000
vt 0.632000 0.988000
vt 0.632000 0.984000
vt 0.992000 0.612000
vt 0.392000 0.952000
vt 0.292000 0.984000
vt 0.856000 0.976000
vt 0.856000 0.972000
vt 0.688000 0.924000
vt 0.532000 0.920000
vt 0.532000 0.924000
vt 0.968000 0.684000
vt 0.972000 0.684000
vt 0.976000 0.776000
vt 0.788000 0.988000
vt 0.948000 0.640000
vt 0.156000 0.992000
vt 0.976000 0.572000
vt 0.972000 0.580000
vt 0.972000 0.576000
vt 0.988000 0.020000
vt 0.960000 0.544000
vt 0.968000 0.552000
vt 0.964000 0.552000
vt 0.428000 0.964000
vt 0.416000 0.952000
vt 0.988000 0.688000
vt 0.992000 0.692000
vt 0.992000 0.688000
vt 0.432000 0.988000
vt 0.428000 0.984000
vt 0.432000 0.984000
vt 0.992000 0.916000
vt 0.988000 0.920000
vt 0.988000 0.916000
vt 0.160000 0.992000
vt 0.996000 0.032000
vt 0.992000 0.032000
vt 0.832000 0.956000
vt 0.816000 0.948000
vt 0.832000 0.952000
vt 0.528000 0.968000
vt 0.532000 0.968000
vt 0.524000 0.964000
vt 0.980000 0.900000
vt 0.984000 0.896000
vt 0.980000 0.896000
vt 0.148000 0.980000
vt 0.040000 0.936000
vt 0.060000 0.936000
vt 0.020000 0.984000
vt 0.024000 0.984000
vt 0.376000 0.984000
vt 0.944000 0.620000
vt 0.940000 0.620000
vt 0.936000 0.616000
vt 0.964000 0.508000
vt 0.884000 0.284000
vt 0.888000 0.260000
vt 0.884000 0.260000
vt 0.856000 0.232000
vt 0.856000 0.244000
vt 0.848000 0.228000
vt 0.496000 0.972000
vt 0.496000 0.976000
vt 0.500000 0.968000
vt 0.908000 0.980000
vt 0.364000 0.968000
vt 0.368000 0.964000
vt 0.964000 0.416000
vt 0.968000 0.392000
vt 0.952000 0.176000
vt 0.952000 0.172000
vt 0.948000 0.176000
vt 0.980000 0.572000
vt 0.984000 0.972000
vt 0.980000 0.976000
vt 0.980000 0.972000
vt 0.996000 0.300000
vt 0.720000 0.988000
vt 0.716000 0.992000
vt 0.760000 0.992000
vt 0.764000 0.988000
vt 0.004000 0.712000
vt 0.924000 0.468000
vt 0.932000 0.472000
vt 0.932000 0.476000
vt 0.884000 0.256000
vt 0.864000 0.208000
vt 0.880000 0.220000
vt 0.672000 0.980000
vt 0.668000 0.984000
vt 0.672000 0.984000
vt 0.672000 0.976000
vt 0.668000 0.968000
vt 0.844000 0.972000
vt 0.844000 0.968000
vt 0.960000 0.768000
vt 0.956000 0.776000
vt 0.964000 0.772000
vt 0.924000 0.456000
vt 0.872000 0.456000
vt 0.868000 0.984000
vt 0.864000 0.984000
vt 0.920000 0.336000
vt 0.920000 0.340000
vt 0.916000 0.344000
vt 0.824000 0.980000
vt 0.120000 0.992000
vt 0.124000 0.992000
vt 0.980000 0.792000
vt 0.984000 0.788000
vt 0.980000 0.788000
vt 0.972000 0.140000
vt 0.960000 0.460000
vt 0.000000 0.960000
vt 0.028000 0.964000
vt 0.000000 0.964000
vt 0.944000 0.844000
vt 0.948000 0.820000
vt 0.944000 0.820000
vt 0.988000 0.220000
vt 0.884000 0.992000
vt 0.940000 0.452000
vt 0.944000 0.444000
vt 0.940000 0.448000
vt 0.980000 0.808000
vt 0.984000 0.808000
vt 0.976000 0.860000
vt 0.972000 0.848000
vt 0.976000 0.848000
vt 0.932000 0.156000
vt 0.904000 0.160000
vt 0.904000 0.156000
vt 0.280000 0.980000
vt 0.812000 0.980000
vt 0.832000 0.988000
vt 0.460000 0.924000
vt 0.468000 0.920000
vt 0.456000 0.924000
vt 0.760000 0.980000
vt 0.756000 0.980000
vt 0.512000 0.936000
vt 0.384000 0.940000
vt 0.384000 0.936000
vt 0.996000 0.312000
vt 0.172000 0.988000
vt 0.176000 0.992000
vt 0.176000 0.988000
vt 0.980000 0.460000
vt 0.984000 0.452000
vt 0.980000 0.452000
vt 0.632000 0.980000
vt 0.636000 0.980000
vt 0.408000 0.992000
vt 0.408000 0.988000
vt 0.988000 0.604000
vt 0.992000 0.600000
vt 0.196000 0.960000
vt 0.168000 0.960000
vt 0.980000 0.736000
vt 0.984000 0.740000
vt 0.984000 0.620000
vt 0.980000 0.624000
vt 0.968000 0.024000
vt 0.968000 0.020000
vt 0.368000 0.968000
vt 0.968000 0.964000
vt 0.964000 0.964000
vt 0.960000 0.960000
vt 0.912000 0.972000
vt 0.908000 0.972000
vt 0.900000 0.968000
vt 0.176000 0.932000
vt 0.112000 0.920000
vt 0.176000 0.920000
vt 0.568000 0.944000
vt 0.564000 0.940000
vt 0.568000 0.940000
vt 0.168000 0.972000
vt 0.160000 0.976000
vt 0.160000 0.972000
vt 0.964000 0.188000
vt 0.964000 0.184000
vt 0.776000 0.972000
vt 0.776000 0.968000
vt 0.584000 0.872000
vt 0.604000 0.852000
vt 0.616000 0.844000
vt 0.632000 0.992000
vt 0.732000 0.952000
vt 0.728000 0.952000
vt 0.984000 0.096000
vt 0.980000 0.096000
vt 0.968000 0.148000
vt 0.976000 0.524000
vt 0.976000 0.516000
vt 0.980000 0.852000
vt 0.984000 0.848000
vt 0.980000 0.848000
vt 0.988000 0.756000
vt 0.840000 0.952000
vt 0.852000 0.960000
vt 0.848000 0.952000
vt 0.980000 0.148000
vt 0.708000 0.976000
vt 0.996000 0.208000
vt 0.740000 0.956000
vt 0.736000 0.956000
vt 0.732000 0.960000
vt 0.612000 0.984000
vt 0.232000 0.980000
vt 0.968000 0.816000
vt 0.968000 0.796000
vt 0.968000 0.912000
vt 0.964000 0.912000
vt 0.944000 0.664000
vt 0.948000 0.660000
vt 0.948000 0.680000
vt 0.360000 0.984000
vt 0.500000 0.988000
vt 0.500000 0.984000
vt 0.972000 0.528000
vt 0.976000 0.528000
vt 0.992000 0.744000
vt 0.988000 0.744000
vt 0.580000 0.988000
vt 0.988000 0.556000
vt 0.992000 0.556000
vt 0.996000 0.344000
vt 0.992000 0.932000
vt 0.988000 0.936000
vt 0.988000 0.932000
vt 0.264000 0.992000
vt 0.268000 0.988000
vt 0.264000 0.988000
vt 0.956000 0.788000
vt 0.960000 0.788000
vt 0.996000 0.224000
vt 0.684000 0.988000
vt 0.924000 0.560000
vt 0.928000 0.552000
vt 0.032000 0.972000
vt 0.036000 0.972000
vt 0.992000 0.520000
vt 0.988000 0.520000
vt 0.660000 0.976000
vt 0.856000 0.988000
vt 0.860000 0.992000
vt 0.860000 0.988000
vt 0.964000 0.776000
vt 0.332000 0.988000
vt 0.328000 0.992000
vt 0.968000 0.216000
vt 0.972000 0.232000
vt 0.712000 0.840000
vt 0.724000 0.844000
vt 0.728000 0.844000
vt 0.980000 0.368000
vt 0.968000 0.236000
vt 0.088000 0.980000
vt 0.956000 0.984000
vt 0.992000 0.816000
vt 0.988000 0.816000
vt 0.980000 0.980000
vt 0.984000 0.984000
vt 0.984000 0.980000
vt 0.992000 0.200000
vt 0.988000 0.200000
vt 0.244000 0.984000
vt 0.240000 0.988000
vt 0.300000 0.920000
vt 0.288000 0.920000
vt 0.904000 0.992000
vt 0.904000 0.988000
vt 0.564000 0.836000
vt 0.556000 0.828000
vt 0.568000 0.836000
vt 0.972000 0.324000
vt 0.936000 0.584000
vt 0.936000 0.520000
vt 0.976000 0.656000
vt 0.972000 0.668000
vt 0.824000 0.896000
vt 0.760000 0.880000
vt 0.208000 0.980000
vt 0.204000 0.984000
vt 0.204000 0.980000
vt 0.464000 0.972000
vt 0.472000 0.968000
vt 0.336000 0.984000
vt 0.340000 0.980000
vt 0.336000 0.980000
vt 0.888000 0.284000
vt 0.912000 0.224000
vt 0.888000 0.224000
vt 0.280000 0.964000
vt 0.256000 0.964000
vt 0.048000 0.992000
vt 0.044000 0.992000
vt 0.932000 0.120000
vt 0.932000 0.104000
vt 0.352000 0.952000
vt 0.332000 0.960000
vt 0.332000 0.952000
vt 0.976000 0.916000
vt 0.976000 0.904000
vt 0.500000 0.980000
vt 0.628000 0.984000
vt 0.104000 0.984000
vt 0.972000 0.536000
vt 0.980000 0.888000
vt 0.984000 0.892000
vt 0.128000 0.992000
vt 0.128000 0.988000
vt 0.876000 0.984000
vt 0.872000 0.984000
vt 0.992000 0.440000
vt 0.860000 0.932000
vt 0.864000 0.908000
vt 0.824000 0.988000
vt 0.824000 0.984000
vt 0.972000 0.892000
vt 0.976000 0.892000
vt 0.316000 0.964000
vt 0.856000 0.984000
vt 0.096000 0.972000
vt 0.992000 0.836000
vt 0.988000 0.836000
vt 0.992000 0.940000
vt 0.988000 0.944000
vt 0.988000 0.940000
vt 0.684000 0.952000
vt 0.684000 0.948000
vt 0.988000 0.036000
vt 0.988000 0.032000
vt 0.972000 0.464000
vt 0.976000 0.460000
vt 0.572000 0.992000
vt 0.988000 0.208000
vt 0.848000 0.992000
vt 0.660000 0.980000
vt 0.988000 0.100000
vt 0.960000 0.700000
vt 0.968000 0.700000
vt 0.956000 0.320000
vt 0.960000 0.320000
vt 0.988000 0.640000
vt 0.992000 0.644000
vt 0.992000 0.640000
vt 0.996000 0.056000
vt 0.976000 0.564000
vt 0.560000 0.972000
vt 0.568000 0.968000
vt 0.788000 0.956000
vt 0.984000 0.712000
vt 0.980000 0.712000
vt 0.284000 0.980000
vt 0.572000 0.984000
vt 0.576000 0.980000
vt 0.572000 0.980000
vt 0.988000 0.404000
vt 0.992000 0.404000
vt 0.956000 0.304000
vt 0.960000 0.308000
vt 0.964000 0.304000
vt 0.072000 0.940000
vt 0.080000 0.940000
vt 0.100000 0.936000
vt 0.008000 0.944000
vt 0.016000 0.952000
vt 0.012000 0.944000
vt 0.708000 0.960000
vt 0.960000 0.876000
vt 0.968000 0.880000
vt 0.964000 0.880000
vt 0.992000 0.928000
vt 0.988000 0.928000
vt 0.948000 0.844000
vt 0.944000 0.860000
vt 0.964000 0.440000
vt 0.968000 0.416000
vt 0.856000 0.476000
vt 0.792000 0.472000
vt 0.792000 0.476000
vt 0.460000 0.972000
vt 0.468000 0.976000
vt 0.468000 0.972000
vt 0.952000 0.324000
vt 0.936000 0.328000
vt 0.996000 0.236000
vt 0.996000 0.232000
vt 0.964000 0.536000
vt 0.964000 0.532000
vt 0.948000 0.340000
vt 0.944000 0.336000
vt 0.948000 0.344000
vt 0.048000 0.980000
vt 0.248000 0.980000
vt 0.988000 0.056000
vt 0.988000 0.052000
vt 0.996000 0.332000
vt 0.992000 0.332000
vt 0.660000 0.988000
vt 0.664000 0.992000
vt 0.664000 0.988000
vt 0.968000 0.612000
vt 0.456000 0.920000
vt 0.452000 0.916000
vt 0.452000 0.920000
vt 0.444000 0.984000
vt 0.988000 0.384000
vt 0.960000 0.924000
vt 0.956000 0.928000
vt 0.952000 0.932000
vt 0.528000 0.980000
vt 0.532000 0.984000
vt 0.528000 0.984000
vt 0.052000 0.992000
vt 0.988000 0.096000
vt 0.992000 0.092000
vt 0.780000 0.984000
vt 0.808000 0.988000
vt 0.012000 0.976000
vt 0.972000 0.432000
vt 0.968000 0.436000
vt 0.992000 0.588000
vt 0.984000 0.744000
vt 0.980000 0.744000
vt 0.288000 0.984000
vt 0.940000 0.240000
vt 0.936000 0.240000
vt 0.944000 0.236000
vt 0.988000 0.380000
vt 0.988000 0.160000
vt 0.988000 0.164000
vt 0.936000 0.632000
vt 0.956000 0.640000
vt 0.432000 0.956000
vt 0.432000 0.960000
vt 0.428000 0.952000
vt 0.980000 0.960000
vt 0.984000 0.964000
vt 0.984000 0.960000
vt 0.556000 0.976000
vt 0.556000 0.968000
vt 0.972000 0.604000
vt 0.972000 0.608000
vt 0.056000 0.960000
vt 0.028000 0.960000
vt 0.424000 0.964000
vt 0.944000 0.868000
vt 0.944000 0.872000
vt 0.940000 0.868000
vt 0.120000 0.980000
vt 0.708000 0.980000
vt 0.124000 0.980000
vt 0.980000 0.492000
vt 0.232000 0.972000
vt 0.232000 0.976000
vt 0.976000 0.260000
vt 0.980000 0.252000
vt 0.980000 0.260000
vt 0.780000 0.972000
vt 0.772000 0.976000
vt 0.780000 0.976000
vt 0.592000 0.984000
vt 0.836000 0.524000
vt 0.836000 0.520000
vt 0.832000 0.524000
vt 0.980000 0.092000
vt 0.976000 0.092000
vt 0.984000 0.444000
vt 0.976000 0.284000
vt 0.988000 0.548000
vt 0.992000 0.544000
vt 0.988000 0.544000
vt 0.980000 0.540000
vt 0.980000 0.544000
vt 0.808000 0.992000
vt 0.208000 0.976000
vt 0.200000 0.976000
vt 0.960000 0.448000
vt 0.964000 0.424000
vt 0.824000 0.972000
vt 0.324000 0.760000
vt 0.320000 0.752000
vt 0.324000 0.872000
vt 0.964000 0.120000
vt 0.968000 0.116000
vt 0.796000 0.988000
vt 0.980000 0.468000
vt 0.968000 0.720000
vt 0.972000 0.720000
vt 0.460000 0.992000
vt 0.460000 0.988000
vt 0.060000 0.988000
vt 0.064000 0.984000
vt 0.060000 0.984000
vt 0.920000 0.540000
vt 0.924000 0.544000
vt 0.920000 0.544000
vt 0.964000 0.588000
vt 0.960000 0.596000
vt 0.964000 0.584000
vt 0.924000 0.428000
vt 0.924000 0.432000
vt 0.992000 0.912000
vt 0.464000 0.984000
vt 0.056000 0.988000
vt 0.060000 0.992000
vt 0.056000 0.992000
vt 0.988000 0.292000
vt 0.992000 0.288000
vt 0.988000 0.288000
vt 0.364000 0.992000
vt 0.540000 0.980000
vt 0.544000 0.980000
vt 0.488000 0.992000
vt 0.488000 0.988000
vt 0.992000 0.900000
vt 0.792000 0.980000
vt 0.984000 0.088000
vt 0.980000 0.088000
vt 0.984000 0.192000
vt 0.980000 0.200000
vt 0.980000 0.192000
vt 0.964000 0.580000
vt 0.968000 0.556000
vt 0.964000 0.556000
vt 0.920000 0.992000
vt 0.988000 0.696000
vt 0.992000 0.700000
vt 0.992000 0.696000
vt 0.964000 0.004000
vt 0.960000 0.004000
vt 0.964000 0.008000
vt 0.988000 0.512000
vt 0.992000 0.516000
vt 0.988000 0.516000
vt 0.932000 0.924000
vt 0.936000 0.932000
vt 0.928000 0.924000
vt 0.596000 0.968000
vt 0.936000 0.944000
vt 0.932000 0.940000
vt 0.936000 0.940000
vt 0.680000 0.948000
vt 0.292000 0.948000
vt 0.292000 0.944000
vt 0.744000 0.988000
vt 0.740000 0.992000
vt 0.740000 0.988000
vt 0.968000 0.208000
vt 0.972000 0.204000
vt 0.920000 0.880000
vt 0.916000 0.864000
vt 0.916000 0.868000
vt 0.980000 0.336000
vt 0.964000 0.180000
vt 0.964000 0.176000
vt 0.108000 0.992000
vt 0.996000 0.248000
vt 0.992000 0.248000
vt 0.996000 0.172000
vt 0.692000 0.972000
vt 0.688000 0.972000
vt 0.900000 0.960000
vt 0.900000 0.964000
vt 0.884000 0.392000
vt 0.892000 0.432000
vt 0.880000 0.412000
vt 0.156000 0.980000
vt 0.152000 0.980000
vt 0.988000 0.948000
vt 0.992000 0.944000
vt 0.776000 0.984000
vt 0.904000 0.932000
vt 0.924000 0.552000
vt 0.900000 0.560000
vt 0.900000 0.552000
vt 0.816000 0.908000
vt 0.788000 0.900000
vt 0.820000 0.908000
vt 0.964000 0.148000
vt 0.960000 0.148000
vt 0.952000 0.992000
vt 0.992000 0.632000
vt 0.988000 0.636000
vt 0.988000 0.632000
vt 0.932000 0.984000
vt 0.932000 0.980000
vt 0.176000 0.984000
vt 0.964000 0.700000
vt 0.952000 0.696000
vt 0.988000 0.104000
vt 0.992000 0.108000
vt 0.036000 0.944000
vt 0.032000 0.940000
vt 0.036000 0.940000
vt 0.976000 0.644000
vt 0.896000 0.976000
vt 0.896000 0.964000
vt 0.600000 0.992000
vt 0.980000 0.032000
vt 0.132000 0.984000
vt 0.752000 0.988000
vt 0.976000 0.900000
vt 0.984000 0.616000
vt 0.984000 0.612000
vt 0.944000 0.940000
vt 0.940000 0.940000
vt 0.924000 0.936000
vt 0.992000 0.820000
vt 0.988000 0.820000
vt 0.980000 0.604000
vt 0.988000 0.224000
vt 0.988000 0.024000
vt 0.992000 0.028000
vt 0.988000 0.028000
vt 0.984000 0.640000
vt 0.948000 0.332000
vt 0.952000 0.336000
vt 0.948000 0.336000
vt 0.956000 0.980000
vt 0.632000 0.948000
vt 0.572000 0.944000
vt 0.928000 0.980000
vt 0.924000 0.980000
vt 0.988000 0.800000
vt 0.992000 0.796000
vt 0.988000 0.796000
vt 0.184000 0.968000
vt 0.184000 0.964000
vt 0.784000 0.908000
vt 0.472000 0.912000
vt 0.960000 0.420000
vt 0.952000 0.420000
vt 0.924000 0.968000
vt 0.460000 0.524000
vt 0.488000 0.484000
vt 0.464000 0.532000
vt 0.980000 0.152000
vt 0.984000 0.148000
vt 0.980000 0.156000
vt 0.864000 0.980000
vt 0.692000 0.844000
vt 0.700000 0.836000
vt 0.688000 0.844000
vt 0.200000 0.980000
vt 0.712000 0.972000
vt 0.716000 0.968000
vt 0.712000 0.968000
vt 0.960000 0.520000
vt 0.368000 0.972000
vt 0.372000 0.976000
vt 0.368000 0.976000
vt 0.316000 0.988000
vt 0.996000 0.092000
vt 0.488000 0.980000
vt 0.484000 0.980000
vt 0.080000 0.972000
vt 0.060000 0.968000
vt 0.836000 0.972000
vt 0.836000 0.976000
vt 0.996000 0.084000
vt 0.996000 0.080000
vt 0.968000 0.992000
vt 0.980000 0.504000
vt 0.984000 0.508000
vt 0.984000 0.160000
vt 0.980000 0.160000
vt 0.984000 0.156000
vt 0.988000 0.204000
vt 0.592000 0.992000
vt 0.592000 0.988000
vt 0.980000 0.968000
vt 0.980000 0.964000
vt 0.192000 0.992000
vt 0.796000 0.736000
vt 0.800000 0.748000
vt 0.820000 0.744000
vt 0.160000 0.964000
vt 0.136000 0.968000
vt 0.136000 0.964000
vt 0.972000 0.348000
vt 0.260000 0.992000
vt 0.260000 0.988000
vt 0.024000 0.980000
vt 0.760000 0.920000
vt 0.472000 0.920000
vt 0.984000 0.764000
vt 0.980000 0.768000
vt 0.984000 0.768000
vt 0.992000 0.980000
vt 0.988000 0.984000
vt 0.988000 0.980000
vt 0.736000 0.972000
vt 0.732000 0.976000
vt 0.740000 0.976000
vt 0.244000 0.980000
vt 0.228000 0.968000
vt 0.212000 0.972000
vt 0.212000 0.968000
vt 0.740000 0.984000
vt 0.960000 0.640000
vt 0.964000 0.648000
vt 0.968000 0.652000
vt 0.676000 0.960000
vt 0.680000 0.960000
vt 0.668000 0.964000
vt 0.188000 0.980000
vt 0.784000 0.844000
vt 0.848000 0.852000
vt 0.784000 0.852000
vt 0.072000 0.964000
vt 0.096000 0.968000
vt 0.072000 0.968000
vt 0.932000 0.248000
vt 0.936000 0.244000
vt 0.932000 0.244000
vt 0.960000 0.412000
vt 0.956000 0.412000
vt 0.956000 0.408000
vt 0.968000 0.540000
vt 0.968000 0.548000
vt 0.976000 0.012000
vt 0.976000 0.000000
vt 0.992000 0.636000
vt 0.820000 0.992000
vt 0.820000 0.988000
vt 0.992000 0.240000
vt 0.988000 0.240000
vt 0.812000 0.176000
vt 0.808000 0.180000
vt 0.804000 0.180000
vt 0.956000 0.716000
vt 0.952000 0.716000
vt 0.868000 0.972000
vt 0.860000 0.976000
vt 0.144000 0.988000
vt 0.144000 0.984000
vt 0.316000 0.984000
vt 0.948000 0.992000
vt 0.944000 0.460000
vt 0.224000 0.952000
vt 0.172000 0.952000
vt 0.984000 0.872000
vt 0.628000 0.888000
vt 0.624000 0.896000
vt 0.628000 0.892000
vt 0.916000 0.980000
vt 0.912000 0.980000
vt 0.032000 0.988000
vt 0.980000 0.384000
vt 0.744000 0.992000
vt 0.040000 0.992000
vt 0.384000 0.980000
vt 0.380000 0.984000
vt 0.380000 0.980000
vt 0.412000 0.972000
vt 0.404000 0.976000
vt 0.404000 0.972000
vt 0.980000 0.436000
vt 0.992000 0.868000
vt 0.984000 0.244000
vt 0.428000 0.932000
vt 0.368000 0.916000
vt 0.368000 0.932000
vt 0.980000 0.012000
vt 0.496000 0.992000
vt 0.496000 0.988000
vt 0.180000 0.988000
vt 0.180000 0.984000
vt 0.744000 0.928000
vt 0.732000 0.936000
vt 0.740000 0.932000
vt 0.088000 0.992000
vt 0.088000 0.988000
vt 0.932000 0.992000
vt 0.988000 0.312000
vt 0.980000 0.040000
vt 0.984000 0.032000
vt 0.984000 0.040000
vt 0.432000 0.980000
vt 0.980000 0.432000
vt 0.268000 0.932000
vt 0.112000 0.936000
vt 0.112000 0.932000
vt 0.364000 0.972000
vt 0.296000 0.980000
vt 0.920000 0.712000
vt 0.916000 0.560000
vt 0.920000 0.560000
vt 0.932000 0.096000
vt 0.928000 0.088000
vt 0.940000 0.096000
vt 0.820000 0.808000
vt 0.820000 0.804000
vt 0.824000 0.808000
vt 0.852000 0.980000
vt 0.848000 0.980000
vt 0.956000 0.920000
vt 0.952000 0.920000
vt 0.472000 0.760000
vt 0.324000 0.752000
vt 0.472000 0.752000
vt 0.980000 0.232000
vt 0.868000 0.960000
vt 0.992000 0.788000
vt 0.988000 0.792000
vt 0.988000 0.788000
vt 0.504000 0.980000
vt 0.944000 0.788000
vt 0.944000 0.792000
vt 0.972000 0.024000
vt 0.972000 0.012000
vt 0.624000 0.984000
vt 0.344000 0.548000
vt 0.352000 0.560000
vt 0.344000 0.564000
vt 0.864000 0.156000
vt 0.864000 0.000000
vt 0.984000 0.064000
vt 0.980000 0.064000
vt 0.972000 0.624000
vt 0.976000 0.624000
vt 0.780000 0.460000
vt 0.772000 0.460000
vt 0.776000 0.464000
vt 0.988000 0.924000
vt 0.992000 0.920000
vt 0.528000 0.976000
vt 0.532000 0.972000
vt 0.992000 0.072000
vt 0.996000 0.072000
vt 0.468000 0.932000
vt 0.468000 0.916000
vt 0.980000 0.528000
vt 0.812000 0.096000
vt 0.836000 0.000000
vt 0.816000 0.004000
vt 0.968000 0.344000
vt 0.956000 0.344000
vt 0.320000 0.952000
vt 0.996000 0.328000
vt 0.996000 0.324000
vt 0.620000 0.992000
vt 0.112000 0.992000
vt 0.956000 0.116000
vt 0.680000 0.940000
vt 0.684000 0.940000
vt 0.092000 0.980000
vt 0.048000 0.928000
vt 0.032000 0.932000
vt 0.048000 0.924000
vt 0.984000 0.264000
vt 0.984000 0.256000
vt 0.988000 0.988000
vt 0.984000 0.992000
vt 0.988000 0.692000
vt 0.788000 0.940000
vt 0.724000 0.940000
vt 0.416000 0.992000
vt 0.412000 0.992000
vt 0.500000 0.972000
vt 0.504000 0.976000
vt 0.504000 0.972000
vt 0.832000 0.624000
vt 0.832000 0.648000
vt 0.856000 0.716000
vt 0.968000 0.428000
vt 0.912000 0.100000
vt 0.908000 0.088000
vt 0.912000 0.116000
vt 0.376000 0.980000
vt 0.208000 0.972000
vt 0.972000 0.096000
vt 0.804000 0.988000
vt 0.160000 0.968000
vt 0.984000 0.600000
vt 0.996000 0.256000
vt 0.992000 0.260000
vt 0.996000 0.260000
vt 0.940000 0.828000
vt 0.936000 0.832000
vt 0.936000 0.824000
vt 0.816000 0.992000
vt 0.268000 0.956000
vt 0.272000 0.960000
vt 0.472000 0.908000
vt 0.784000 0.904000
vt 0.668000 0.988000
vt 0.976000 0.992000
vt 0.948000 0.004000
vt 0.944000 0.008000
vt 0.952000 0.004000
vt 0.984000 0.056000
vt 0.980000 0.056000
vt 0.372000 0.968000
vt 0.272000 0.992000
vt 0.276000 0.988000
vt 0.632000 0.884000
vt 0.628000 0.884000
vt 0.944000 0.040000
vt 0.924000 0.020000
vt 0.924000 0.040000
vt 0.948000 0.760000
vt 0.992000 0.472000
vt 0.988000 0.476000
vt 0.408000 0.904000
vt 0.380000 0.916000
vt 0.400000 0.904000
vt 0.864000 0.448000
vt 0.868000 0.448000
vt 0.960000 0.676000
vt 0.968000 0.664000
vt 0.960000 0.664000
vt 0.900000 0.620000
vt 0.892000 0.560000
vt 0.980000 0.916000
vt 0.992000 0.972000
vt 0.988000 0.976000
vt 0.988000 0.972000
vt 0.864000 0.740000
vt 0.856000 0.748000
vt 0.868000 0.744000
vt 0.788000 0.728000
vt 0.788000 0.732000
vt 0.968000 0.688000
vt 0.996000 0.280000
vt 0.992000 0.280000
vt 0.988000 0.540000
vt 0.968000 0.788000
vt 0.988000 0.040000
vt 0.804000 0.876000
vt 0.848000 0.868000
vt 0.708000 0.860000
vt 0.984000 0.668000
vt 0.984000 0.664000
vt 0.332000 0.992000
vt 0.756000 0.924000
vt 0.756000 0.928000
vt 0.296000 0.860000
vt 0.296000 0.856000
vt 0.968000 0.564000
vt 0.976000 0.560000
vt 0.972000 0.560000
vt 0.992000 0.428000
vt 0.804000 0.972000
vt 0.808000 0.972000
vt 0.980000 0.224000
vt 0.328000 0.972000
vt 0.332000 0.968000
vt 0.540000 0.960000
vt 0.544000 0.956000
vt 0.536000 0.960000
vt 0.984000 0.880000
vt 0.980000 0.880000
vt 0.432000 0.976000
vt 0.424000 0.976000
vt 0.692000 0.968000
vt 0.708000 0.972000
vt 0.972000 0.968000
vt 0.964000 0.972000
vt 0.964000 0.968000
vt 0.984000 0.676000
vt 0.980000 0.676000
vt 0.992000 0.540000
vt 0.768000 0.472000
vt 0.704000 0.456000
vt 0.768000 0.456000
vt 0.508000 0.968000
vt 0.968000 0.724000
vt 0.840000 0.888000
vt 0.836000 0.896000
vt 0.840000 0.892000
vt 0.268000 0.984000
vt 0.652000 0.976000
vt 0.644000 0.976000
vt 0.312000 0.972000
vt 0.316000 0.968000
vt 0.308000 0.976000
vt 0.304000 0.568000
vt 0.828000 0.992000
vt 0.960000 0.824000
vt 0.048000 0.964000
vt 0.048000 0.968000
vt 0.208000 0.988000
vt 0.204000 0.992000
vt 0.204000 0.988000
vt 0.836000 0.160000
vt 0.952000 0.840000
vt 0.960000 0.840000
vt 0.984000 0.928000
vt 0.980000 0.928000
vt 0.980000 0.344000
vt 0.804000 0.992000
vt 0.968000 0.844000
vt 0.972000 0.856000
vt 0.972000 0.844000
vt 0.304000 0.984000
vt 0.956000 0.048000
vt 0.952000 0.048000
vt 0.948000 0.040000
vt 0.312000 0.952000
vt 0.312000 0.960000
vt 0.624000 0.956000
vt 0.624000 0.952000
vt 0.628000 0.956000
vt 0.560000 0.976000
vt 0.488000 0.952000
vt 0.484000 0.960000
vt 0.480000 0.956000
vt 0.928000 0.176000
vt 0.924000 0.168000
vt 0.924000 0.180000
vt 0.216000 0.992000
vt 0.296000 0.940000
vt 0.300000 0.944000
vt 0.296000 0.952000
vt 0.308000 0.944000
vt 0.308000 0.948000
vt 0.304000 0.948000
vt 0.972000 0.104000
vt 0.644000 0.992000
vt 0.792000 0.452000
vt 0.784000 0.456000
vt 0.964000 0.524000
vt 0.968000 0.528000
vt 0.320000 0.904000
vt 0.316000 0.904000
vt 0.812000 0.976000
vt 0.816000 0.968000
vt 0.812000 0.968000
vt 0.992000 0.628000
vt 0.956000 0.868000
vt 0.960000 0.860000
vt 0.956000 0.864000
vt 0.752000 0.992000
vt 0.044000 0.984000
vt 0.976000 0.764000
vt 0.916000 0.936000
vt 0.916000 0.940000
vt 0.976000 0.340000
vt 0.996000 0.292000
vt 0.992000 0.292000
vt 0.976000 0.984000
vt 0.312000 0.860000
vt 0.172000 0.868000
vt 0.192000 0.868000
vt 0.544000 0.992000
vt 0.608000 0.624000
vt 0.320000 0.624000
vt 0.968000 0.368000
vt 0.964000 0.368000
vt 0.960000 0.948000
vt 0.760000 0.952000
vt 0.764000 0.956000
vt 0.768000 0.952000
vt 0.736000 0.992000
vt 0.736000 0.988000
vt 0.184000 0.972000
vt 0.740000 0.972000
vt 0.980000 0.276000
vt 0.520000 0.956000
vt 0.984000 0.724000
vt 0.236000 0.992000
vt 0.996000 0.296000
vt 0.708000 0.944000
vt 0.708000 0.940000
vt 0.284000 0.992000
vt 0.976000 0.756000
vt 0.912000 0.992000
vt 0.996000 0.116000
vt 0.864000 0.964000
vt 0.868000 0.964000
vt 0.864000 0.968000
vt 0.628000 0.992000
vt 0.948000 0.748000
vt 0.472000 0.904000
vt 0.948000 0.200000
vt 0.948000 0.196000
vt 0.300000 0.932000
vt 0.240000 0.920000
vt 0.952000 0.980000
vt 0.972000 0.512000
vt 0.976000 0.512000
vt 0.316000 0.940000
vt 0.312000 0.944000
vt 0.988000 0.772000
vt 0.992000 0.768000
vt 0.764000 0.968000
vt 0.940000 0.500000
vt 0.944000 0.504000
vt 0.944000 0.500000
vt 0.968000 0.928000
vt 0.312000 0.992000
vt 0.312000 0.988000
vt 0.252000 0.968000
vt 0.984000 0.492000
vt 0.632000 0.940000
vt 0.572000 0.932000
vt 0.572000 0.940000
vt 0.988000 0.856000
vt 0.992000 0.860000
vt 0.992000 0.856000
vt 0.944000 0.604000
vt 0.952000 0.604000
vt 0.944000 0.608000
vt 0.452000 0.980000
vt 0.972000 0.620000
vt 0.964000 0.624000
vt 0.960000 0.628000
vt 0.992000 0.792000
vt 0.976000 0.360000
vt 0.976000 0.864000
vt 0.976000 0.868000
vt 0.872000 0.980000
vt 0.992000 0.144000
vt 0.576000 0.972000
vt 0.572000 0.976000
vt 0.924000 0.008000
vt 0.936000 0.012000
vt 0.928000 0.016000
vt 0.956000 0.556000
vt 0.952000 0.508000
vt 0.952000 0.556000
vt 0.732000 0.972000
vt 0.728000 0.972000
vt 0.724000 0.976000
vt 0.324000 0.004000
vt 0.636000 0.156000
vt 0.636000 0.004000
vt 0.004000 0.720000
vt -0.000000 0.712000
vt 0.004000 0.832000
vt 0.440000 0.964000
vt 0.432000 0.968000
vt 0.988000 0.332000
vt 0.980000 0.176000
vt 0.664000 0.972000
vt 0.184000 0.988000
vt 0.380000 0.912000
vt 0.376000 0.908000
vt 0.372000 0.904000
vt 0.992000 0.480000
vt 0.992000 0.476000
vt 0.024000 0.964000
vt 0.072000 0.984000
vt 0.064000 0.980000
vt 0.248000 0.992000
vt 0.252000 0.988000
vt 0.168000 0.980000
vt 0.984000 0.536000
vt 0.984000 0.528000
vt 0.168000 0.992000
vt 0.172000 0.992000
vt 0.996000 0.304000
vt 0.992000 0.652000
vt 0.988000 0.652000
vt 0.988000 0.776000
vt 0.992000 0.772000
vt 0.984000 0.800000
vt 0.984000 0.796000
vt 0.972000 0.360000
vt 0.996000 0.140000
vt 0.584000 0.972000
vt 0.580000 0.968000
vt 0.280000 0.968000
vt 0.208000 0.984000
vt 0.024000 0.944000
vt 0.028000 0.948000
vt 0.024000 0.948000
vt 0.960000 0.908000
vt 0.960000 0.912000
vt 0.956000 0.912000
vt 0.284000 0.972000
vt 0.612000 0.960000
vt 0.616000 0.956000
vt 0.492000 0.992000
vt 0.492000 0.988000
vt 0.992000 0.464000
vt 0.988000 0.468000
vt 0.988000 0.464000
vt 0.984000 0.856000
vt 0.984000 0.852000
vt 0.988000 0.060000
vt 0.704000 0.980000
vt 0.944000 0.308000
vt 0.944000 0.244000
vt 0.476000 0.992000
vt 0.964000 0.052000
vt 0.964000 0.056000
vt 0.984000 0.860000
vt 0.852000 0.252000
vt 0.856000 0.252000
vt 0.856000 0.256000
vt 0.924000 0.748000
vt 0.920000 0.752000
vt 0.892000 0.736000
vt 0.888000 0.732000
vt 0.888000 0.720000
vt 0.052000 0.972000
vt 0.056000 0.972000
vt 0.456000 0.972000
vt 0.456000 0.964000
vt 0.952000 0.448000
vt 0.988000 0.708000
vt 0.992000 0.704000
vt 0.988000 0.704000
vt 0.988000 0.276000
vt 0.964000 0.612000
vt 0.968000 0.620000
vt 0.976000 0.436000
vt 0.976000 0.432000
vt 0.952000 0.312000
vt 0.956000 0.312000
vt 0.960000 0.316000
vt 0.996000 0.288000
vt 0.888000 0.952000
vt 0.880000 0.952000
vt 0.012000 0.984000
vt 0.012000 0.980000
vt 0.000000 0.984000
vt 0.980000 0.784000
vt 0.992000 0.536000
vt 0.984000 0.736000
vt 0.984000 0.732000
vt 0.984000 0.184000
vt 0.416000 0.988000
vt 0.168000 0.984000
vt 0.172000 0.984000
vt 0.492000 0.948000
vt 0.492000 0.944000
vt 0.960000 0.764000
vt 0.956000 0.768000
vt 0.312000 0.980000
vt 0.308000 0.980000
vt 0.868000 0.980000
vt 0.976000 0.040000
vt 0.968000 0.044000
vt 0.972000 0.044000
vt 0.996000 0.104000
vt 0.752000 0.968000
vt 0.856000 0.452000
vt 0.956000 0.604000
vt 0.956000 0.612000
vt 0.968000 0.876000
vt 0.972000 0.876000
vt 0.996000 0.108000
vt 0.996000 0.136000
vt 0.268000 0.116000
vt 0.276000 0.112000
vt 0.288000 0.112000
vt 0.372000 0.960000
vt 0.352000 0.960000
vt 0.636000 0.944000
vt 0.464000 0.916000
vt 0.464000 0.908000
vt 0.468000 0.912000
vt 0.920000 0.508000
vt 0.928000 0.504000
vt 0.932000 0.504000
vt 0.668000 0.992000
vt 0.852000 0.976000
vt 0.852000 0.972000
vt 0.788000 0.992000
vt 0.784000 0.992000
vt 0.996000 0.340000
vt 0.056000 0.976000
vt 0.048000 0.976000
vt 0.512000 0.980000
vt 0.516000 0.980000
vt 0.656000 0.980000
vt 0.652000 0.980000
vt 0.984000 0.224000
vt 0.996000 0.220000
vt 0.536000 0.976000
vt 0.536000 0.964000
vt 0.972000 0.584000
vt 0.524000 0.960000
vt 0.520000 0.960000
vt 0.512000 0.964000
vt 0.212000 0.952000
vt 0.232000 0.960000
vt 0.108000 0.936000
vt 0.104000 0.940000
vt 0.104000 0.936000
vt 0.516000 0.940000
vt 0.516000 0.944000
vt 0.536000 0.936000
vt 0.356000 0.968000
vt 0.356000 0.972000
vt 0.624000 0.980000
vt 0.620000 0.984000
vt 0.572000 0.936000
vt 0.420000 0.932000
vt 0.420000 0.936000
vt 0.972000 0.304000
vt 0.968000 0.300000
vt 0.976000 0.304000
vt 0.364000 0.980000
vt 0.440000 0.952000
vt 0.452000 0.956000
vt 0.444000 0.956000
vt 0.972000 0.980000
vt 0.976000 0.980000
vt 0.984000 0.008000
vt 0.380000 0.968000
vt 0.384000 0.972000
vt 0.992000 0.720000
vt 0.988000 0.720000
vt 0.068000 0.948000
vt 0.068000 0.956000
vt 0.072000 0.952000
vt 0.988000 0.492000
vt 0.968000 0.028000
vt 0.960000 0.028000
vt 0.956000 0.032000
vt 0.996000 0.168000
vt 0.980000 0.208000
vt 0.976000 0.256000
vt 0.972000 0.244000
vt 0.564000 0.532000
vt 0.560000 0.520000
vt 0.580000 0.524000
vt 0.524000 0.968000
vt 0.392000 0.988000
vt 0.240000 0.972000
vt 0.984000 0.680000
vt 0.972000 0.688000
vt 0.976000 0.972000
vt 0.972000 0.976000
vt 0.972000 0.972000
vt 0.964000 0.640000
vt 0.956000 0.636000
vt 0.268000 0.936000
vt 0.424000 0.876000
vt 0.448000 0.880000
vt 0.452000 0.904000
vt 0.460000 0.956000
vt 0.452000 0.952000
vt 0.456000 0.956000
vt 0.972000 0.692000
vt 0.968000 0.692000
vt 0.976000 0.428000
vt 0.992000 0.168000
vt 0.916000 0.976000
vt 0.908000 0.976000
vt 0.344000 0.992000
vt 0.344000 0.988000
vt 0.416000 0.976000
vt 0.416000 0.972000
vt 0.984000 0.336000
vt 0.984000 0.344000
vt 0.640000 0.992000
vt 0.984000 0.760000
vt 0.980000 0.760000
vt 0.984000 0.488000
vt 0.448000 0.992000
vt 0.444000 0.992000
vt 0.944000 0.512000
vt 0.916000 0.516000
vt 0.916000 0.512000
vt 0.844000 0.980000
vt 0.976000 0.464000
vt 0.308000 0.992000
vt 0.580000 0.992000
vt 0.460000 0.900000
vt 0.464000 0.896000
vt 0.460000 0.896000
vt 0.316000 0.980000
vt 0.984000 0.844000
vt 0.992000 0.648000
vt 0.988000 0.648000
vt 0.984000 0.608000
vt 0.984000 0.604000
vt 0.176000 0.944000
vt 0.208000 0.948000
vt 0.176000 0.948000
vt 0.856000 0.888000
vt 0.856000 0.884000
vt 0.860000 0.896000
vt 0.952000 0.948000
vt 0.960000 0.936000
vt 0.956000 0.940000
vt 0.172000 0.980000
vt 0.992000 0.964000
vt 0.988000 0.968000
vt 0.988000 0.964000
vt 0.976000 0.508000
vt 0.964000 0.280000
vt 0.316000 0.132000
vt 0.316000 0.112000
vt 0.320000 0.000000
vt 0.192000 0.968000
vt 0.336000 0.972000
vt 0.340000 0.972000
vt 0.340000 0.976000
vt 0.992000 0.452000
vt 0.988000 0.448000
vt 0.996000 0.284000
vt 0.536000 0.972000
vt 0.984000 0.968000
vt 0.188000 0.992000
vt 0.184000 0.992000
vt 0.180000 0.992000
vt 0.184000 0.900000
vt 0.988000 0.308000
vt 0.968000 0.968000
vt 0.972000 0.964000
vt 0.332000 0.980000
vt 0.992000 0.976000
vt 0.944000 0.396000
vt 0.944000 0.388000
vt 0.948000 0.400000
vt 0.248000 0.984000
vt 0.980000 0.924000
vt 0.916000 0.100000
vt 0.916000 0.104000
vt 0.920000 0.100000
vt 0.964000 0.344000
vt 0.964000 0.892000
vt 0.968000 0.892000
vt 0.920000 0.980000
vt 0.616000 0.892000
vt 0.620000 0.896000
vt 0.620000 0.892000
vt 0.964000 0.236000
vt 0.960000 0.228000
vt 0.140000 0.980000
vt 0.980000 0.616000
vt 0.628000 0.980000
vt 0.676000 0.984000
vt 0.972000 0.704000
vt 0.968000 0.704000
vt 0.968000 0.940000
vt 0.872000 0.936000
vt 0.760000 0.940000
vt 0.872000 0.940000
vt 0.972000 0.164000
vt 0.940000 0.244000
vt 0.956000 0.760000
vt 0.956000 0.756000
vt 0.636000 0.952000
vt 0.640000 0.948000
vt 0.656000 0.952000
vt 0.084000 0.932000
vt 0.096000 0.928000
vt 0.716000 0.944000
vt 0.720000 0.944000
vt 0.716000 0.948000
vt 0.976000 0.388000
vt 0.748000 0.952000
vt 0.744000 0.952000
vt 0.992000 0.604000
vt 0.228000 0.972000
vt 0.960000 0.220000
vt 0.976000 0.664000
vt 0.748000 0.992000
vt 0.924000 0.948000
vt 0.932000 0.944000
vt 0.944000 0.948000
vt 0.636000 0.956000
vt 0.964000 0.784000
vt 0.960000 0.784000
vt 0.320000 0.476000
vt 0.328000 0.536000
vt 0.328000 0.548000
vt 0.968000 0.584000
vt 0.968000 0.080000
vt 0.956000 0.404000
vt 0.960000 0.408000
vt 0.960000 0.404000
vt 0.968000 0.836000
vt 0.820000 0.756000
vt 0.824000 0.752000
vt 0.812000 0.756000
vt 0.988000 0.700000
vt 0.444000 0.976000
vt 0.444000 0.972000
vt 0.936000 0.256000
vt 0.940000 0.256000
vt 0.996000 0.012000
vt 0.992000 0.012000
vt 0.976000 0.268000
vt 0.800000 0.992000
vt 0.952000 0.884000
vt 0.956000 0.884000
vt 0.960000 0.880000
vt 0.292000 0.972000
vt 0.272000 0.968000
vt 0.292000 0.968000
vt 0.956000 0.596000
vt 0.952000 0.600000
vt 0.956000 0.592000
vt 0.592000 0.980000
vt 0.992000 0.708000
vt 0.548000 0.956000
vt 0.548000 0.952000
vt 0.552000 0.952000
vt 0.996000 0.188000
vt 0.844000 0.988000
vt 0.988000 0.644000
vt 0.844000 0.992000
vt 0.644000 0.256000
vt 0.640000 0.000000
vt 0.644000 0.252000
vt 0.932000 0.660000
vt 0.960000 0.036000
vt 0.436000 0.972000
vt 0.436000 0.976000
vt 0.116000 0.956000
vt 0.120000 0.952000
vt 0.612000 0.992000
vt 0.972000 0.268000
vt 0.972000 0.256000
vt 0.824000 0.992000
vt 0.940000 0.208000
vt 0.944000 0.208000
vt 0.992000 0.552000
vt 0.992000 0.548000
vt 0.516000 0.972000
vt 0.512000 0.972000
vt 0.972000 0.568000
vt 0.968000 0.572000
vt 0.996000 0.268000
vt 0.840000 0.992000
vt 0.996000 0.128000
vt 0.992000 0.568000
vt 0.960000 0.000000
vt 0.956000 0.024000
vt 0.956000 0.000000
vt 0.876000 0.716000
vt 0.892000 0.716000
vt 0.936000 0.788000
vt 0.940000 0.724000
vt 0.964000 0.452000
vt 0.992000 0.852000
vt 0.988000 0.852000
vt 0.988000 0.892000
vt 0.936000 0.992000
vt 0.680000 0.980000
vt 0.684000 0.984000
vt 0.680000 0.984000
vt 0.968000 0.152000
vt 0.968000 0.128000
vt 0.888000 0.160000
vt 0.912000 0.160000
vt 0.028000 0.992000
vt 0.112000 0.960000
vt 0.268000 0.964000
vt 0.268000 0.960000
vt 0.988000 0.360000
vt 0.992000 0.776000
vt 0.984000 0.792000
vt 0.280000 0.992000
vt 0.280000 0.988000
vt 0.888000 0.992000
vt 0.992000 0.968000
vt 0.940000 0.788000
vt 0.944000 0.724000
vt 0.976000 0.496000
vt 0.964000 0.196000
vt 0.968000 0.200000
vt 0.684000 0.976000
vt 0.584000 0.984000
vt 0.392000 0.992000
vt 0.812000 0.964000
vt 0.788000 0.964000
vt 0.936000 0.224000
vt 0.996000 0.000000
vt 0.992000 0.000000
vt 0.988000 0.452000
vt 0.876000 0.728000
vt 0.872000 0.720000
vt 0.876000 0.720000
vt 0.980000 0.568000
vt 0.984000 0.572000
vt 0.992000 0.892000
vt 0.908000 0.992000
vt 0.968000 0.104000
vt 0.900000 0.976000
vt 0.984000 0.080000
vt 0.744000 0.984000
vt 0.372000 0.952000
vt 0.392000 0.960000
vt 0.988000 0.484000
vt 0.988000 0.480000
vt 0.996000 0.064000
vt 0.552000 0.992000
vt 0.628000 0.964000
vt 0.632000 0.968000
vt 0.632000 0.960000
vt 0.596000 0.960000
vt 0.588000 0.964000
vt 0.592000 0.960000
vt 0.924000 0.852000
vt 0.920000 0.856000
vt 0.920000 0.860000
vt 0.820000 0.732000
vt 0.820000 0.728000
vt 0.824000 0.736000
vt 0.976000 0.444000
vt 0.964000 0.740000
vt 0.956000 0.752000
vt 0.984000 0.772000
vt 0.000000 0.880000
vt 0.968000 0.244000
vt 0.980000 0.084000
vt 0.976000 0.088000
vt 0.984000 0.588000
vt 0.272000 0.980000
vt 0.952000 0.916000
vt 0.956000 0.892000
vt 0.952000 0.892000
vt 0.164000 0.992000
vt 0.352000 0.964000
vt 0.328000 0.980000
vt 0.940000 0.068000
vt 0.936000 0.056000
vt 0.940000 0.064000
vt 0.920000 0.976000
vt 0.924000 0.976000
vt 0.928000 0.308000
vt 0.920000 0.320000
vt 0.924000 0.324000
vt 0.992000 0.424000
vt 0.988000 0.236000
vt 0.992000 0.236000
vt 0.952000 0.344000
vt 0.460000 0.968000
vt 0.464000 0.964000
vt 0.972000 0.740000
vt 0.988000 0.860000
vt 0.912000 0.004000
vt 0.908000 0.000000
vt 0.912000 0.008000
vt 0.632000 0.944000
vt 0.676000 0.980000
vt 0.252000 0.972000
vt 0.760000 0.916000
vt 0.820000 0.932000
vt 0.296000 0.704000
vt 0.304000 0.712000
vt 0.944000 0.992000
vt 0.992000 0.960000
vt 0.988000 0.960000
vt 0.652000 0.992000
vt 0.644000 0.284000
vt 0.792000 0.292000
vt 0.792000 0.284000
vt 0.984000 0.900000
vt 0.960000 0.392000
vt 0.488000 0.972000
vt 0.492000 0.968000
vt 0.484000 0.968000
vt 0.988000 0.000000
vt 0.656000 0.948000
vt 0.672000 0.948000
vt 0.524000 0.992000
vt 0.992000 0.936000
vt 0.108000 0.944000
vt 0.104000 0.944000
vt 0.104000 0.948000
vt 0.964000 0.636000
vt 0.964000 0.632000
vt 0.976000 0.872000
vt 0.972000 0.860000
vt 0.980000 0.048000
vt 0.984000 0.048000
vt 0.092000 0.992000
vt 0.956000 0.300000
vt 0.960000 0.304000
vt 0.972000 0.336000
vt 0.992000 0.492000
vt 0.296000 0.972000
vt 0.292000 0.976000
vt 0.464000 0.952000
vt 0.468000 0.956000
vt 0.472000 0.956000
vt 0.404000 0.964000
vt 0.392000 0.964000
vt 0.924000 0.268000
vt 0.928000 0.272000
vt 0.924000 0.264000
vt 0.196000 0.964000
vt 0.948000 0.404000
vt 0.568000 0.952000
vt 0.564000 0.956000
vt 0.568000 0.960000
vt 0.980000 0.060000
vt 0.256000 0.940000
vt 0.256000 0.936000
vt 0.968000 0.316000
vt 0.824000 0.248000
vt 0.828000 0.232000
vt 0.828000 0.248000
vt 0.812000 0.264000
vt 0.816000 0.264000
vt 0.808000 0.280000
vt 0.752000 0.972000
vt 0.740000 0.968000
vt 0.984000 0.280000
vt 0.984000 0.276000
vt 0.068000 0.992000
vt 0.828000 0.720000
vt 0.824000 0.720000
vt 0.312000 0.916000
vt 0.316000 0.920000
vt 0.000000 0.568000
vt 0.008000 0.704000
vt 0.912000 0.824000
vt 0.912000 0.820000
vt 0.896000 0.836000
vt 0.240000 0.992000
vt 0.940000 0.008000
vt 0.936000 0.008000
vt 0.944000 0.000000
vt 0.328000 0.964000
vt 0.464000 0.980000
vt 0.032000 0.396000
vt 0.044000 0.392000
vt 0.032000 0.384000
vt 0.020000 0.960000
vt 0.000000 0.952000
vt 0.992000 0.684000
vt 0.720000 0.956000
vt 0.716000 0.952000
vt 0.968000 0.868000
vt 0.968000 0.856000
vt 0.016000 0.976000
vt 0.008000 0.976000
vt 0.540000 0.992000
vt 0.992000 0.468000
vt 0.980000 0.608000
vt 0.956000 0.208000
vt 0.952000 0.212000
vt 0.952000 0.208000
vt 0.960000 0.956000
vt 0.952000 0.956000
vt 0.872000 0.964000
vt 0.988000 0.500000
vt 0.988000 0.504000
vt 0.960000 0.344000
vt 0.964000 0.284000
vt 0.960000 0.292000
vt 0.964000 0.288000
vt 0.940000 0.048000
vt 0.940000 0.044000
vt 0.936000 0.048000
vt 0.952000 0.748000
vt 0.500000 0.992000
vt 0.244000 0.964000
vt 0.980000 0.548000
vt 0.024000 0.968000
vt 0.388000 0.992000
vt 0.996000 0.088000
vt 0.960000 0.716000
vt 0.956000 0.560000
vt 0.960000 0.564000
vt 0.956000 0.564000
vt 0.968000 0.980000
vt 0.964000 0.980000
vt 0.124000 0.956000
vt 0.128000 0.956000
vt 0.924000 0.488000
vt 0.928000 0.488000
vt 0.920000 0.492000
vt 0.236000 0.984000
vt 0.980000 0.576000
vt 0.984000 0.576000
vt 0.948000 0.592000
vt 0.948000 0.596000
vt 0.944000 0.596000
vt 0.496000 0.984000
vt 0.288000 0.980000
vt 0.992000 0.844000
vt 0.988000 0.848000
vt 0.996000 0.164000
vt 0.972000 0.320000
vt 0.840000 0.920000
vt 0.832000 0.920000
vt 0.832000 0.960000
vt 0.832000 0.964000
vt 0.828000 0.968000
vt 0.856000 0.560000
vt 0.888000 0.980000
vt 0.996000 0.112000
vt 0.916000 0.992000
vt 0.940000 0.400000
vt 0.940000 0.404000
vt 0.980000 0.840000
vt 0.984000 0.840000
vt 0.920000 0.252000
vt 0.916000 0.252000
vt 0.920000 0.248000
vt 0.976000 0.804000
vt 0.988000 0.552000
vt 0.544000 0.832000
vt 0.532000 0.836000
vt 0.528000 0.836000
vt 0.344000 0.980000
vt 0.972000 0.184000
vt 0.968000 0.164000
vt 0.684000 0.980000
vt 0.960000 0.020000
vt 0.964000 0.024000
vt 0.960000 0.024000
vt 0.980000 0.496000
vt 0.984000 0.496000
vt 0.984000 0.176000
vt 0.984000 0.172000
vt 0.564000 0.960000
vt 0.560000 0.960000
vt 0.984000 0.472000
vt 0.980000 0.464000
vt 0.984000 0.464000
vt 0.912000 0.968000
vt 0.212000 0.960000
vt 0.192000 0.952000
vt 0.780000 0.432000
vt 0.780000 0.424000
vt 0.784000 0.420000
vt 0.308000 0.924000
vt 0.812000 0.972000
vt 0.964000 0.816000
vt 0.640000 0.320000
vt 0.328000 0.312000
vt 0.632000 0.312000
vt 0.092000 0.956000
vt 0.100000 0.960000
vt 0.096000 0.960000
vt 0.920000 0.076000
vt 0.920000 0.080000
vt 0.916000 0.072000
vt 0.924000 0.952000
vt 0.900000 0.944000
vt 0.900000 0.952000
vt 0.984000 0.752000
vt 0.984000 0.748000
vt 0.976000 0.964000
vt 0.976000 0.952000
vt 0.980000 0.264000
vt 0.160000 0.956000
vt 0.968000 0.916000
vt 0.996000 0.184000
vt 0.992000 0.660000
vt 0.980000 0.984000
vt 0.328000 0.168000
vt 0.320000 0.160000
vt 0.640000 0.160000
vt 0.968000 0.732000
vt 0.972000 0.312000
vt 0.976000 0.084000
vt 0.980000 0.860000
vt 0.964000 0.568000
vt 0.956000 0.576000
vt 0.292000 0.980000
vt 0.984000 0.236000
vt 0.920000 0.376000
vt 0.920000 0.380000
vt 0.900000 0.384000
vt 0.948000 0.916000
vt 0.944000 0.928000
vt 0.944000 0.924000
vt 0.944000 0.480000
vt 0.940000 0.460000
vt 0.940000 0.480000
vt 0.768000 0.992000
vt 0.792000 0.404000
vt 0.788000 0.424000
vt 0.988000 0.260000
vt 0.624000 0.628000
vt 0.988000 0.620000
vt 0.252000 0.992000
vt 0.988000 0.784000
vt 0.404000 0.968000
vt 0.412000 0.964000
vt 0.408000 0.968000
vt 0.432000 0.972000
vt 0.984000 0.544000
vt 0.892000 0.960000
vt 0.896000 0.960000
vt 0.676000 0.992000
vt 0.464000 0.880000
vt 0.468000 0.888000
vt 0.460000 0.876000
vt 0.996000 0.068000
vt 0.960000 0.800000
vt 0.960000 0.808000
vt 0.964000 0.812000
vt 0.644000 0.292000
vt 0.640000 0.404000
vt 0.080000 0.960000
vt 0.092000 0.964000
vt 0.076000 0.964000
vt 0.992000 0.800000
vt 0.996000 0.044000
vt 0.728000 0.992000
vt 0.288000 0.972000
vt 0.956000 0.064000
vt 0.960000 0.068000
vt 0.964000 0.068000
vt 0.340000 0.992000
vt 0.752000 0.980000
vt 0.964000 0.864000
vt 0.964000 0.860000
vt 0.996000 0.144000
vt 0.308000 0.884000
vt 0.312000 0.888000
vt 0.308000 0.896000
vt 0.376000 0.972000
vt 0.316000 0.972000
vt 0.320000 0.972000
vt 0.956000 0.692000
vt 0.960000 0.692000
vt 0.964000 0.696000
vt 0.844000 0.976000
vt 0.036000 0.992000
vt 0.032000 0.992000
vt 0.988000 0.304000
vt 0.492000 0.964000
vt 0.492000 0.952000
vt 0.920000 0.972000
vt 0.916000 0.972000
vt 0.208000 0.944000
vt 0.984000 0.104000
vt 0.992000 0.948000
vt 0.976000 0.156000
vt 0.656000 0.992000
vt 0.992000 0.924000
vt 0.524000 0.980000
vt 0.920000 0.956000
vt 0.992000 0.848000
vt 0.992000 0.956000
vt 0.992000 0.832000
vt 0.720000 0.972000
vt 0.720000 0.976000
vt 0.472000 0.876000
vt 0.960000 0.652000
vt 0.924000 0.844000
vt 0.916000 0.844000
vt 0.916000 0.848000
vt 0.976000 0.912000
vt 0.948000 0.580000
vt 0.952000 0.520000
vt 0.024000 0.976000
vt 0.012000 0.972000
vt 0.984000 0.836000
vt 0.412000 0.968000
vt 0.772000 0.972000
vt 0.764000 0.976000
vt 0.940000 0.720000
vt 0.936000 0.708000
vt 0.940000 0.708000
vt 0.936000 0.252000
vt 0.932000 0.256000
vt 0.292000 0.952000
vt 0.472000 0.932000
vt 0.616000 0.992000
vt 0.568000 0.992000
vt 0.956000 0.152000
vt 0.960000 0.144000
vt 0.952000 0.148000
vt 0.956000 0.140000
vt 0.556000 0.880000
vt 0.556000 0.896000
vt 0.536000 0.896000
vt 0.568000 0.876000
vt 0.568000 0.880000
vt 0.564000 0.888000
vt 0.560000 0.888000
vt 0.800000 0.952000
vt 0.800000 0.956000
vt 0.796000 0.956000
vt 0.812000 0.948000
vt 0.808000 0.948000
vt 0.992000 0.432000
vt 0.928000 0.340000
vt 0.936000 0.344000
vt 0.940000 0.344000
vt 0.932000 0.332000
vt 0.920000 0.332000
vt 0.924000 0.340000
vt 0.924000 0.336000
vt 0.940000 0.336000
vt 0.452000 0.976000
vt 0.712000 0.948000
vt 0.420000 0.992000
vt 0.496000 0.956000
vt 0.516000 0.948000
vt 0.992000 0.748000
vt 0.496000 0.960000
vt 0.504000 0.960000
vt 0.508000 0.964000
vt 0.956000 0.900000
vt 0.960000 0.892000
vt 0.964000 0.896000
vt 0.960000 0.904000
vt 0.960000 0.752000
vt 0.960000 0.128000
vt 0.956000 0.124000
vt 0.964000 0.140000
vt 0.932000 0.128000
vt 0.932000 0.124000
vt 0.928000 0.120000
vt 0.908000 0.120000
vt 0.928000 0.132000
vt 0.992000 0.884000
vt 0.360000 0.976000
vt 0.948000 0.456000
vt 0.872000 0.992000
vt 0.936000 0.316000
vt 0.952000 0.296000
vt 0.964000 0.296000
vt 0.820000 0.168000
vt 0.820000 0.172000
vt 0.816000 0.172000
vt 0.816000 0.176000
vt 0.808000 0.172000
vt 0.808000 0.168000
vt 0.812000 0.168000
vt 0.812000 0.164000
vt 0.820000 0.164000
vt 0.844000 0.172000
vt 0.840000 0.172000
vt 0.840000 0.168000
vt 0.820000 0.160000
vt 0.840000 0.160000
vt 0.840000 0.164000
vt 0.848000 0.164000
vt 0.848000 0.168000
vt 0.848000 0.176000
vt 0.844000 0.176000
vt 0.852000 0.168000
vt 0.852000 0.172000
vt 0.852000 0.180000
vt 0.848000 0.180000
vt 0.856000 0.172000
vt 0.856000 0.180000
vt 0.860000 0.180000
vt 0.860000 0.204000
vt 0.848000 0.204000
vt 0.848000 0.200000
vt 0.852000 0.200000
vt 0.856000 0.204000
vt 0.856000 0.212000
vt 0.852000 0.212000
vt 0.852000 0.216000
vt 0.848000 0.216000
vt 0.848000 0.220000
vt 0.840000 0.220000
vt 0.840000 0.224000
vt 0.820000 0.224000
vt 0.820000 0.220000
vt 0.812000 0.220000
vt 0.808000 0.216000
vt 0.808000 0.212000
vt 0.844000 0.208000
vt 0.844000 0.204000
vt 0.840000 0.212000
vt 0.840000 0.208000
vt 0.820000 0.208000
vt 0.820000 0.212000
vt 0.816000 0.204000
vt 0.808000 0.200000
vt 0.812000 0.200000
vt 0.800000 0.180000
vt 0.804000 0.204000
vt 0.800000 0.204000
vt 0.804000 0.212000
vt 0.972000 0.052000
vt 0.976000 0.056000
vt 0.952000 0.404000
vt 0.988000 0.324000
vt 0.984000 0.816000
vt 0.900000 0.992000
vt 0.952000 0.616000
vt 0.952000 0.632000
vt 0.924000 0.928000
vt 0.968000 0.280000
vt 0.972000 0.276000
vt 0.984000 0.412000
vt 0.964000 0.444000
vt 0.968000 0.448000
vt 0.696000 0.976000
vt 0.156000 0.840000
vt 0.188000 0.840000
vt 0.188000 0.844000
vt 0.216000 0.844000
vt 0.216000 0.848000
vt 0.232000 0.848000
vt 0.224000 0.852000
vt 0.224000 0.856000
vt 0.128000 0.836000
vt 0.156000 0.836000
vt 0.104000 0.832000
vt 0.128000 0.832000
vt 0.076000 0.840000
vt 0.076000 0.836000
vt 0.104000 0.836000
vt 0.044000 0.844000
vt 0.044000 0.840000
vt 0.172000 0.860000
vt 0.060000 0.860000
vt 0.060000 0.856000
vt 0.008000 0.856000
vt 0.016000 0.844000
vt 0.000000 0.852000
vt 0.000000 0.848000
vt 0.964000 0.152000
vt 0.980000 0.108000
vt 0.792000 0.440000
vt 0.792000 0.448000
vt 0.788000 0.452000
vt 0.612000 0.620000
vt 0.612000 0.616000
vt 0.616000 0.616000
vt 0.616000 0.620000
vt 0.608000 0.620000
vt 0.424000 0.512000
vt 0.392000 0.512000
vt 0.412000 0.528000
vt 0.412000 0.524000
vt 0.424000 0.524000
vt 0.380000 0.564000
vt 0.392000 0.528000
vt 0.384000 0.568000
vt 0.380000 0.568000
vt 0.388000 0.572000
vt 0.384000 0.572000
vt 0.392000 0.580000
vt 0.388000 0.580000
vt 0.388000 0.612000
vt 0.388000 0.604000
vt 0.392000 0.604000
vt 0.384000 0.616000
vt 0.384000 0.612000
vt 0.380000 0.620000
vt 0.380000 0.616000
vt 0.372000 0.624000
vt 0.372000 0.620000
vt 0.492000 0.620000
vt 0.492000 0.624000
vt 0.472000 0.616000
vt 0.480000 0.616000
vt 0.480000 0.620000
vt 0.468000 0.612000
vt 0.472000 0.612000
vt 0.460000 0.608000
vt 0.468000 0.608000
vt 0.456000 0.604000
vt 0.460000 0.604000
vt 0.452000 0.600000
vt 0.456000 0.600000
vt 0.448000 0.596000
vt 0.452000 0.596000
vt 0.444000 0.592000
vt 0.448000 0.592000
vt 0.440000 0.588000
vt 0.444000 0.588000
vt 0.436000 0.584000
vt 0.440000 0.584000
vt 0.444000 0.544000
vt 0.444000 0.580000
vt 0.436000 0.580000
vt 0.452000 0.528000
vt 0.452000 0.544000
vt 0.456000 0.524000
vt 0.456000 0.528000
vt 0.488000 0.496000
vt 0.508000 0.496000
vt 0.468000 0.540000
vt 0.464000 0.540000
vt 0.464000 0.552000
vt 0.464000 0.548000
vt 0.468000 0.548000
vt 0.468000 0.552000
vt 0.464000 0.564000
vt 0.464000 0.560000
vt 0.468000 0.560000
vt 0.468000 0.564000
vt 0.504000 0.572000
vt 0.468000 0.572000
vt 0.520000 0.576000
vt 0.504000 0.576000
vt 0.528000 0.568000
vt 0.528000 0.572000
vt 0.520000 0.572000
vt 0.532000 0.560000
vt 0.532000 0.568000
vt 0.524000 0.552000
vt 0.528000 0.552000
vt 0.528000 0.560000
vt 0.632000 0.624000
vt 0.620000 0.620000
vt 0.620000 0.608000
vt 0.624000 0.608000
vt 0.624000 0.588000
vt 0.616000 0.588000
vt 0.616000 0.584000
vt 0.632000 0.476000
vt 0.608000 0.584000
vt 0.608000 0.588000
vt 0.604000 0.588000
vt 0.604000 0.592000
vt 0.600000 0.592000
vt 0.600000 0.584000
vt 0.604000 0.584000
vt 0.604000 0.576000
vt 0.608000 0.576000
vt 0.608000 0.556000
vt 0.604000 0.556000
vt 0.604000 0.548000
vt 0.520000 0.548000
vt 0.524000 0.548000
vt 0.524000 0.528000
vt 0.524000 0.532000
vt 0.520000 0.532000
vt 0.516000 0.528000
vt 0.516000 0.516000
vt 0.600000 0.548000
vt 0.600000 0.540000
vt 0.524000 0.520000
vt 0.520000 0.520000
vt 0.520000 0.516000
vt 0.592000 0.540000
vt 0.592000 0.536000
vt 0.592000 0.520000
vt 0.592000 0.516000
vt 0.596000 0.516000
vt 0.528000 0.524000
vt 0.524000 0.524000
vt 0.532000 0.532000
vt 0.528000 0.532000
vt 0.540000 0.544000
vt 0.532000 0.544000
vt 0.548000 0.548000
vt 0.540000 0.548000
vt 0.556000 0.536000
vt 0.556000 0.540000
vt 0.548000 0.540000
vt 0.596000 0.512000
vt 0.600000 0.512000
vt 0.600000 0.488000
vt 0.596000 0.488000
vt 0.596000 0.484000
vt 0.556000 0.516000
vt 0.560000 0.516000
vt 0.552000 0.512000
vt 0.556000 0.512000
vt 0.556000 0.496000
vt 0.556000 0.500000
vt 0.552000 0.500000
vt 0.576000 0.488000
vt 0.568000 0.488000
vt 0.568000 0.492000
vt 0.560000 0.496000
vt 0.900000 0.932000
vt 0.996000 0.020000
vt 0.092000 0.976000
vt 0.820000 0.628000
vt 0.820000 0.624000
vt 0.816000 0.564000
vt 0.812000 0.564000
vt 0.812000 0.560000
vt 0.792000 0.560000
vt 0.792000 0.720000
vt 0.816000 0.720000
vt 0.816000 0.656000
vt 0.820000 0.656000
vt 0.828000 0.628000
vt 0.552000 0.976000
vt 0.548000 0.976000
vt 0.544000 0.972000
vt 0.184000 0.952000
vt 0.192000 0.956000
vt 0.188000 0.960000
vt 0.172000 0.956000
vt 0.468000 0.992000
vt 0.852000 0.956000
vt 0.240000 0.960000
vt 0.924000 0.840000
vt 0.956000 0.976000
vt 0.768000 0.968000
vt 0.588000 0.992000
vt 0.964000 0.856000
vt 0.960000 0.856000
vt 0.440000 0.972000
vt 0.440000 0.968000
vt 0.444000 0.964000
vt 0.452000 0.968000
vt 0.688000 0.928000
vt 0.912000 0.364000
vt 0.912000 0.368000
vt 0.908000 0.368000
vt 0.908000 0.372000
vt 0.904000 0.372000
vt 0.904000 0.368000
vt 0.900000 0.368000
vt 0.900000 0.364000
vt 0.908000 0.364000
vt 0.908000 0.360000
vt 0.912000 0.360000
vt 0.912000 0.352000
vt 0.924000 0.344000
vt 0.928000 0.344000
vt 0.928000 0.348000
vt 0.932000 0.348000
vt 0.932000 0.352000
vt 0.924000 0.360000
vt 0.924000 0.364000
vt 0.920000 0.364000
vt 0.932000 0.368000
vt 0.928000 0.368000
vt 0.928000 0.360000
vt 0.932000 0.356000
vt 0.320000 0.472000
vt 0.320000 0.320000
vt 0.324000 0.320000
vt 0.324000 0.468000
vt 0.636000 0.320000
vt 0.640000 0.472000
vt 0.636000 0.476000
vt 0.324000 0.476000
vt 0.696000 0.932000
vt 0.696000 0.928000
vt 0.692000 0.928000
vt 0.692000 0.924000
vt 0.688000 0.920000
vt 0.696000 0.920000
vt 0.696000 0.924000
vt 0.704000 0.924000
vt 0.704000 0.920000
vt 0.712000 0.920000
vt 0.712000 0.924000
vt 0.716000 0.936000
vt 0.700000 0.936000
vt 0.716000 0.924000
vt 0.724000 0.928000
vt 0.724000 0.932000
vt 0.900000 0.132000
vt 0.256000 0.956000
vt 0.932000 0.152000
vt 0.932000 0.132000
vt 0.924000 0.140000
vt 0.928000 0.156000
vt 0.716000 0.956000
vt 0.320000 0.856000
vt 0.984000 0.936000
vt 0.964000 0.216000
vt 0.964000 0.228000
vt 0.960000 0.224000
vt 0.640000 0.956000
vt 0.652000 0.960000
vt 0.784000 0.972000
vt 0.984000 0.320000
vt 0.940000 0.348000
vt 0.948000 0.348000
vt 0.948000 0.352000
vt 0.944000 0.364000
vt 0.940000 0.364000
vt 0.940000 0.360000
vt 0.936000 0.360000
vt 0.224000 0.948000
vt 0.228000 0.952000
vt 0.248000 0.940000
vt 0.228000 0.940000
vt 0.460000 0.944000
vt 0.936000 0.600000
vt 0.012000 0.992000
vt 0.932000 0.452000
vt 0.956000 0.672000
vt 0.952000 0.680000
vt 0.956000 0.688000
vt 0.972000 0.148000
vt 0.960000 0.648000
vt 0.960000 0.656000
vt 0.956000 0.656000
vt 0.952000 0.652000
vt 0.952000 0.644000
vt 0.948000 0.956000
vt 0.944000 0.956000
vt 0.944000 0.960000
vt 0.940000 0.952000
vt 0.956000 0.104000
vt 0.956000 0.108000
vt 0.960000 0.108000
vt 0.952000 0.112000
vt 0.984000 0.684000
vt 0.812000 0.956000
vt 0.984000 0.776000
vt 0.304000 0.016000
vt 0.304000 0.028000
vt 0.300000 0.028000
vt 0.300000 0.052000
vt 0.296000 0.052000
vt 0.296000 0.076000
vt 0.292000 0.076000
vt 0.292000 0.100000
vt 0.288000 0.100000
vt 0.276000 0.108000
vt 0.260000 0.108000
vt 0.260000 0.104000
vt 0.232000 0.104000
vt 0.232000 0.100000
vt 0.200000 0.100000
vt 0.200000 0.096000
vt 0.172000 0.096000
vt 0.172000 0.092000
vt 0.148000 0.096000
vt 0.120000 0.096000
vt 0.316000 0.064000
vt 0.312000 0.064000
vt 0.312000 0.016000
vt 0.300000 0.012000
vt 0.300000 0.000000
vt 0.296000 0.028000
vt 0.296000 0.012000
vt 0.292000 0.048000
vt 0.292000 0.028000
vt 0.288000 0.068000
vt 0.288000 0.048000
vt 0.284000 0.084000
vt 0.284000 0.068000
vt 0.280000 0.096000
vt 0.280000 0.084000
vt 0.236000 0.092000
vt 0.260000 0.092000
vt 0.260000 0.096000
vt 0.212000 0.088000
vt 0.236000 0.088000
vt 0.188000 0.084000
vt 0.212000 0.084000
vt 0.164000 0.080000
vt 0.188000 0.080000
vt 0.156000 0.076000
vt 0.164000 0.076000
vt 0.132000 0.084000
vt 0.132000 0.080000
vt 0.156000 0.080000
vt 0.108000 0.084000
vt 0.084000 0.092000
vt 0.084000 0.088000
vt 0.060000 0.096000
vt 0.060000 0.092000
vt 0.036000 0.084000
vt 0.040000 0.084000
vt 0.040000 0.096000
vt 0.028000 0.100000
vt 0.032000 0.100000
vt 0.028000 0.116000
vt 0.028000 0.112000
vt 0.032000 0.112000
vt 0.004000 0.112000
vt 0.008000 0.112000
vt 0.008000 0.116000
vt 0.008000 0.016000
vt 0.008000 0.064000
vt 0.004000 0.064000
vt 0.020000 0.028000
vt 0.016000 0.028000
vt 0.016000 0.016000
vt 0.020000 0.052000
vt 0.028000 0.028000
vt 0.028000 0.048000
vt 0.020000 0.012000
vt 0.024000 0.012000
vt 0.024000 0.028000
vt -0.000000 0.000000
vt 0.020000 0.000000
vt 0.004000 0.256000
vt 0.316000 0.268000
vt 0.316000 0.256000
vt 0.312000 0.112000
vt 0.312000 0.116000
vt 0.004000 0.132000
vt 0.292000 0.116000
vt 0.216000 0.120000
vt 0.216000 0.116000
vt 0.052000 0.116000
vt 0.104000 0.116000
vt 0.104000 0.120000
vt 0.044000 0.112000
vt 0.052000 0.112000
vt 0.060000 0.104000
vt 0.060000 0.108000
vt 0.044000 0.108000
vt 0.088000 0.104000
vt 0.120000 0.100000
vt 0.316000 0.252000
vt 0.004000 0.252000
vt 0.320000 0.908000
vt 0.964000 0.076000
vt 0.964000 0.072000
vt 0.796000 0.976000
vt 0.944000 0.416000
vt 0.940000 0.416000
vt 0.940000 0.412000
vt 0.944000 0.412000
vt 0.944000 0.404000
vt 0.940000 0.424000
vt 0.940000 0.420000
vt 0.948000 0.424000
vt 0.952000 0.412000
vt 0.984000 0.592000
vt 0.388000 0.960000
vt 0.976000 0.480000
vt 0.968000 0.084000
vt 0.076000 0.992000
vt 0.020000 0.956000
vt 0.020000 0.952000
vt 0.040000 0.960000
vt 0.968000 0.112000
vt 0.964000 0.104000
vt 0.964000 0.116000
vt 0.300000 0.848000
vt 0.296000 0.848000
vt 0.304000 0.856000
vt 0.304000 0.852000
vt 0.304000 0.844000
vt 0.300000 0.844000
vt 0.308000 0.848000
vt 0.316000 0.848000
vt 0.316000 0.844000
vt 0.312000 0.844000
vt 0.976000 0.344000
vt 0.972000 0.340000
vt 0.940000 0.324000
vt 0.784000 0.900000
vt 0.108000 0.976000
vt 0.972000 0.332000
vt 0.224000 0.972000
vt 0.472000 0.940000
vt 0.476000 0.940000
vt 0.544000 0.964000
vt 0.368000 0.952000
vt 0.972000 0.548000
vt 0.892000 0.844000
vt 0.912000 0.844000
vt 0.916000 0.852000
vt 0.920000 0.852000
vt 0.916000 0.860000
vt 0.912000 0.860000
vt 0.892000 0.848000
vt 0.912000 0.856000
vt 0.908000 0.856000
vt 0.652000 0.972000
vt 0.456000 0.992000
vt 0.960000 0.048000
vt 0.960000 0.044000
vt 0.964000 0.040000
vt 0.484000 0.992000
vt 0.960000 0.608000
vt 0.960000 0.600000
vt 0.964000 0.596000
vt 0.132000 0.952000
vt 0.320000 0.836000
vt 0.316000 0.832000
vt 0.320000 0.844000
vt 0.324000 0.992000
vt 0.952000 0.156000
vt 0.952000 0.164000
vt 0.628000 0.828000
vt 0.624000 0.828000
vt 0.624000 0.824000
vt 0.632000 0.844000
vt 0.628000 0.844000
vt 0.624000 0.840000
vt 0.624000 0.836000
vt 0.516000 0.992000
vt 0.992000 0.716000
vt 0.636000 0.608000
vt 0.792000 0.760000
vt 0.788000 0.744000
vt 0.636000 0.728000
vt 0.976000 0.928000
vt 0.960000 0.620000
vt 0.484000 0.972000
vt 0.476000 0.976000
vt 0.936000 0.184000
vt 0.936000 0.168000
vt 0.940000 0.172000
vt 0.944000 0.172000
vt 0.940000 0.200000
vt 0.876000 0.544000
vt 0.872000 0.544000
vt 0.872000 0.556000
vt 0.876000 0.556000
vt 0.876000 0.560000
vt 0.896000 0.560000
vt 0.876000 0.520000
vt 0.884000 0.496000
vt 0.880000 0.496000
vt 0.888000 0.472000
vt 0.884000 0.472000
vt 0.896000 0.460000
vt 0.888000 0.460000
vt 0.900000 0.556000
vt 0.900000 0.508000
vt 0.656000 0.936000
vt 0.656000 0.940000
vt 0.632000 0.936000
vt 0.652000 0.936000
vt 0.652000 0.932000
vt 0.688000 0.936000
vt 0.688000 0.940000
vt 0.664000 0.940000
vt 0.992000 0.876000
vt 0.996000 0.008000
vt 0.852000 0.916000
vt 0.968000 0.716000
vt 0.972000 0.708000
vt 0.892000 0.688000
vt 0.372000 0.992000
vt 0.860000 0.000000
vt 0.860000 0.156000
vt 0.864000 0.088000
vt 0.864000 0.064000
vt 0.100000 0.972000
vt 0.108000 0.968000
vt 0.996000 0.276000
vt 0.940000 0.972000
vt 0.676000 0.972000
vt 0.972000 0.420000
vt 0.632000 0.896000
vt 0.916000 0.728000
vt 0.916000 0.748000
vt 0.920000 0.748000
vt 0.924000 0.732000
vt 0.388000 0.976000
vt 0.820000 0.968000
vt 0.948000 0.368000
vt 0.940000 0.368000
vt 0.932000 0.376000
vt 0.936000 0.384000
vt 0.956000 0.960000
vt 0.956000 0.964000
vt 0.960000 0.964000
vt 0.956000 0.968000
vt 0.952000 0.968000
vt 0.152000 0.992000
vt 0.952000 0.080000
vt 0.952000 0.076000
vt 0.948000 0.084000
vt 0.936000 0.084000
vt 0.960000 0.704000
vt 0.952000 0.708000
vt 0.956000 0.700000
vt 0.984000 0.632000
vt 0.244000 0.880000
vt 0.976000 0.080000
vt 0.984000 0.692000
vt 0.984000 0.644000
vt 0.956000 0.020000
vt 0.952000 0.020000
vt 0.956000 0.004000
vt 0.988000 0.560000
vt 0.976000 0.652000
vt 0.920000 0.404000
vt 0.932000 0.404000
vt 0.936000 0.400000
vt 0.936000 0.396000
vt 0.940000 0.396000
vt 0.940000 0.384000
vt 0.936000 0.388000
vt 0.932000 0.388000
vt 0.928000 0.396000
vt 0.920000 0.400000
vt 0.796000 0.952000
vt 0.792000 0.948000
vt 0.772000 0.952000
vt 0.960000 0.252000
vt 0.320000 0.696000
vt 0.936000 0.884000
vt 0.940000 0.884000
vt 0.940000 0.888000
vt 0.944000 0.888000
vt 0.944000 0.892000
vt 0.948000 0.884000
vt 0.944000 0.876000
vt 0.932000 0.876000
vt 0.932000 0.880000
vt 0.504000 0.948000
vt 0.496000 0.948000
vt 0.496000 0.940000
vt 0.508000 0.944000
vt 0.908000 0.940000
vt 0.956000 0.796000
vt 0.956000 0.792000
vt 0.964000 0.792000
vt 0.964000 0.800000
vt 0.848000 0.848000
vt 0.864000 0.844000
vt 0.864000 0.848000
vt 0.860000 0.852000
vt 0.856000 0.852000
vt 0.400000 0.992000
vt 0.876000 0.772000
vt 0.876000 0.760000
vt 0.868000 0.760000
vt 0.864000 0.808000
vt 0.864000 0.856000
vt 0.880000 0.796000
vt 0.880000 0.772000
vt 0.884000 0.796000
vt 0.888000 0.844000
vt 0.888000 0.820000
vt 0.892000 0.856000
vt 0.868000 0.860000
vt 0.888000 0.860000
vt 0.888000 0.856000
vt 0.652000 0.468000
vt 0.652000 0.464000
vt 0.660000 0.456000
vt 0.664000 0.456000
vt 0.684000 0.460000
vt 0.688000 0.464000
vt 0.688000 0.468000
vt 0.680000 0.472000
vt 0.660000 0.472000
vt 0.860000 0.964000
vt 0.996000 0.352000
vt 0.384000 0.952000
vt 0.368000 0.944000
vt 0.388000 0.948000
vt 0.972000 0.100000
vt 0.960000 0.096000
vt 0.968000 0.096000
vt 0.400000 0.968000
vt 0.400000 0.964000
vt 0.388000 0.968000
vt 0.080000 0.956000
vt 0.092000 0.948000
vt 0.096000 0.952000
vt 0.928000 0.224000
vt 0.924000 0.232000
vt 0.920000 0.228000
vt 0.956000 0.828000
vt 0.992000 0.672000
vt 0.952000 0.660000
vt 0.976000 0.504000
vt 0.972000 0.500000
vt 0.944000 0.912000
vt 0.948000 0.912000
vt 0.952000 0.904000
vt 0.944000 0.900000
vt 0.944000 0.904000
vt 0.940000 0.904000
vt 0.952000 0.584000
vt 0.656000 0.956000
vt 0.668000 0.956000
vt 0.668000 0.960000
vt 0.908000 0.740000
vt 0.896000 0.740000
vt 0.896000 0.744000
vt 0.892000 0.744000
vt 0.888000 0.748000
vt 0.888000 0.752000
vt 0.884000 0.752000
vt 0.884000 0.760000
vt 0.892000 0.760000
vt 0.892000 0.756000
vt 0.896000 0.756000
vt 0.904000 0.752000
vt 0.904000 0.748000
vt 0.908000 0.748000
vt 0.908000 0.744000
vt 0.916000 0.744000
vt 0.916000 0.740000
vt 0.912000 0.736000
vt 0.908000 0.736000
vt 0.924000 0.384000
vt 0.928000 0.384000
vt 0.932000 0.380000
vt 0.928000 0.372000
vt 0.304000 0.300000
vt 0.312000 0.300000
vt 0.296000 0.284000
vt 0.292000 0.296000
vt 0.292000 0.312000
vt 0.288000 0.312000
vt 0.284000 0.332000
vt 0.284000 0.352000
vt 0.296000 0.360000
vt 0.296000 0.336000
vt 0.300000 0.336000
vt 0.304000 0.312000
vt 0.916000 0.308000
vt 0.916000 0.304000
vt 0.932000 0.304000
vt 0.940000 0.292000
vt 0.940000 0.304000
vt 0.936000 0.304000
vt 0.932000 0.300000
vt 0.932000 0.284000
vt 0.936000 0.284000
vt 0.928000 0.296000
vt 0.928000 0.288000
vt 0.264000 0.944000
vt 0.260000 0.944000
vt 0.252000 0.948000
vt 0.248000 0.948000
vt 0.248000 0.944000
vt 0.252000 0.940000
vt 0.268000 0.944000
vt 0.992000 0.812000
vt 0.900000 0.772000
vt 0.900000 0.760000
vt 0.908000 0.760000
vt 0.908000 0.764000
vt 0.912000 0.764000
vt 0.912000 0.768000
vt 0.896000 0.776000
vt 0.896000 0.772000
vt 0.892000 0.784000
vt 0.892000 0.776000
vt 0.900000 0.780000
vt 0.900000 0.784000
vt 0.908000 0.788000
vt 0.904000 0.788000
vt 0.904000 0.780000
vt 0.908000 0.768000
vt 0.908000 0.780000
vt 0.912000 0.780000
vt 0.916000 0.788000
vt 0.908000 0.792000
vt 0.912000 0.804000
vt 0.120000 0.384000
vt 0.120000 0.380000
vt 0.108000 0.368000
vt 0.084000 0.368000
vt 0.084000 0.372000
vt 0.060000 0.372000
vt 0.088000 0.388000
vt 0.044000 0.376000
vt 0.112000 0.940000
vt 0.984000 0.716000
vt 0.304000 0.912000
vt 0.960000 0.196000
vt 0.960000 0.812000
vt 0.956000 0.816000
vt 0.304000 0.708000
vt 0.304000 0.700000
vt 0.308000 0.700000
vt 0.308000 0.696000
vt 0.312000 0.696000
vt 0.320000 0.704000
vt 0.320000 0.712000
vt 0.924000 0.200000
vt 0.924000 0.204000
vt 0.920000 0.208000
vt 0.924000 0.208000
vt 0.924000 0.216000
vt 0.920000 0.216000
vt 0.920000 0.220000
vt 0.916000 0.224000
vt 0.916000 0.220000
vt 0.912000 0.220000
vt 0.912000 0.208000
vt 0.916000 0.200000
vt 0.920000 0.200000
vt 0.920000 0.196000
vt 0.924000 0.192000
vt 0.932000 0.192000
vt 0.932000 0.196000
vt 0.928000 0.196000
vt 0.928000 0.200000
vt 0.300000 0.992000
vt 0.976000 0.384000
vt 0.968000 0.800000
vt 0.964000 0.160000
vt 0.552000 0.848000
vt 0.552000 0.844000
vt 0.560000 0.844000
vt 0.560000 0.852000
vt 0.556000 0.852000
vt 0.556000 0.864000
vt 0.560000 0.864000
vt 0.560000 0.868000
vt 0.544000 0.852000
vt 0.544000 0.848000
vt 0.516000 0.848000
vt 0.524000 0.848000
vt 0.508000 0.844000
vt 0.516000 0.844000
vt 0.508000 0.856000
vt 0.500000 0.856000
vt 0.496000 0.864000
vt 0.496000 0.860000
vt 0.492000 0.868000
vt 0.492000 0.864000
vt 0.484000 0.872000
vt 0.484000 0.868000
vt 0.472000 0.872000
vt 0.564000 0.876000
vt 0.568000 0.864000
vt 0.568000 0.872000
vt 0.564000 0.868000
vt 0.564000 0.864000
vt 0.964000 0.936000
vt 0.968000 0.936000
vt 0.960000 0.944000
vt 0.072000 0.956000
vt 0.076000 0.960000
vt 0.972000 0.452000
vt 0.692000 0.992000
vt 0.608000 0.752000
vt 0.952000 0.304000
vt 0.004000 0.552000
vt 0.316000 0.536000
vt 0.004000 0.536000
vt 0.004000 0.540000
vt 0.924000 0.132000
vt 0.920000 0.132000
vt 0.920000 0.136000
vt 0.904000 0.148000
vt 0.912000 0.148000
vt 0.912000 0.140000
vt 0.916000 0.136000
vt 0.904000 0.136000
vt 0.904000 0.152000
vt 0.884000 0.156000
vt 0.888000 0.156000
vt 0.892000 0.136000
vt 0.884000 0.136000
vt 0.028000 0.396000
vt 0.028000 0.400000
vt 0.008000 0.396000
vt 0.044000 0.396000
vt 0.052000 0.396000
vt 0.104000 0.404000
vt 0.104000 0.400000
vt 0.052000 0.400000
vt 0.268000 0.400000
vt 0.216000 0.400000
vt 0.216000 0.404000
vt 0.004000 0.348000
vt 0.008000 0.348000
vt 0.008000 0.300000
vt 0.016000 0.300000
vt 0.016000 0.312000
vt 0.020000 0.312000
vt 0.020000 0.336000
vt 0.024000 0.336000
vt 0.024000 0.360000
vt 0.028000 0.360000
vt 0.028000 0.384000
vt 0.060000 0.392000
vt 0.044000 0.368000
vt 0.040000 0.368000
vt 0.040000 0.352000
vt 0.036000 0.352000
vt 0.036000 0.332000
vt 0.032000 0.332000
vt 0.032000 0.312000
vt 0.028000 0.312000
vt 0.028000 0.296000
vt 0.024000 0.296000
vt 0.024000 0.284000
vt 0.316000 0.416000
vt 0.312000 0.348000
vt 0.316000 0.348000
vt 0.316000 0.396000
vt 0.312000 0.396000
vt 0.312000 0.400000
vt 0.292000 0.400000
vt 0.292000 0.396000
vt 0.288000 0.396000
vt 0.288000 0.384000
vt 0.292000 0.384000
vt 0.292000 0.360000
vt 0.280000 0.352000
vt 0.280000 0.368000
vt 0.276000 0.368000
vt 0.276000 0.376000
vt 0.260000 0.376000
vt 0.260000 0.372000
vt 0.236000 0.372000
vt 0.236000 0.368000
vt 0.212000 0.368000
vt 0.212000 0.364000
vt 0.188000 0.364000
vt 0.188000 0.360000
vt 0.168000 0.360000
vt 0.168000 0.356000
vt 0.152000 0.356000
vt 0.152000 0.360000
vt 0.132000 0.360000
vt 0.132000 0.364000
vt 0.108000 0.364000
vt 0.148000 0.380000
vt 0.148000 0.376000
vt 0.172000 0.376000
vt 0.172000 0.380000
vt 0.200000 0.380000
vt 0.200000 0.384000
vt 0.232000 0.384000
vt 0.232000 0.388000
vt 0.260000 0.388000
vt 0.260000 0.392000
vt 0.276000 0.392000
vt 0.276000 0.396000
vt 0.268000 0.396000
vt 0.624000 0.808000
vt 0.628000 0.808000
vt 0.628000 0.824000
vt 0.632000 0.804000
vt 0.628000 0.788000
vt 0.984000 0.948000
vt 0.932000 0.896000
vt 0.932000 0.892000
vt 0.940000 0.892000
vt 0.940000 0.908000
vt 0.916000 0.912000
vt 0.916000 0.904000
vt 0.912000 0.904000
vt 0.912000 0.900000
vt 0.920000 0.892000
vt 0.928000 0.892000
vt 0.952000 0.436000
vt 0.948000 0.436000
vt 0.948000 0.432000
vt 0.944000 0.432000
vt 0.960000 0.432000
vt 0.956000 0.432000
vt 0.980000 0.036000
vt 0.628000 0.972000
vt 0.628000 0.968000
vt 0.828000 0.912000
vt 0.828000 0.904000
vt 0.824000 0.904000
vt 0.828000 0.896000
vt 0.828000 0.892000
vt 0.832000 0.892000
vt 0.836000 0.916000
vt 0.832000 0.916000
vt 0.832000 0.896000
vt 0.840000 0.908000
vt 0.840000 0.912000
vt 0.960000 0.852000
vt 0.956000 0.860000
vt 0.756000 0.968000
vt 0.940000 0.624000
vt 0.936000 0.624000
vt 0.936000 0.628000
vt 0.948000 0.632000
vt 0.968000 0.472000
vt 0.972000 0.468000
vt 0.872000 0.260000
vt 0.876000 0.260000
vt 0.876000 0.268000
vt 0.880000 0.268000
vt 0.880000 0.272000
vt 0.872000 0.272000
vt 0.872000 0.264000
vt 0.868000 0.268000
vt 0.868000 0.264000
vt 0.864000 0.272000
vt 0.864000 0.268000
vt 0.852000 0.276000
vt 0.852000 0.272000
vt 0.848000 0.280000
vt 0.848000 0.276000
vt 0.844000 0.284000
vt 0.844000 0.280000
vt 0.852000 0.280000
vt 0.852000 0.284000
vt 0.856000 0.276000
vt 0.856000 0.280000
vt 0.864000 0.280000
vt 0.880000 0.276000
vt 0.884000 0.276000
vt 0.944000 0.592000
vt 0.972000 0.872000
vt 0.972000 0.868000
vt 0.964000 0.876000
vt 0.796000 0.132000
vt 0.800000 0.000000
vt 0.640000 0.284000
vt 0.644000 0.268000
vt 0.796000 0.252000
vt 0.932000 0.960000
vt 0.924000 0.956000
vt 0.928000 0.956000
vt 0.928000 0.952000
vt 0.936000 0.956000
vt 0.932000 0.956000
vt 0.932000 0.948000
vt 0.964000 0.340000
vt 0.200000 0.992000
vt 0.984000 0.956000
vt 0.960000 0.184000
vt 0.956000 0.192000
vt 0.956000 0.188000
vt 0.952000 0.188000
vt 0.952000 0.192000
vt 0.948000 0.180000
vt 0.956000 0.180000
vt 0.944000 0.188000
vt 0.992000 0.392000
vt 0.308000 0.928000
vt 0.304000 0.924000
vt 0.940000 0.408000
vt 0.936000 0.420000
vt 0.936000 0.424000
vt 0.924000 0.424000
vt 0.920000 0.420000
vt 0.920000 0.408000
vt 0.924000 0.404000
vt 0.936000 0.404000
vt 0.972000 0.680000
vt 0.968000 0.680000
vt 0.968000 0.672000
vt 0.960000 0.092000
vt 0.952000 0.100000
vt 0.948000 0.100000
vt 0.036000 0.068000
vt 0.024000 0.076000
vt 0.032000 0.048000
vt 0.556000 0.948000
vt 0.556000 0.936000
vt 0.560000 0.940000
vt 0.560000 0.944000
vt 0.292000 0.992000
vt 0.892000 0.936000
vt 0.892000 0.948000
vt 0.896000 0.944000
vt 0.896000 0.940000
vt 0.904000 0.864000
vt 0.900000 0.864000
vt 0.896000 0.868000
vt 0.896000 0.872000
vt 0.892000 0.872000
vt 0.892000 0.876000
vt 0.888000 0.876000
vt 0.888000 0.880000
vt 0.884000 0.880000
vt 0.884000 0.884000
vt 0.880000 0.884000
vt 0.880000 0.888000
vt 0.876000 0.888000
vt 0.876000 0.892000
vt 0.872000 0.892000
vt 0.872000 0.896000
vt 0.868000 0.896000
vt 0.868000 0.900000
vt 0.864000 0.900000
vt 0.864000 0.904000
vt 0.868000 0.904000
vt 0.868000 0.908000
vt 0.892000 0.912000
vt 0.900000 0.912000
vt 0.900000 0.908000
vt 0.904000 0.908000
vt 0.908000 0.888000
vt 0.908000 0.872000
vt 0.912000 0.872000
vt 0.904000 0.860000
vt 0.632000 0.768000
vt 0.632000 0.788000
vt 0.624000 0.772000
vt 0.628000 0.752000
vt 0.616000 0.852000
vt 0.616000 0.848000
vt 0.620000 0.844000
vt 0.624000 0.844000
vt 0.624000 0.856000
vt 0.628000 0.856000
vt 0.620000 0.852000
vt 0.624000 0.864000
vt 0.620000 0.864000
vt 0.624000 0.872000
vt 0.632000 0.864000
vt 0.956000 0.028000
vt 0.952000 0.040000
vt 0.944000 0.032000
vt 0.944000 0.020000
vt 0.992000 0.456000
vt 0.976000 0.236000
vt 0.976000 0.824000
vt 0.824000 0.964000
vt 0.976000 0.888000
vt 0.932000 0.836000
vt 0.928000 0.836000
vt 0.928000 0.852000
vt 0.932000 0.856000
vt 0.944000 0.856000
vt 0.944000 0.852000
vt 0.936000 0.848000
vt 0.968000 0.632000
vt 0.896000 0.384000
vt 0.876000 0.384000
vt 0.876000 0.380000
vt 0.872000 0.380000
vt 0.872000 0.368000
vt 0.900000 0.332000
vt 0.900000 0.380000
vt 0.896000 0.284000
vt 0.896000 0.332000
vt 0.876000 0.368000
vt 0.876000 0.344000
vt 0.884000 0.296000
vt 0.888000 0.296000
vt 0.880000 0.320000
vt 0.804000 0.360000
vt 0.804000 0.364000
vt 0.800000 0.364000
vt 0.800000 0.368000
vt 0.792000 0.368000
vt 0.792000 0.364000
vt 0.796000 0.364000
vt 0.796000 0.360000
vt 0.800000 0.360000
vt 0.800000 0.356000
vt 0.804000 0.356000
vt 0.804000 0.352000
vt 0.808000 0.352000
vt 0.808000 0.348000
vt 0.816000 0.348000
vt 0.816000 0.344000
vt 0.820000 0.344000
vt 0.820000 0.340000
vt 0.824000 0.340000
vt 0.824000 0.336000
vt 0.828000 0.336000
vt 0.828000 0.332000
vt 0.832000 0.332000
vt 0.832000 0.328000
vt 0.836000 0.328000
vt 0.836000 0.324000
vt 0.840000 0.324000
vt 0.840000 0.316000
vt 0.844000 0.316000
vt 0.844000 0.312000
vt 0.848000 0.304000
vt 0.852000 0.304000
vt 0.852000 0.300000
vt 0.856000 0.300000
vt 0.856000 0.292000
vt 0.860000 0.292000
vt 0.860000 0.288000
vt 0.864000 0.284000
vt 0.872000 0.284000
vt 0.872000 0.288000
vt 0.868000 0.288000
vt 0.868000 0.292000
vt 0.864000 0.292000
vt 0.864000 0.300000
vt 0.860000 0.300000
vt 0.860000 0.304000
vt 0.856000 0.304000
vt 0.856000 0.312000
vt 0.852000 0.312000
vt 0.852000 0.316000
vt 0.848000 0.316000
vt 0.848000 0.324000
vt 0.844000 0.324000
vt 0.844000 0.328000
vt 0.840000 0.328000
vt 0.840000 0.332000
vt 0.836000 0.336000
vt 0.832000 0.336000
vt 0.832000 0.340000
vt 0.828000 0.340000
vt 0.828000 0.344000
vt 0.824000 0.344000
vt 0.824000 0.348000
vt 0.820000 0.348000
vt 0.820000 0.352000
vt 0.816000 0.352000
vt 0.816000 0.356000
vt 0.808000 0.356000
vt 0.808000 0.360000
vt 0.964000 0.960000
vt 0.968000 0.956000
vt 0.976000 0.408000
vt 0.976000 0.676000
vt 0.084000 0.976000
vt 0.992000 0.400000
vt 0.976000 0.240000
vt 0.588000 0.976000
vt 0.852000 0.948000
vt 0.936000 0.312000
vt 0.888000 0.960000
vt 0.888000 0.956000
vt 0.872000 0.956000
vt 0.872000 0.960000
vt 0.880000 0.964000
vt 0.884000 0.964000
vt 0.972000 0.532000
vt 0.908000 0.004000
vt 0.892000 0.000000
vt 0.972000 0.476000
vt 0.964000 0.208000
vt 0.960000 0.200000
vt 0.132000 0.992000
vt 0.924000 0.944000
vt 0.916000 0.520000
vt 0.896000 0.956000
vt 0.256000 0.948000
vt 0.268000 0.948000
vt 0.692000 0.452000
vt 0.692000 0.448000
vt 0.696000 0.428000
vt 0.692000 0.428000
vt 0.692000 0.424000
vt 0.688000 0.424000
vt 0.688000 0.420000
vt 0.684000 0.420000
vt 0.684000 0.416000
vt 0.664000 0.416000
vt 0.664000 0.420000
vt 0.660000 0.420000
vt 0.660000 0.424000
vt 0.656000 0.424000
vt 0.656000 0.428000
vt 0.652000 0.428000
vt 0.652000 0.448000
vt 0.656000 0.448000
vt 0.656000 0.452000
vt 0.660000 0.452000
vt 0.648000 0.464000
vt 0.648000 0.448000
vt 0.644000 0.448000
vt 0.644000 0.444000
vt 0.640000 0.444000
vt 0.640000 0.428000
vt 0.640000 0.420000
vt 0.644000 0.420000
vt 0.644000 0.412000
vt 0.652000 0.412000
vt 0.652000 0.408000
vt 0.660000 0.408000
vt 0.660000 0.404000
vt 0.680000 0.404000
vt 0.680000 0.408000
vt 0.688000 0.408000
vt 0.688000 0.412000
vt 0.696000 0.412000
vt 0.696000 0.420000
vt 0.700000 0.420000
vt 0.704000 0.428000
vt 0.704000 0.448000
vt 0.700000 0.448000
vt 0.700000 0.456000
vt 0.696000 0.464000
vt 0.684000 0.456000
vt 0.688000 0.456000
vt 0.688000 0.452000
vt 0.096000 0.992000
vt 0.908000 0.952000
vt 0.904000 0.960000
vt 0.912000 0.960000
vt 0.916000 0.956000
vt 0.456000 0.948000
vt 0.952000 0.308000
vt 0.000000 0.992000
vt 0.972000 0.960000
vt 0.904000 0.928000
vt 0.908000 0.928000
vt 0.912000 0.932000
vt 0.912000 0.936000
vt 0.344000 0.968000
vt 0.324000 0.884000
vt 0.324000 0.900000
vt 0.328000 0.900000
vt 0.328000 0.920000
vt 0.332000 0.920000
vt 0.332000 0.924000
vt 0.340000 0.924000
vt 0.340000 0.920000
vt 0.364000 0.920000
vt 0.364000 0.916000
vt 0.368000 0.912000
vt 0.320000 0.884000
vt 0.364000 0.912000
vt 0.364000 0.908000
vt 0.360000 0.908000
vt 0.360000 0.904000
vt 0.356000 0.904000
vt 0.356000 0.900000
vt 0.352000 0.896000
vt 0.348000 0.896000
vt 0.348000 0.892000
vt 0.344000 0.892000
vt 0.344000 0.888000
vt 0.340000 0.888000
vt 0.340000 0.884000
vt 0.336000 0.884000
vt 0.336000 0.880000
vt 0.332000 0.876000
vt 0.328000 0.876000
vt 0.328000 0.872000
vt 0.992000 0.416000
vt 0.404000 0.960000
vt 0.404000 0.956000
vt 0.408000 0.952000
vt 0.968000 0.088000
vt 0.964000 0.096000
vt 0.968000 0.092000
vt 0.892000 0.972000
vt 0.860000 0.472000
vt 0.856000 0.472000
vt 0.856000 0.468000
vt 0.860000 0.468000
vt 0.860000 0.464000
vt 0.868000 0.476000
vt 0.860000 0.476000
vt 0.872000 0.460000
vt 0.872000 0.472000
vt 0.868000 0.452000
vt 0.948000 0.688000
vt 0.944000 0.680000
vt 0.932000 0.700000
vt 0.940000 0.700000
vt 0.304000 0.976000
vt 0.300000 0.968000
vt 0.940000 0.804000
vt 0.944000 0.804000
vt 0.944000 0.812000
vt 0.940000 0.812000
vt 0.940000 0.816000
vt 0.936000 0.816000
vt 0.944000 0.796000
vt 0.944000 0.800000
vt 0.940000 0.800000
vt 0.928000 0.812000
vt 0.928000 0.804000
vt 0.936000 0.792000
vt 0.940000 0.284000
vt 0.892000 0.728000
vt 0.892000 0.732000
vt 0.896000 0.732000
vt 0.896000 0.736000
vt 0.900000 0.736000
vt 0.900000 0.732000
vt 0.908000 0.732000
vt 0.896000 0.728000
vt 0.892000 0.720000
vt 0.892000 0.724000
vt 0.896000 0.724000
vt 0.896000 0.720000
vt 0.912000 0.704000
vt 0.900000 0.704000
vt 0.896000 0.704000
vt 0.916000 0.692000
vt 0.900000 0.700000
vt 0.908000 0.688000
vt 0.972000 0.300000
vt 0.992000 0.740000
vt 0.992000 0.576000
vt 0.584000 0.964000
vt 0.576000 0.964000
vt 0.572000 0.960000
vt 0.588000 0.960000
vt 0.968000 0.768000
vt 0.968000 0.420000
vt 0.976000 0.684000
vt 0.968000 0.576000
vt 0.960000 0.556000
vt 0.968000 0.544000
vt 0.836000 0.952000
vt 0.836000 0.956000
vt 0.832000 0.948000
vt 0.528000 0.972000
vt 0.536000 0.968000
vt 0.944000 0.616000
vt 0.936000 0.620000
vt 0.852000 0.224000
vt 0.856000 0.224000
vt 0.860000 0.232000
vt 0.860000 0.248000
vt 0.856000 0.248000
vt 0.848000 0.244000
vt 0.844000 0.244000
vt 0.844000 0.224000
vt 0.848000 0.224000
vt 0.852000 0.228000
vt 0.492000 0.972000
vt 0.492000 0.976000
vt 0.500000 0.976000
vt 0.496000 0.968000
vt 0.944000 0.176000
vt 0.944000 0.180000
vt 0.952000 0.180000
vt 0.960000 0.176000
vt 0.960000 0.168000
vt 0.948000 0.172000
vt 0.952000 0.168000
vt 0.984000 0.976000
vt 0.720000 0.992000
vt 0.764000 0.992000
vt 0.920000 0.480000
vt 0.916000 0.480000
vt 0.916000 0.468000
vt 0.924000 0.460000
vt 0.928000 0.460000
vt 0.920000 0.476000
vt 0.932000 0.480000
vt 0.924000 0.480000
vt 0.924000 0.476000
vt 0.928000 0.468000
vt 0.940000 0.472000
vt 0.940000 0.476000
vt 0.932000 0.468000
vt 0.888000 0.244000
vt 0.888000 0.256000
vt 0.864000 0.260000
vt 0.864000 0.256000
vt 0.860000 0.256000
vt 0.860000 0.208000
vt 0.884000 0.244000
vt 0.884000 0.220000
vt 0.876000 0.196000
vt 0.880000 0.196000
vt 0.872000 0.172000
vt 0.876000 0.172000
vt 0.864000 0.160000
vt 0.872000 0.160000
vt 0.668000 0.976000
vt 0.964000 0.768000
vt 0.924000 0.452000
vt 0.916000 0.336000
vt 0.920000 0.344000
vt 0.976000 0.140000
vt 0.936000 0.452000
vt 0.936000 0.456000
vt 0.940000 0.456000
vt 0.944000 0.452000
vt 0.932000 0.444000
vt 0.936000 0.448000
vt 0.936000 0.444000
vt 0.940000 0.436000
vt 0.948000 0.444000
vt 0.932000 0.160000
vt 0.832000 0.992000
vt 0.432000 0.920000
vt 0.428000 0.920000
vt 0.428000 0.928000
vt 0.444000 0.928000
vt 0.444000 0.932000
vt 0.452000 0.932000
vt 0.432000 0.924000
vt 0.436000 0.920000
vt 0.436000 0.924000
vt 0.452000 0.928000
vt 0.452000 0.924000
vt 0.460000 0.916000
vt 0.460000 0.920000
vt 0.460000 0.928000
vt 0.468000 0.924000
vt 0.512000 0.940000
vt 0.984000 0.460000
vt 0.984000 0.624000
vt 0.900000 0.972000
vt 0.572000 0.952000
vt 0.560000 0.936000
vt 0.564000 0.936000
vt 0.968000 0.180000
vt 0.964000 0.192000
vt 0.612000 0.856000
vt 0.612000 0.872000
vt 0.608000 0.872000
vt 0.608000 0.892000
vt 0.604000 0.892000
vt 0.604000 0.896000
vt 0.596000 0.896000
vt 0.596000 0.892000
vt 0.572000 0.892000
vt 0.572000 0.888000
vt 0.568000 0.888000
vt 0.568000 0.884000
vt 0.616000 0.856000
vt 0.572000 0.884000
vt 0.572000 0.880000
vt 0.576000 0.880000
vt 0.576000 0.876000
vt 0.580000 0.876000
vt 0.580000 0.872000
vt 0.584000 0.868000
vt 0.588000 0.868000
vt 0.588000 0.864000
vt 0.592000 0.864000
vt 0.592000 0.860000
vt 0.596000 0.860000
vt 0.596000 0.856000
vt 0.600000 0.856000
vt 0.600000 0.852000
vt 0.604000 0.848000
vt 0.608000 0.848000
vt 0.608000 0.844000
vt 0.732000 0.948000
vt 0.736000 0.952000
vt 0.732000 0.956000
vt 0.728000 0.956000
vt 0.724000 0.952000
vt 0.848000 0.948000
vt 0.836000 0.948000
vt 0.840000 0.960000
vt 0.740000 0.960000
vt 0.968000 0.932000
vt 0.932000 0.680000
vt 0.932000 0.664000
vt 0.944000 0.660000
vt 0.268000 0.992000
vt 0.992000 0.224000
vt 0.968000 0.232000
vt 0.776000 0.768000
vt 0.772000 0.768000
vt 0.772000 0.776000
vt 0.768000 0.776000
vt 0.768000 0.780000
vt 0.764000 0.780000
vt 0.764000 0.788000
vt 0.760000 0.788000
vt 0.760000 0.792000
vt 0.756000 0.792000
vt 0.756000 0.800000
vt 0.752000 0.800000
vt 0.752000 0.804000
vt 0.748000 0.804000
vt 0.748000 0.808000
vt 0.744000 0.808000
vt 0.744000 0.812000
vt 0.740000 0.812000
vt 0.740000 0.816000
vt 0.736000 0.816000
vt 0.736000 0.820000
vt 0.732000 0.820000
vt 0.732000 0.824000
vt 0.728000 0.824000
vt 0.728000 0.828000
vt 0.724000 0.828000
vt 0.724000 0.832000
vt 0.716000 0.832000
vt 0.716000 0.836000
vt 0.712000 0.836000
vt 0.708000 0.840000
vt 0.708000 0.844000
vt 0.724000 0.848000
vt 0.748000 0.848000
vt 0.748000 0.852000
vt 0.764000 0.852000
vt 0.764000 0.844000
vt 0.760000 0.844000
vt 0.760000 0.848000
vt 0.752000 0.848000
vt 0.752000 0.844000
vt 0.728000 0.840000
vt 0.724000 0.840000
vt 0.724000 0.836000
vt 0.728000 0.836000
vt 0.728000 0.832000
vt 0.732000 0.832000
vt 0.732000 0.828000
vt 0.736000 0.828000
vt 0.736000 0.824000
vt 0.740000 0.824000
vt 0.740000 0.820000
vt 0.744000 0.820000
vt 0.744000 0.816000
vt 0.748000 0.816000
vt 0.748000 0.812000
vt 0.752000 0.812000
vt 0.752000 0.808000
vt 0.756000 0.808000
vt 0.756000 0.804000
vt 0.760000 0.804000
vt 0.760000 0.800000
vt 0.764000 0.800000
vt 0.764000 0.796000
vt 0.772000 0.796000
vt 0.772000 0.808000
vt 0.776000 0.808000
vt 0.776000 0.788000
vt 0.780000 0.788000
vt 0.780000 0.772000
vt 0.784000 0.772000
vt 0.784000 0.760000
vt 0.780000 0.760000
vt 0.780000 0.764000
vt 0.776000 0.764000
vt 0.300000 0.916000
vt 0.604000 0.844000
vt 0.588000 0.844000
vt 0.588000 0.840000
vt 0.564000 0.840000
vt 0.548000 0.836000
vt 0.548000 0.832000
vt 0.552000 0.832000
vt 0.552000 0.828000
vt 0.556000 0.824000
vt 0.564000 0.824000
vt 0.564000 0.820000
vt 0.568000 0.820000
vt 0.568000 0.816000
vt 0.572000 0.816000
vt 0.572000 0.812000
vt 0.576000 0.812000
vt 0.576000 0.808000
vt 0.580000 0.808000
vt 0.580000 0.804000
vt 0.584000 0.804000
vt 0.584000 0.800000
vt 0.588000 0.800000
vt 0.588000 0.796000
vt 0.592000 0.796000
vt 0.592000 0.792000
vt 0.596000 0.792000
vt 0.596000 0.784000
vt 0.600000 0.784000
vt 0.600000 0.780000
vt 0.604000 0.780000
vt 0.604000 0.772000
vt 0.608000 0.772000
vt 0.608000 0.768000
vt 0.612000 0.768000
vt 0.612000 0.760000
vt 0.616000 0.760000
vt 0.616000 0.756000
vt 0.620000 0.756000
vt 0.620000 0.752000
vt 0.624000 0.764000
vt 0.620000 0.764000
vt 0.620000 0.780000
vt 0.616000 0.780000
vt 0.616000 0.800000
vt 0.612000 0.800000
vt 0.612000 0.788000
vt 0.604000 0.788000
vt 0.604000 0.792000
vt 0.600000 0.792000
vt 0.600000 0.796000
vt 0.596000 0.796000
vt 0.596000 0.800000
vt 0.592000 0.800000
vt 0.592000 0.804000
vt 0.588000 0.804000
vt 0.588000 0.808000
vt 0.584000 0.808000
vt 0.584000 0.812000
vt 0.580000 0.812000
vt 0.580000 0.816000
vt 0.576000 0.816000
vt 0.576000 0.820000
vt 0.572000 0.820000
vt 0.572000 0.824000
vt 0.568000 0.824000
vt 0.568000 0.828000
vt 0.564000 0.828000
vt 0.564000 0.832000
vt 0.568000 0.832000
vt 0.600000 0.836000
vt 0.604000 0.836000
vt 0.600000 0.840000
vt 0.592000 0.840000
vt 0.592000 0.836000
vt 0.976000 0.668000
vt 0.824000 0.880000
vt 0.468000 0.964000
vt 0.468000 0.968000
vt 0.464000 0.968000
vt 0.972000 0.540000
vt 0.968000 0.536000
vt 0.680000 0.952000
vt 0.968000 0.468000
vt 0.952000 0.320000
vt 0.952000 0.316000
vt 0.964000 0.320000
vt 0.560000 0.964000
vt 0.560000 0.968000
vt 0.960000 0.312000
vt 0.964000 0.308000
vt 0.060000 0.940000
vt 0.060000 0.944000
vt 0.072000 0.944000
vt 0.064000 0.940000
vt 0.064000 0.936000
vt 0.084000 0.940000
vt 0.100000 0.940000
vt 0.084000 0.944000
vt 0.012000 0.940000
vt 0.020000 0.940000
vt 0.020000 0.936000
vt 0.004000 0.944000
vt 0.000000 0.944000
vt 0.000000 0.948000
vt 0.004000 0.948000
vt 0.004000 0.952000
vt 0.004000 0.936000
vt 0.008000 0.940000
vt 0.016000 0.944000
vt 0.964000 0.888000
vt 0.960000 0.888000
vt 0.460000 0.976000
vt 0.952000 0.328000
vt 0.964000 0.544000
vt 0.960000 0.536000
vt 0.948000 0.328000
vt 0.940000 0.328000
vt 0.944000 0.344000
vt 0.660000 0.992000
vt 0.964000 0.924000
vt 0.956000 0.924000
vt 0.952000 0.928000
vt 0.972000 0.436000
vt 0.944000 0.228000
vt 0.948000 0.228000
vt 0.948000 0.240000
vt 0.940000 0.224000
vt 0.944000 0.224000
vt 0.944000 0.232000
vt 0.940000 0.232000
vt 0.932000 0.240000
vt 0.932000 0.236000
vt 0.436000 0.956000
vt 0.436000 0.952000
vt 0.436000 0.964000
vt 0.436000 0.960000
vt 0.432000 0.964000
vt 0.432000 0.952000
vt 0.056000 0.964000
vt 0.428000 0.968000
vt 0.432000 0.992000
vt 0.936000 0.864000
vt 0.932000 0.864000
vt 0.932000 0.860000
vt 0.948000 0.868000
vt 0.948000 0.876000
vt 0.940000 0.872000
vt 0.936000 0.868000
vt 0.800000 0.556000
vt 0.804000 0.556000
vt 0.804000 0.552000
vt 0.808000 0.552000
vt 0.808000 0.548000
vt 0.816000 0.548000
vt 0.816000 0.544000
vt 0.820000 0.544000
vt 0.820000 0.540000
vt 0.824000 0.540000
vt 0.824000 0.536000
vt 0.828000 0.536000
vt 0.828000 0.532000
vt 0.832000 0.532000
vt 0.832000 0.528000
vt 0.836000 0.528000
vt 0.840000 0.524000
vt 0.840000 0.520000
vt 0.844000 0.520000
vt 0.844000 0.516000
vt 0.848000 0.516000
vt 0.848000 0.508000
vt 0.852000 0.508000
vt 0.852000 0.504000
vt 0.856000 0.504000
vt 0.856000 0.496000
vt 0.860000 0.496000
vt 0.860000 0.492000
vt 0.864000 0.492000
vt 0.864000 0.484000
vt 0.868000 0.484000
vt 0.868000 0.480000
vt 0.872000 0.480000
vt 0.872000 0.476000
vt 0.864000 0.476000
vt 0.864000 0.480000
vt 0.860000 0.480000
vt 0.860000 0.484000
vt 0.856000 0.484000
vt 0.856000 0.492000
vt 0.852000 0.492000
vt 0.852000 0.496000
vt 0.848000 0.496000
vt 0.848000 0.504000
vt 0.844000 0.504000
vt 0.844000 0.508000
vt 0.840000 0.508000
vt 0.840000 0.516000
vt 0.836000 0.516000
vt 0.832000 0.520000
vt 0.828000 0.524000
vt 0.828000 0.528000
vt 0.824000 0.528000
vt 0.824000 0.532000
vt 0.820000 0.532000
vt 0.820000 0.536000
vt 0.816000 0.536000
vt 0.816000 0.540000
vt 0.808000 0.540000
vt 0.808000 0.544000
vt 0.804000 0.544000
vt 0.804000 0.548000
vt 0.800000 0.548000
vt 0.800000 0.552000
vt 0.796000 0.552000
vt 0.796000 0.556000
vt 0.792000 0.556000
vt 0.800000 0.560000
vt 0.964000 0.448000
vt 0.976000 0.472000
vt 0.972000 0.724000
vt 0.912000 0.524000
vt 0.912000 0.520000
vt 0.928000 0.524000
vt 0.928000 0.528000
vt 0.912000 0.528000
vt 0.904000 0.528000
vt 0.904000 0.524000
vt 0.900000 0.532000
vt 0.900000 0.528000
vt 0.904000 0.532000
vt 0.912000 0.536000
vt 0.916000 0.536000
vt 0.916000 0.540000
vt 0.900000 0.540000
vt 0.900000 0.536000
vt 0.904000 0.536000
vt 0.904000 0.540000
vt 0.908000 0.544000
vt 0.904000 0.544000
vt 0.920000 0.548000
vt 0.920000 0.552000
vt 0.908000 0.552000
vt 0.912000 0.548000
vt 0.912000 0.544000
vt 0.920000 0.536000
vt 0.924000 0.536000
vt 0.964000 0.592000
vt 0.960000 0.584000
vt 0.944000 0.436000
vt 0.924000 0.436000
vt 0.920000 0.432000
vt 0.920000 0.428000
vt 0.984000 0.200000
vt 0.968000 0.580000
vt 0.964000 0.000000
vt 0.960000 0.012000
vt 0.968000 0.008000
vt 0.968000 0.004000
vt 0.936000 0.924000
vt 0.936000 0.928000
vt 0.940000 0.928000
vt 0.936000 0.936000
vt 0.932000 0.936000
vt 0.928000 0.912000
vt 0.932000 0.912000
vt 0.932000 0.932000
vt 0.928000 0.932000
vt 0.924000 0.924000
vt 0.924000 0.916000
vt 0.928000 0.916000
vt 0.940000 0.944000
vt 0.944000 0.944000
vt 0.928000 0.940000
vt 0.928000 0.944000
vt 0.292000 0.940000
vt 0.296000 0.948000
vt 0.296000 0.944000
vt 0.964000 0.212000
vt 0.968000 0.212000
vt 0.972000 0.208000
vt 0.972000 0.200000
vt 0.920000 0.888000
vt 0.916000 0.888000
vt 0.916000 0.892000
vt 0.924000 0.884000
vt 0.928000 0.884000
vt 0.928000 0.876000
vt 0.928000 0.864000
vt 0.928000 0.860000
vt 0.920000 0.864000
vt 0.912000 0.868000
vt 0.924000 0.892000
vt 0.916000 0.880000
vt 0.688000 0.976000
vt 0.880000 0.388000
vt 0.884000 0.388000
vt 0.888000 0.392000
vt 0.888000 0.396000
vt 0.892000 0.396000
vt 0.892000 0.400000
vt 0.896000 0.400000
vt 0.896000 0.404000
vt 0.900000 0.404000
vt 0.900000 0.408000
vt 0.904000 0.408000
vt 0.904000 0.412000
vt 0.908000 0.412000
vt 0.908000 0.416000
vt 0.912000 0.416000
vt 0.912000 0.420000
vt 0.916000 0.420000
vt 0.916000 0.424000
vt 0.920000 0.424000
vt 0.916000 0.428000
vt 0.916000 0.432000
vt 0.892000 0.436000
vt 0.884000 0.436000
vt 0.884000 0.432000
vt 0.880000 0.432000
vt 0.876000 0.412000
vt 0.876000 0.396000
vt 0.872000 0.396000
vt 0.872000 0.384000
vt 0.880000 0.384000
vt 0.760000 0.932000
vt 0.824000 0.912000
vt 0.816000 0.912000
vt 0.796000 0.908000
vt 0.796000 0.916000
vt 0.792000 0.916000
vt 0.792000 0.908000
vt 0.788000 0.896000
vt 0.796000 0.896000
vt 0.796000 0.900000
vt 0.820000 0.900000
vt 0.824000 0.908000
vt 0.040000 0.940000
vt 0.040000 0.948000
vt 0.036000 0.948000
vt 0.032000 0.944000
vt 0.036000 0.936000
vt 0.944000 0.936000
vt 0.948000 0.940000
vt 0.948000 0.944000
vt 0.952000 0.332000
vt 0.952000 0.424000
vt 0.964000 0.420000
vt 0.952000 0.416000
vt 0.460000 0.532000
vt 0.556000 0.992000
vt 0.656000 0.848000
vt 0.656000 0.844000
vt 0.652000 0.844000
vt 0.652000 0.852000
vt 0.668000 0.852000
vt 0.668000 0.848000
vt 0.692000 0.848000
vt 0.704000 0.840000
vt 0.704000 0.836000
vt 0.700000 0.832000
vt 0.692000 0.832000
vt 0.692000 0.828000
vt 0.688000 0.828000
vt 0.688000 0.824000
vt 0.684000 0.824000
vt 0.684000 0.820000
vt 0.680000 0.820000
vt 0.680000 0.816000
vt 0.676000 0.816000
vt 0.676000 0.812000
vt 0.672000 0.812000
vt 0.672000 0.808000
vt 0.668000 0.808000
vt 0.668000 0.804000
vt 0.664000 0.804000
vt 0.664000 0.800000
vt 0.660000 0.800000
vt 0.660000 0.792000
vt 0.656000 0.792000
vt 0.656000 0.788000
vt 0.652000 0.788000
vt 0.652000 0.780000
vt 0.648000 0.780000
vt 0.648000 0.776000
vt 0.644000 0.776000
vt 0.644000 0.768000
vt 0.640000 0.768000
vt 0.640000 0.764000
vt 0.636000 0.764000
vt 0.636000 0.760000
vt 0.632000 0.772000
vt 0.636000 0.772000
vt 0.636000 0.788000
vt 0.640000 0.788000
vt 0.640000 0.808000
vt 0.644000 0.808000
vt 0.644000 0.796000
vt 0.652000 0.796000
vt 0.652000 0.800000
vt 0.656000 0.800000
vt 0.656000 0.804000
vt 0.660000 0.804000
vt 0.660000 0.808000
vt 0.664000 0.808000
vt 0.664000 0.812000
vt 0.668000 0.812000
vt 0.668000 0.816000
vt 0.672000 0.816000
vt 0.672000 0.820000
vt 0.676000 0.820000
vt 0.676000 0.824000
vt 0.680000 0.824000
vt 0.680000 0.828000
vt 0.684000 0.828000
vt 0.684000 0.832000
vt 0.688000 0.832000
vt 0.688000 0.836000
vt 0.692000 0.836000
vt 0.692000 0.840000
vt 0.688000 0.840000
vt 0.664000 0.844000
vt 0.664000 0.848000
vt 0.716000 0.972000
vt 0.968000 0.520000
vt 0.372000 0.972000
vt 0.316000 0.992000
vt 0.984000 0.500000
vt 0.984000 0.164000
vt 0.812000 0.732000
vt 0.816000 0.732000
vt 0.816000 0.728000
vt 0.808000 0.728000
vt 0.808000 0.732000
vt 0.804000 0.732000
vt 0.804000 0.728000
vt 0.800000 0.728000
vt 0.800000 0.732000
vt 0.812000 0.736000
vt 0.820000 0.736000
vt 0.824000 0.748000
vt 0.800000 0.752000
vt 0.812000 0.752000
vt 0.812000 0.748000
vt 0.796000 0.732000
vt 0.792000 0.736000
vt 0.792000 0.748000
vt 0.256000 0.992000
vt 0.992000 0.984000
vt 0.736000 0.968000
vt 0.968000 0.644000
vt 0.964000 0.644000
vt 0.964000 0.652000
vt 0.680000 0.956000
vt 0.096000 0.964000
vt 0.936000 0.248000
vt 0.964000 0.408000
vt 0.964000 0.412000
vt 0.960000 0.416000
vt 0.956000 0.416000
vt 0.952000 0.408000
vt 0.804000 0.172000
vt 0.812000 0.180000
vt 0.868000 0.976000
vt 0.984000 0.876000
vt 0.712000 0.976000
vt 0.632000 0.892000
vt 0.632000 0.888000
vt 0.624000 0.888000
vt 0.624000 0.892000
vt 0.628000 0.896000
vt 0.412000 0.976000
vt 0.428000 0.916000
vt 0.748000 0.924000
vt 0.752000 0.924000
vt 0.752000 0.920000
vt 0.744000 0.920000
vt 0.724000 0.936000
vt 0.728000 0.940000
vt 0.728000 0.936000
vt 0.732000 0.940000
vt 0.740000 0.940000
vt 0.748000 0.928000
vt 0.748000 0.932000
vt 0.916000 0.712000
vt 0.932000 0.100000
vt 0.928000 0.096000
vt 0.928000 0.084000
vt 0.936000 0.092000
vt 0.940000 0.092000
vt 0.948000 0.096000
vt 0.836000 0.824000
vt 0.832000 0.824000
vt 0.832000 0.820000
vt 0.828000 0.820000
vt 0.828000 0.816000
vt 0.824000 0.816000
vt 0.824000 0.812000
vt 0.820000 0.812000
vt 0.816000 0.808000
vt 0.816000 0.804000
vt 0.812000 0.804000
vt 0.812000 0.800000
vt 0.808000 0.800000
vt 0.808000 0.792000
vt 0.804000 0.792000
vt 0.804000 0.788000
vt 0.800000 0.788000
vt 0.800000 0.780000
vt 0.796000 0.780000
vt 0.796000 0.776000
vt 0.792000 0.776000
vt 0.792000 0.768000
vt 0.788000 0.768000
vt 0.788000 0.764000
vt 0.784000 0.764000
vt 0.792000 0.764000
vt 0.796000 0.764000
vt 0.796000 0.768000
vt 0.800000 0.768000
vt 0.800000 0.776000
vt 0.804000 0.776000
vt 0.804000 0.780000
vt 0.808000 0.780000
vt 0.808000 0.788000
vt 0.812000 0.788000
vt 0.812000 0.792000
vt 0.816000 0.792000
vt 0.816000 0.800000
vt 0.820000 0.800000
vt 0.824000 0.804000
vt 0.828000 0.808000
vt 0.828000 0.812000
vt 0.832000 0.812000
vt 0.832000 0.816000
vt 0.836000 0.816000
vt 0.836000 0.820000
vt 0.840000 0.820000
vt 0.840000 0.824000
vt 0.848000 0.824000
vt 0.848000 0.828000
vt 0.852000 0.828000
vt 0.852000 0.832000
vt 0.856000 0.832000
vt 0.856000 0.836000
vt 0.860000 0.836000
vt 0.860000 0.840000
vt 0.864000 0.840000
vt 0.856000 0.844000
vt 0.856000 0.840000
vt 0.852000 0.840000
vt 0.852000 0.836000
vt 0.848000 0.836000
vt 0.848000 0.832000
vt 0.840000 0.832000
vt 0.840000 0.828000
vt 0.836000 0.828000
vt 0.956000 0.916000
vt 0.964000 0.916000
vt 0.952000 0.924000
vt 0.344000 0.544000
vt 0.352000 0.544000
vt 0.372000 0.560000
vt 0.352000 0.564000
vt 0.336000 0.548000
vt 0.972000 0.628000
vt 0.792000 0.464000
vt 0.792000 0.456000
vt 0.788000 0.456000
vt 0.788000 0.460000
vt 0.776000 0.472000
vt 0.784000 0.472000
vt 0.784000 0.464000
vt 0.780000 0.456000
vt 0.772000 0.456000
vt 0.768000 0.460000
vt 0.768000 0.464000
vt 0.532000 0.976000
vt 0.524000 0.972000
vt 0.812000 0.064000
vt 0.808000 0.064000
vt 0.808000 0.068000
vt 0.800000 0.068000
vt 0.800000 0.092000
vt 0.808000 0.092000
vt 0.808000 0.096000
vt 0.812000 0.004000
vt 0.812000 0.160000
vt 0.816000 0.000000
vt 0.320000 0.940000
vt 0.060000 0.920000
vt 0.060000 0.928000
vt 0.048000 0.932000
vt 0.036000 0.932000
vt 0.000000 0.936000
vt 0.000000 0.932000
vt 0.032000 0.928000
vt 0.036000 0.928000
vt 0.036000 0.924000
vt 0.048000 0.920000
vt 0.056000 0.920000
vt 0.988000 0.992000
vt 0.832000 0.560000
vt 0.828000 0.624000
vt 0.828000 0.648000
vt 0.832000 0.716000
vt 0.968000 0.424000
vt 0.912000 0.096000
vt 0.912000 0.120000
vt 0.916000 0.116000
vt 0.944000 0.816000
vt 0.944000 0.828000
vt 0.940000 0.836000
vt 0.936000 0.836000
vt 0.936000 0.820000
vt 0.940000 0.820000
vt 0.928000 0.824000
vt 0.952000 0.000000
vt 0.948000 0.000000
vt 0.944000 0.004000
vt 0.276000 0.992000
vt 0.388000 0.884000
vt 0.388000 0.888000
vt 0.384000 0.888000
vt 0.384000 0.900000
vt 0.368000 0.904000
vt 0.368000 0.884000
vt 0.372000 0.884000
vt 0.372000 0.880000
vt 0.376000 0.880000
vt 0.376000 0.876000
vt 0.380000 0.876000
vt 0.380000 0.872000
vt 0.400000 0.872000
vt 0.404000 0.888000
vt 0.400000 0.888000
vt 0.400000 0.884000
vt 0.400000 0.876000
vt 0.404000 0.876000
vt 0.404000 0.880000
vt 0.408000 0.880000
vt 0.408000 0.884000
vt 0.412000 0.884000
vt 0.412000 0.904000
vt 0.408000 0.908000
vt 0.404000 0.908000
vt 0.404000 0.912000
vt 0.400000 0.912000
vt 0.400000 0.916000
vt 0.388000 0.904000
vt 0.400000 0.900000
vt 0.404000 0.900000
vt 0.792000 0.372000
vt 0.796000 0.372000
vt 0.796000 0.376000
vt 0.800000 0.376000
vt 0.804000 0.376000
vt 0.804000 0.372000
vt 0.800000 0.372000
vt 0.800000 0.384000
vt 0.804000 0.384000
vt 0.808000 0.384000
vt 0.808000 0.376000
vt 0.804000 0.388000
vt 0.808000 0.388000
vt 0.812000 0.388000
vt 0.812000 0.384000
vt 0.808000 0.396000
vt 0.812000 0.396000
vt 0.816000 0.396000
vt 0.816000 0.388000
vt 0.812000 0.400000
vt 0.816000 0.400000
vt 0.820000 0.400000
vt 0.820000 0.396000
vt 0.816000 0.408000
vt 0.820000 0.408000
vt 0.824000 0.408000
vt 0.824000 0.400000
vt 0.820000 0.412000
vt 0.824000 0.412000
vt 0.828000 0.412000
vt 0.828000 0.408000
vt 0.824000 0.416000
vt 0.828000 0.416000
vt 0.832000 0.416000
vt 0.832000 0.412000
vt 0.828000 0.420000
vt 0.832000 0.420000
vt 0.836000 0.420000
vt 0.836000 0.416000
vt 0.832000 0.424000
vt 0.836000 0.424000
vt 0.840000 0.424000
vt 0.840000 0.420000
vt 0.836000 0.428000
vt 0.840000 0.428000
vt 0.844000 0.428000
vt 0.844000 0.424000
vt 0.840000 0.432000
vt 0.844000 0.432000
vt 0.848000 0.432000
vt 0.848000 0.428000
vt 0.844000 0.436000
vt 0.848000 0.436000
vt 0.856000 0.436000
vt 0.856000 0.432000
vt 0.848000 0.440000
vt 0.856000 0.440000
vt 0.860000 0.440000
vt 0.860000 0.436000
vt 0.856000 0.444000
vt 0.860000 0.444000
vt 0.864000 0.444000
vt 0.864000 0.440000
vt 0.860000 0.448000
vt 0.868000 0.444000
vt 0.864000 0.452000
vt 0.872000 0.448000
vt 0.900000 0.624000
vt 0.916000 0.620000
vt 0.984000 0.916000
vt 0.832000 0.748000
vt 0.828000 0.748000
vt 0.832000 0.752000
vt 0.832000 0.760000
vt 0.836000 0.760000
vt 0.828000 0.736000
vt 0.832000 0.744000
vt 0.836000 0.736000
vt 0.836000 0.756000
vt 0.840000 0.756000
vt 0.840000 0.752000
vt 0.840000 0.728000
vt 0.836000 0.728000
vt 0.836000 0.752000
vt 0.836000 0.740000
vt 0.840000 0.740000
vt 0.840000 0.736000
vt 0.848000 0.736000
vt 0.848000 0.732000
vt 0.844000 0.724000
vt 0.840000 0.724000
vt 0.852000 0.732000
vt 0.852000 0.728000
vt 0.844000 0.728000
vt 0.860000 0.724000
vt 0.848000 0.724000
vt 0.848000 0.728000
vt 0.868000 0.720000
vt 0.860000 0.720000
vt 0.856000 0.728000
vt 0.856000 0.732000
vt 0.864000 0.732000
vt 0.864000 0.724000
vt 0.872000 0.724000
vt 0.872000 0.732000
vt 0.872000 0.728000
vt 0.864000 0.728000
vt 0.868000 0.732000
vt 0.856000 0.740000
vt 0.876000 0.748000
vt 0.876000 0.744000
vt 0.788000 0.608000
vt 0.980000 0.184000
vt 0.980000 0.536000
vt 0.648000 0.868000
vt 0.632000 0.868000
vt 0.632000 0.872000
vt 0.640000 0.872000
vt 0.640000 0.876000
vt 0.692000 0.876000
vt 0.676000 0.864000
vt 0.648000 0.864000
vt 0.676000 0.860000
vt 0.736000 0.856000
vt 0.708000 0.856000
vt 0.760000 0.852000
vt 0.736000 0.852000
vt 0.788000 0.860000
vt 0.788000 0.856000
vt 0.760000 0.856000
vt 0.820000 0.864000
vt 0.820000 0.860000
vt 0.692000 0.880000
vt 0.804000 0.880000
vt 0.848000 0.864000
vt 0.864000 0.872000
vt 0.864000 0.868000
vt 0.856000 0.876000
vt 0.856000 0.872000
vt 0.756000 0.920000
vt 0.760000 0.928000
vt 0.756000 0.936000
vt 0.972000 0.556000
vt 0.332000 0.976000
vt 0.328000 0.976000
vt 0.324000 0.972000
vt 0.324000 0.968000
vt 0.528000 0.956000
vt 0.528000 0.960000
vt 0.704000 0.472000
vt 0.508000 0.976000
vt 0.504000 0.968000
vt 0.968000 0.736000
vt 0.852000 0.892000
vt 0.852000 0.888000
vt 0.848000 0.888000
vt 0.848000 0.880000
vt 0.840000 0.880000
vt 0.844000 0.900000
vt 0.844000 0.896000
vt 0.840000 0.896000
vt 0.836000 0.900000
vt 0.832000 0.888000
vt 0.312000 0.976000
vt 0.960000 0.836000
vt 0.964000 0.840000
vt 0.972000 0.412000
vt 0.956000 0.044000
vt 0.956000 0.056000
vt 0.952000 0.056000
vt 0.956000 0.040000
vt 0.948000 0.048000
vt 0.632000 0.956000
vt 0.624000 0.960000
vt 0.620000 0.952000
vt 0.624000 0.948000
vt 0.628000 0.948000
vt 0.568000 0.976000
vt 0.476000 0.956000
vt 0.476000 0.952000
vt 0.488000 0.964000
vt 0.484000 0.964000
vt 0.480000 0.960000
vt 0.928000 0.192000
vt 0.928000 0.184000
vt 0.932000 0.184000
vt 0.932000 0.176000
vt 0.912000 0.172000
vt 0.912000 0.180000
vt 0.916000 0.168000
vt 0.916000 0.172000
vt 0.928000 0.160000
vt 0.924000 0.160000
vt 0.304000 0.944000
vt 0.312000 0.948000
vt 0.316000 0.944000
vt 0.320000 0.944000
vt 0.320000 0.948000
vt 0.316000 0.948000
vt 0.316000 0.952000
vt 0.300000 0.948000
vt 0.772000 0.956000
vt 0.780000 0.964000
vt 0.964000 0.520000
vt 0.960000 0.524000
vt 0.316000 0.908000
vt 0.320000 0.900000
vt 0.816000 0.976000
vt 0.948000 0.864000
vt 0.952000 0.876000
vt 0.952000 0.872000
vt 0.956000 0.872000
vt 0.916000 0.932000
vt 0.912000 0.940000
vt 0.920000 0.936000
vt 0.916000 0.944000
vt 0.288000 0.868000
vt 0.312000 0.868000
vt 0.000000 0.860000
vt 0.000000 0.868000
vt 0.032000 0.868000
vt 0.032000 0.880000
vt 0.052000 0.880000
vt 0.284000 0.872000
vt 0.288000 0.872000
vt 0.052000 0.868000
vt 0.172000 0.872000
vt 0.176000 0.872000
vt 0.284000 0.868000
vt 0.176000 0.876000
vt 0.180000 0.876000
vt 0.180000 0.872000
vt 0.192000 0.872000
vt 0.984000 0.136000
vt 0.768000 0.948000
vt 0.756000 0.948000
vt 0.756000 0.952000
vt 0.760000 0.960000
vt 0.764000 0.960000
vt 0.188000 0.976000
vt 0.544000 0.948000
vt 0.712000 0.944000
vt 0.712000 0.940000
vt 0.708000 0.936000
vt 0.708000 0.948000
vt 0.864000 0.960000
vt 0.972000 0.040000
vt 0.952000 0.200000
vt 0.240000 0.932000
vt 0.968000 0.512000
vt 0.940000 0.504000
vt 0.980000 0.488000
vt 0.632000 0.932000
vt 0.940000 0.612000
vt 0.948000 0.616000
vt 0.948000 0.608000
vt 0.944000 0.612000
vt 0.968000 0.628000
vt 0.968000 0.624000
vt 0.964000 0.620000
vt 0.960000 0.624000
vt 0.580000 0.972000
vt 0.576000 0.976000
vt 0.928000 0.020000
vt 0.928000 0.008000
vt 0.940000 0.012000
vt 0.944000 0.016000
vt 0.728000 0.968000
vt 0.724000 0.972000
vt 0.320000 0.004000
vt 0.320000 0.156000
vt 0.324000 0.156000
vt 0.324000 0.160000
vt 0.636000 0.160000
vt 0.636000 0.000000
vt 0.324000 0.000000
vt 0.640000 0.156000
vt 0.640000 0.004000
vt -0.000000 0.832000
vt 0.428000 0.972000
vt 0.436000 0.968000
vt 0.668000 0.972000
vt 0.664000 0.976000
vt 0.388000 0.900000
vt 0.376000 0.912000
vt 0.372000 0.908000
vt 0.584000 0.976000
vt 0.024000 0.940000
vt 0.020000 0.948000
vt 0.028000 0.952000
vt 0.024000 0.952000
vt 0.032000 0.948000
vt 0.956000 0.904000
vt 0.964000 0.908000
vt 0.960000 0.916000
vt 0.604000 0.964000
vt 0.604000 0.960000
vt 0.612000 0.956000
vt 0.948000 0.308000
vt 0.848000 0.256000
vt 0.848000 0.252000
vt 0.844000 0.252000
vt 0.844000 0.248000
vt 0.852000 0.248000
vt 0.860000 0.252000
vt 0.860000 0.260000
vt 0.856000 0.260000
vt 0.916000 0.752000
vt 0.924000 0.756000
vt 0.888000 0.716000
vt 0.888000 0.736000
vt 0.884000 0.732000
vt 0.884000 0.720000
vt 0.048000 0.972000
vt 0.052000 0.968000
vt 0.056000 0.968000
vt 0.956000 0.448000
vt 0.956000 0.444000
vt 0.960000 0.444000
vt 0.956000 0.436000
vt 0.956000 0.440000
vt 0.952000 0.440000
vt 0.960000 0.612000
vt 0.964000 0.608000
vt 0.968000 0.616000
vt 0.896000 0.948000
vt 0.896000 0.952000
vt 0.880000 0.956000
vt 0.972000 0.036000
vt 0.972000 0.048000
vt 0.956000 0.600000
vt 0.952000 0.612000
vt 0.968000 0.888000
vt 0.292000 0.112000
vt 0.268000 0.112000
vt 0.636000 0.940000
vt 0.460000 0.908000
vt 0.460000 0.904000
vt 0.456000 0.904000
vt 0.456000 0.900000
vt 0.464000 0.900000
vt 0.464000 0.904000
vt 0.468000 0.904000
vt 0.940000 0.512000
vt 0.940000 0.508000
vt 0.920000 0.512000
vt 0.916000 0.504000
vt 0.932000 0.500000
vt 0.936000 0.500000
vt 0.936000 0.504000
vt 0.920000 0.504000
vt 0.920000 0.500000
vt 0.920000 0.496000
vt 0.924000 0.496000
vt 0.924000 0.500000
vt 0.928000 0.500000
vt 0.984000 0.220000
vt 0.512000 0.960000
vt 0.108000 0.940000
vt 0.512000 0.944000
vt 0.516000 0.936000
vt 0.972000 0.308000
vt 0.968000 0.304000
vt 0.384000 0.976000
vt 0.380000 0.976000
vt 0.060000 0.948000
vt 0.080000 0.952000
vt 0.968000 0.032000
vt 0.588000 0.524000
vt 0.588000 0.520000
vt 0.584000 0.536000
vt 0.584000 0.532000
vt 0.564000 0.536000
vt 0.580000 0.520000
vt 0.972000 0.700000
vt 0.976000 0.976000
vt 0.416000 0.904000
vt 0.416000 0.884000
vt 0.416000 0.880000
vt 0.420000 0.880000
vt 0.420000 0.908000
vt 0.416000 0.908000
vt 0.424000 0.912000
vt 0.420000 0.912000
vt 0.444000 0.916000
vt 0.424000 0.916000
vt 0.448000 0.908000
vt 0.448000 0.912000
vt 0.444000 0.912000
vt 0.452000 0.908000
vt 0.420000 0.876000
vt 0.424000 0.872000
vt 0.444000 0.872000
vt 0.444000 0.876000
vt 0.448000 0.876000
vt 0.456000 0.884000
vt 0.452000 0.880000
vt 0.452000 0.884000
vt 0.464000 0.956000
vt 0.460000 0.952000
vt 0.964000 0.688000
vt 0.944000 0.516000
vt 0.860000 0.904000
vt 0.856000 0.908000
vt 0.852000 0.884000
vt 0.864000 0.896000
vt 0.860000 0.900000
vt 0.852000 0.880000
vt 0.856000 0.880000
vt 0.860000 0.884000
vt 0.952000 0.952000
vt 0.956000 0.952000
vt 0.956000 0.948000
vt 0.952000 0.944000
vt 0.952000 0.940000
vt 0.956000 0.936000
vt 0.332000 0.972000
vt 0.336000 0.968000
vt 0.340000 0.968000
vt 0.980000 0.280000
vt 0.144000 0.992000
vt 0.940000 0.388000
vt 0.944000 0.384000
vt 0.944000 0.400000
vt 0.924000 0.088000
vt 0.916000 0.084000
vt 0.916000 0.088000
vt 0.916000 0.096000
vt 0.924000 0.100000
vt 0.924000 0.096000
vt 0.920000 0.104000
vt 0.616000 0.896000
vt 0.964000 0.240000
vt 0.968000 0.708000
vt 0.976000 0.704000
vt 0.640000 0.940000
vt 0.084000 0.928000
vt 0.084000 0.924000
vt 0.064000 0.924000
vt 0.060000 0.924000
vt 0.072000 0.928000
vt 0.072000 0.932000
vt 0.084000 0.936000
vt 0.092000 0.936000
vt 0.100000 0.924000
vt 0.092000 0.924000
vt 0.092000 0.928000
vt 0.092000 0.932000
vt 0.096000 0.932000
vt 0.108000 0.928000
vt 0.108000 0.924000
vt 0.112000 0.924000
vt 0.100000 0.920000
vt 0.716000 0.940000
vt 0.720000 0.940000
vt 0.720000 0.936000
vt 0.720000 0.952000
vt 0.756000 0.956000
vt 0.748000 0.948000
vt 0.740000 0.948000
vt 0.740000 0.952000
vt 0.744000 0.956000
vt 0.748000 0.956000
vt 0.748000 0.960000
vt 0.960000 0.776000
vt 0.964000 0.788000
vt 0.344000 0.568000
vt 0.340000 0.568000
vt 0.340000 0.572000
vt 0.336000 0.572000
vt 0.332000 0.544000
vt 0.336000 0.544000
vt 0.332000 0.548000
vt 0.336000 0.580000
vt 0.332000 0.580000
vt 0.332000 0.604000
vt 0.336000 0.604000
vt 0.336000 0.612000
vt 0.336000 0.528000
vt 0.336000 0.536000
vt 0.340000 0.524000
vt 0.340000 0.528000
vt 0.336000 0.524000
vt 0.336000 0.520000
vt 0.356000 0.524000
vt 0.352000 0.524000
vt 0.352000 0.520000
vt 0.356000 0.520000
vt 0.360000 0.536000
vt 0.360000 0.528000
vt 0.364000 0.528000
vt 0.352000 0.536000
vt 0.372000 0.564000
vt 0.352000 0.620000
vt 0.352000 0.624000
vt 0.340000 0.616000
vt 0.344000 0.616000
vt 0.344000 0.620000
vt 0.364000 0.520000
vt 0.340000 0.612000
vt 0.824000 0.756000
vt 0.792000 0.752000
vt 0.792000 0.756000
vt 0.812000 0.760000
vt 0.820000 0.760000
vt 0.936000 0.280000
vt 0.956000 0.876000
vt 0.956000 0.880000
vt 0.948000 0.880000
vt 0.952000 0.888000
vt 0.956000 0.888000
vt 0.960000 0.884000
vt 0.956000 0.584000
vt 0.960000 0.592000
vt 0.556000 0.952000
vt 0.552000 0.960000
vt 0.552000 0.956000
vt 0.548000 0.960000
vt 0.544000 0.952000
vt 0.548000 0.948000
vt 0.552000 0.948000
vt 0.644000 0.132000
vt 0.956000 0.036000
vt 0.960000 0.040000
vt 0.116000 0.960000
vt 0.120000 0.956000
vt 0.940000 0.212000
vt 0.936000 0.212000
vt 0.936000 0.208000
vt 0.940000 0.216000
vt 0.512000 0.976000
vt 0.976000 0.568000
vt 0.972000 0.572000
vt 0.968000 0.456000
vt 0.968000 0.452000
vt 0.984000 0.864000
vt 0.972000 0.496000
vt 0.676000 0.976000
vt 0.932000 0.224000
vt 0.884000 0.724000
vt 0.884000 0.740000
vt 0.880000 0.740000
vt 0.880000 0.732000
vt 0.876000 0.732000
vt 0.880000 0.720000
vt 0.880000 0.724000
vt 0.872000 0.716000
vt 0.620000 0.960000
vt 0.592000 0.956000
vt 0.604000 0.956000
vt 0.924000 0.860000
vt 0.816000 0.724000
vt 0.820000 0.720000
vt 0.820000 0.724000
vt 0.824000 0.728000
vt 0.356000 0.964000
vt 0.952000 0.064000
vt 0.952000 0.072000
vt 0.940000 0.072000
vt 0.936000 0.068000
vt 0.940000 0.056000
vt 0.928000 0.316000
vt 0.932000 0.316000
vt 0.924000 0.308000
vt 0.924000 0.312000
vt 0.920000 0.312000
vt 0.920000 0.316000
vt 0.916000 0.316000
vt 0.916000 0.320000
vt 0.924000 0.332000
vt 0.928000 0.324000
vt 0.916000 0.044000
vt 0.912000 0.044000
vt 0.912000 0.048000
vt 0.916000 0.048000
vt 0.916000 0.052000
vt 0.920000 0.052000
vt 0.912000 0.036000
vt 0.912000 0.040000
vt 0.916000 0.040000
vt 0.916000 0.036000
vt 0.920000 0.056000
vt 0.924000 0.056000
vt 0.924000 0.048000
vt 0.920000 0.048000
vt 0.920000 0.036000
vt 0.924000 0.036000
vt 0.924000 0.032000
vt 0.920000 0.032000
vt 0.920000 0.016000
vt 0.916000 0.016000
vt 0.912000 0.020000
vt 0.916000 0.020000
vt 0.916000 0.004000
vt 0.908000 0.008000
vt 0.912000 0.000000
vt 0.296000 0.576000
vt 0.484000 0.976000
vt 0.488000 0.976000
vt 0.672000 0.940000
vt 0.676000 0.940000
vt 0.104000 0.952000
vt 0.108000 0.952000
vt 0.100000 0.948000
vt 0.952000 0.300000
vt 0.968000 0.336000
vt 0.296000 0.968000
vt 0.300000 0.976000
vt 0.472000 0.964000
vt 0.404000 0.952000
vt 0.912000 0.264000
vt 0.912000 0.268000
vt 0.924000 0.272000
vt 0.928000 0.280000
vt 0.936000 0.268000
vt 0.932000 0.268000
vt 0.932000 0.264000
vt 0.924000 0.256000
vt 0.916000 0.256000
vt 0.916000 0.264000
vt 0.568000 0.956000
vt 0.564000 0.952000
vt 0.820000 0.248000
vt 0.820000 0.256000
vt 0.816000 0.252000
vt 0.816000 0.240000
vt 0.820000 0.240000
vt 0.820000 0.228000
vt 0.816000 0.228000
vt 0.816000 0.224000
vt 0.824000 0.224000
vt 0.824000 0.228000
vt 0.832000 0.256000
vt 0.824000 0.256000
vt 0.828000 0.228000
vt 0.828000 0.224000
vt 0.836000 0.224000
vt 0.836000 0.264000
vt 0.832000 0.264000
vt 0.836000 0.228000
vt 0.832000 0.228000
vt 0.832000 0.232000
vt 0.832000 0.248000
vt 0.832000 0.252000
vt 0.836000 0.252000
vt 0.836000 0.256000
vt 0.840000 0.256000
vt 0.840000 0.264000
vt 0.844000 0.264000
vt 0.844000 0.272000
vt 0.836000 0.272000
vt 0.812000 0.252000
vt 0.824000 0.260000
vt 0.808000 0.268000
vt 0.808000 0.264000
vt 0.804000 0.272000
vt 0.804000 0.268000
vt 0.800000 0.276000
vt 0.800000 0.272000
vt 0.808000 0.284000
vt 0.804000 0.284000
vt 0.804000 0.276000
vt 0.820000 0.260000
vt 0.820000 0.264000
vt 0.816000 0.272000
vt 0.812000 0.272000
vt 0.812000 0.280000
vt 0.984000 0.272000
vt 0.316000 0.924000
vt 0.304000 0.920000
vt 0.308000 0.920000
vt 0.308000 0.916000
vt 0.320000 0.916000
vt 0.320000 0.920000
vt 0.008000 0.576000
vt 0.916000 0.824000
vt 0.916000 0.820000
vt 0.920000 0.820000
vt 0.916000 0.812000
vt 0.912000 0.812000
vt 0.904000 0.820000
vt 0.904000 0.824000
vt 0.900000 0.824000
vt 0.900000 0.828000
vt 0.896000 0.828000
vt 0.892000 0.836000
vt 0.892000 0.840000
vt 0.900000 0.840000
vt 0.900000 0.836000
vt 0.904000 0.836000
vt 0.904000 0.832000
vt 0.912000 0.832000
vt 0.928000 0.000000
vt 0.724000 0.956000
vt 0.720000 0.960000
vt 0.952000 0.204000
vt 0.956000 0.212000
vt 0.968000 0.288000
vt 0.960000 0.284000
vt 0.936000 0.052000
vt 0.940000 0.052000
vt 0.948000 0.044000
vt 0.944000 0.044000
vt 0.940000 0.040000
vt 0.936000 0.040000
vt 0.952000 0.564000
vt 0.964000 0.560000
vt 0.964000 0.564000
vt 0.960000 0.568000
vt 0.956000 0.568000
vt 0.996000 0.264000
vt 0.132000 0.956000
vt 0.124000 0.960000
vt 0.128000 0.952000
vt 0.944000 0.484000
vt 0.940000 0.484000
vt 0.940000 0.488000
vt 0.928000 0.492000
vt 0.924000 0.492000
vt 0.916000 0.492000
vt 0.916000 0.488000
vt 0.920000 0.488000
vt 0.732000 0.992000
vt 0.948000 0.588000
vt 0.952000 0.592000
vt 0.952000 0.596000
vt 0.948000 0.600000
vt 0.968000 0.320000
vt 0.860000 0.924000
vt 0.856000 0.924000
vt 0.856000 0.920000
vt 0.828000 0.932000
vt 0.836000 0.924000
vt 0.836000 0.928000
vt 0.828000 0.928000
vt 0.848000 0.920000
vt 0.848000 0.924000
vt 0.840000 0.924000
vt 0.832000 0.924000
vt 0.928000 0.232000
vt 0.928000 0.236000
vt 0.928000 0.240000
vt 0.924000 0.240000
vt 0.924000 0.252000
vt 0.932000 0.228000
vt 0.932000 0.232000
vt 0.924000 0.236000
vt 0.916000 0.232000
vt 0.920000 0.236000
vt 0.916000 0.240000
vt 0.920000 0.256000
vt 0.920000 0.240000
vt 0.912000 0.252000
vt 0.912000 0.248000
vt 0.480000 0.760000
vt 0.484000 0.760000
vt 0.484000 0.768000
vt 0.488000 0.768000
vt 0.488000 0.772000
vt 0.492000 0.772000
vt 0.492000 0.780000
vt 0.496000 0.780000
vt 0.496000 0.784000
vt 0.500000 0.784000
vt 0.500000 0.792000
vt 0.504000 0.792000
vt 0.504000 0.796000
vt 0.508000 0.796000
vt 0.508000 0.800000
vt 0.512000 0.800000
vt 0.512000 0.804000
vt 0.516000 0.804000
vt 0.516000 0.808000
vt 0.520000 0.808000
vt 0.520000 0.812000
vt 0.524000 0.812000
vt 0.524000 0.816000
vt 0.528000 0.816000
vt 0.528000 0.820000
vt 0.532000 0.820000
vt 0.532000 0.824000
vt 0.540000 0.824000
vt 0.540000 0.828000
vt 0.544000 0.828000
vt 0.532000 0.840000
vt 0.508000 0.840000
vt 0.492000 0.844000
vt 0.492000 0.836000
vt 0.496000 0.836000
vt 0.496000 0.840000
vt 0.504000 0.840000
vt 0.504000 0.836000
vt 0.528000 0.832000
vt 0.532000 0.832000
vt 0.532000 0.828000
vt 0.528000 0.828000
vt 0.528000 0.824000
vt 0.524000 0.824000
vt 0.524000 0.820000
vt 0.520000 0.820000
vt 0.520000 0.816000
vt 0.516000 0.816000
vt 0.516000 0.812000
vt 0.512000 0.812000
vt 0.512000 0.808000
vt 0.508000 0.808000
vt 0.508000 0.804000
vt 0.504000 0.804000
vt 0.504000 0.800000
vt 0.500000 0.800000
vt 0.500000 0.796000
vt 0.496000 0.796000
vt 0.496000 0.792000
vt 0.492000 0.792000
vt 0.492000 0.788000
vt 0.484000 0.788000
vt 0.484000 0.800000
vt 0.480000 0.800000
vt 0.480000 0.780000
vt 0.476000 0.780000
vt 0.476000 0.764000
vt 0.472000 0.764000
vt 0.476000 0.752000
vt 0.476000 0.756000
vt 0.480000 0.756000
vt 0.968000 0.184000
vt 0.192000 0.960000
vt 0.708000 0.436000
vt 0.704000 0.436000
vt 0.708000 0.428000
vt 0.708000 0.432000
vt 0.720000 0.432000
vt 0.720000 0.440000
vt 0.756000 0.440000
vt 0.756000 0.436000
vt 0.768000 0.436000
vt 0.768000 0.432000
vt 0.776000 0.424000
vt 0.776000 0.404000
vt 0.780000 0.404000
vt 0.780000 0.408000
vt 0.784000 0.408000
vt 0.784000 0.416000
vt 0.780000 0.416000
vt 0.720000 0.444000
vt 0.708000 0.444000
vt 0.728000 0.452000
vt 0.720000 0.452000
vt 0.740000 0.456000
vt 0.728000 0.456000
vt 0.752000 0.448000
vt 0.752000 0.452000
vt 0.740000 0.452000
vt 0.768000 0.444000
vt 0.768000 0.448000
vt 0.772000 0.440000
vt 0.772000 0.444000
vt 0.780000 0.436000
vt 0.780000 0.440000
vt 0.784000 0.436000
vt 0.780000 0.420000
vt 0.368000 0.924000
vt 0.100000 0.956000
vt 0.916000 0.056000
vt 0.920000 0.060000
vt 0.932000 0.060000
vt 0.932000 0.064000
vt 0.924000 0.064000
vt 0.924000 0.072000
vt 0.920000 0.072000
vt 0.916000 0.060000
vt 0.912000 0.064000
vt 0.912000 0.060000
vt 0.908000 0.064000
vt 0.912000 0.072000
vt 0.912000 0.068000
vt 0.936000 0.076000
vt 0.936000 0.080000
vt 0.932000 0.080000
vt 0.916000 0.080000
vt 0.932000 0.084000
vt 0.920000 0.084000
vt 0.948000 0.224000
vt 0.152000 0.956000
vt 0.160000 0.960000
vt 0.632000 0.168000
vt 0.968000 0.308000
vt 0.976000 0.312000
vt 0.960000 0.580000
vt 0.960000 0.576000
vt 0.964000 0.576000
vt 0.960000 0.572000
vt 0.956000 0.572000
vt 0.952000 0.576000
vt 0.900000 0.372000
vt 0.920000 0.372000
vt 0.924000 0.376000
vt 0.924000 0.380000
vt 0.920000 0.384000
vt 0.952000 0.912000
vt 0.948000 0.920000
vt 0.948000 0.932000
vt 0.944000 0.932000
vt 0.940000 0.924000
vt 0.944000 0.920000
vt 0.944000 0.916000
vt 0.788000 0.420000
vt 0.788000 0.404000
vt 0.792000 0.424000
vt 0.788000 0.440000
vt 0.624000 0.624000
vt 0.608000 0.628000
vt 0.408000 0.972000
vt 0.892000 0.964000
vt 0.456000 0.872000
vt 0.464000 0.872000
vt 0.468000 0.880000
vt 0.472000 0.888000
vt 0.472000 0.892000
vt 0.468000 0.896000
vt 0.468000 0.892000
vt 0.464000 0.892000
vt 0.464000 0.884000
vt 0.460000 0.884000
vt 0.456000 0.876000
vt 0.956000 0.800000
vt 0.956000 0.808000
vt 0.644000 0.404000
vt 0.076000 0.956000
vt 0.092000 0.960000
vt 0.960000 0.056000
vt 0.956000 0.060000
vt 0.952000 0.068000
vt 0.960000 0.072000
vt 0.960000 0.864000
vt 0.964000 0.868000
vt 0.316000 0.884000
vt 0.316000 0.880000
vt 0.320000 0.888000
vt 0.312000 0.892000
vt 0.312000 0.896000
vt 0.316000 0.896000
vt 0.316000 0.900000
vt 0.304000 0.896000
vt 0.380000 0.972000
vt 0.376000 0.976000
vt 0.316000 0.976000
vt 0.320000 0.976000
vt 0.952000 0.692000
vt 0.952000 0.688000
vt 0.956000 0.696000
vt 0.964000 0.692000
vt 0.976000 0.160000
vt 0.920000 0.960000
vt 0.716000 0.976000
vt 0.720000 0.968000
vt 0.928000 0.848000
vt 0.928000 0.844000
vt 0.916000 0.840000
vt 0.944000 0.708000
vt 0.944000 0.720000
vt 0.932000 0.708000
vt 0.940000 0.252000
s 0
usemtl Aquarium_1_Backup_Material
f 2806/1/1 2813/2/1 2812/3/1
f 2104/4/2 2095/5/2 2099/6/2
f 1778/7/1 1267/8/1 1779/9/1
f 1205/10/3 1190/11/3 1206/12/3
f 4068/13/4 4084/14/4 4064/15/4
f 932/16/4 981/17/4 980/18/4
f 1018/19/3 848/20/3 914/21/3
f 2274/22/3 2276/23/3 2275/24/3
f 1465/25/4 1929/26/4 1466/27/4
f 300/28/3 348/29/3 299/30/3
f 2549/31/5 2887/32/5 2888/33/5
f 1931/34/4 2082/35/4 1933/36/4
f 2199/37/6 2200/38/6 2190/39/6
f 3753/40/4 3787/41/4 3788/42/4
f 1990/43/3 2165/44/3 1995/45/3
f 3676/46/6 3668/47/6 3675/48/6
f 336/49/6 334/50/6 330/51/6
f 3328/52/4 3351/53/4 3323/54/4
f 1060/55/4 1078/56/4 1059/57/4
f 284/58/3 252/59/3 279/60/3
f 2622/61/5 2624/62/5 2623/63/5
f 347/64/6 349/65/6 348/50/6
f 2921/66/1 2791/67/1 2926/68/1
f 923/69/4 925/70/4 926/71/4
f 319/72/4 383/73/4 384/74/4
f 851/75/4 620/76/4 621/77/4
f 2268/78/2 2264/79/2 2280/80/2
f 2704/81/1 2993/82/1 2852/83/1
f 1482/84/4 1319/85/4 1323/86/4
f 3519/87/3 3467/88/3 3461/89/3
f 2043/90/5 2201/91/5 2354/92/5
f 3538/93/6 3530/94/6 3533/95/6
f 1747/6/3 1730/96/3 1719/97/3
f 2315/98/1 2469/99/1 2470/100/1
f 1743/101/5 1732/102/5 1761/103/5
f 581/104/4 660/105/4 661/106/4
f 3775/107/6 3782/108/6 3776/109/6
f 2774/110/1 2916/111/1 2773/112/1
f 2098/113/3 2107/114/3 2099/115/3
f 2612/116/5 2615/117/5 2614/118/5
f 2868/119/5 3004/120/5 2873/121/5
f 1378/122/3 3460/123/3 1384/124/3
f 503/125/3 502/126/3 436/127/3
f 732/128/4 792/129/4 790/130/4
f 1950/131/4 2111/132/4 2109/133/4
f 3973/134/6 3975/135/6 3976/136/6
f 505/137/6 500/138/6 506/139/6
f 1770/140/3 1756/141/3 1750/142/3
f 2655/143/3 2665/144/3 2673/145/3
f 2831/146/1 2990/147/1 2987/148/1
f 362/149/3 249/150/3 250/151/3
f 2947/152/5 2945/153/5 2944/154/5
f 1594/155/6 1576/156/6 1582/157/6
f 3835/158/2 3809/159/2 3831/160/2
f 3193/161/4 3236/20/4 3235/21/4
f 2711/162/6 2695/163/6 2703/164/6
f 3417/165/4 3378/166/4 3387/167/4
f 3302/168/5 3344/169/5 3308/170/5
f 2573/171/3 2571/172/3 2570/173/3
f 3274/174/3 1291/175/3 1292/176/3
f 2027/177/3 1854/178/3 1855/179/3
f 218/180/3 219/181/3 188/182/3
f 3479/183/1 3533/184/1 3530/185/1
f 1089/186/6 1088/187/6 1090/188/6
f 968/189/2 1003/190/2 979/191/2
f 374/192/2 315/193/2 366/194/2
f 117/195/2 114/196/2 118/197/2
f 3716/198/6 3723/199/6 3724/200/6
f 2695/201/1 2833/202/1 2697/203/1
f 3078/204/4 3138/205/4 3073/206/4
f 3527/207/3 3474/208/3 3471/88/3
f 2458/209/2 2478/210/2 2461/211/2
f 2940/212/5 2942/213/5 2941/214/5
f 3949/215/5 3976/216/5 3975/217/5
f 84/218/2 55/219/2 82/220/2
f 619/221/4 843/222/4 677/223/4
f 2819/224/5 2956/225/5 2818/226/5
f 3342/227/5 3261/228/5 3258/229/5
f 2395/230/4 2389/231/4 2238/232/4
f 2517/233/1 2190/234/1 2528/235/1
f 2292/236/2 2435/237/2 2273/238/2
f 569/239/6 570/240/6 567/241/6
f 2591/242/3 2751/243/3 2897/244/3
f 3752/245/3 3750/246/3 3749/247/3
f 2552/248/6 2557/249/6 2558/250/6
f 2405/251/2 2267/252/2 2408/253/2
f 456/254/2 393/255/2 394/256/2
f 2599/257/3 2434/258/3 2420/171/3
f 3924/259/2 3908/260/2 3922/261/2
f 2101/262/4 1781/263/4 2100/264/4
f 2804/265/1 2950/266/1 2803/267/1
f 1209/268/5 1199/269/5 1195/270/5
f 1168/271/1 1124/272/1 1077/273/1
f 2544/274/3 2382/275/3 2383/276/3
f 2270/277/1 2260/278/1 2259/279/1
f 287/280/3 257/281/3 258/282/3
f 919/191/2 913/283/2 912/284/2
f 3464/285/3 1390/286/3 1383/287/3
f 2863/288/3 2534/289/3 2531/290/3
f 3661/291/6 3658/292/6 3659/293/6
f 3870/294/1 3904/295/1 3842/296/1
f 1789/297/6 1791/298/6 1790/299/6
f 3872/300/5 3903/301/5 3901/302/5
f 306/303/3 280/304/3 304/305/3
f 854/306/2 798/307/2 853/308/2
f 3929/309/2 3906/310/2 3930/311/2
f 1253/312/6 1259/313/6 1252/314/6
f 3014/315/5 2880/316/5 2878/222/5
f 2447/63/5 2636/317/5 2635/318/5
f 3250/319/1 3286/320/1 3251/321/1
f 3981/322/6 3983/323/6 3975/324/6
f 1333/325/5 3451/326/5 3452/327/5
f 2546/328/6 2551/329/6 2544/330/6
f 4018/331/1 4017/332/1 4016/333/1
f 1221/334/5 1209/335/5 1207/336/5
f 2487/337/4 2499/338/4 2698/339/4
f 2710/340/4 2703/163/4 2702/341/4
f 1641/342/4 1522/343/4 1523/344/4
f 660/345/2 645/346/2 661/327/2
f 9/347/2 25/348/2 26/349/2
f 3627/350/1 3628/351/1 3629/352/1
f 2938/353/4 3027/354/4 2935/355/4
f 3960/356/6 3957/357/6 3959/358/6
f 2076/359/4 2239/360/4 2077/361/4
f 3082/362/1 3086/363/1 3144/364/1
f 1654/365/3 1628/366/3 1629/367/3
f 2495/368/5 2683/369/5 2498/370/5
f 1530/371/4 2361/372/4 2198/373/4
f 554/374/3 1101/375/3 553/376/3
f 3190/377/6 3187/378/6 3188/379/6
f 3080/380/6 3082/381/6 3081/382/6
f 297/383/6 299/384/6 298/385/6
f 3746/386/1 3683/387/1 3710/388/1
f 2485/389/6 2482/390/6 2483/391/6
f 3764/392/6 3763/393/6 3755/394/6
f 32/395/3 38/396/3 39/397/3
f 2838/398/1 2843/399/1 2840/400/1
f 1328/401/1 1816/402/1 1814/403/1
f 3689/404/2 3692/405/2 3688/406/2
f 879/407/4 653/408/4 654/21/4
f 2103/409/3 1777/410/3 1778/411/3
f 440/412/4 586/413/4 439/414/4
f 868/415/4 919/416/4 918/417/4
f 2573/418/1 2404/419/1 2574/420/1
f 1921/421/6 1931/422/6 1933/141/6
f 3304/169/5 3346/423/5 3347/424/5
f 829/425/3 793/426/3 794/427/3
f 425/428/3 571/412/3 426/429/3
f 281/430/4 251/431/4 253/432/4
f 3848/433/1 3849/434/1 3879/435/1
f 2018/436/2 2186/437/2 2019/438/2
f 3046/439/6 3043/440/6 3045/441/6
f 3238/442/6 3236/443/6 3237/444/6
f 2367/445/6 2369/446/6 2368/447/6
f 2242/448/4 2390/449/4 2382/450/4
f 2793/451/6 2794/452/6 2783/453/6
f 1254/454/4 3241/455/4 3242/340/4
f 1188/456/6 1186/457/6 1190/458/6
f 1214/459/6 1209/460/6 1213/461/6
f 1871/462/6 1865/463/6 1872/464/6
f 4086/465/4 4095/466/4 4080/467/4
f 1368/468/4 1856/469/4 2025/470/4
f 2590/471/3 2605/472/3 2589/473/3
f 3207/474/3 3154/205/3 3205/475/3
f 170/476/3 74/477/3 98/478/3
f 845/479/2 857/480/2 860/481/2
f 1338/122/4 3453/482/4 1693/483/4
f 2689/484/6 2700/485/6 2699/486/6
f 391/487/6 389/488/6 385/489/6
f 1324/490/4 1493/491/4 1487/492/4
f 139/493/4 181/494/4 155/495/4
f 2427/249/1 2594/496/1 2426/250/1
f 2278/497/4 2280/381/4 2118/498/4
f 2629/499/5 2783/500/5 2630/501/5
f 3910/502/2 3938/216/2 3909/503/2
f 1024/504/3 996/505/3 997/506/3
f 3996/507/3 4049/508/3 4033/509/3
f 2518/510/6 2519/511/6 2507/512/6
f 2560/513/3 2398/514/3 2399/515/3
f 527/516/4 522/517/4 521/518/4
f 2320/519/5 2318/520/5 2165/159/5
f 704/521/2 643/522/2 696/523/2
f 2307/524/6 2303/525/6 2304/526/6
f 1052/527/6 1053/528/6 1051/529/6
f 1583/530/3 1679/531/3 1582/532/3
f 2239/533/2 2395/61/2 2238/534/2
f 1056/535/4 786/536/4 783/537/4
f 3660/3/2 3632/538/2 3662/539/2
f 3282/282/4 3316/540/4 3281/541/4
f 1156/542/4 1158/485/4 1155/543/4
f 1843/544/3 1357/545/3 1835/546/3
f 1846/547/2 1835/548/2 1836/549/2
f 1274/550/3 3266/551/3 1273/552/3
f 3828/553/2 3801/554/2 3802/555/2
f 583/556/2 642/557/2 649/558/2
f 3569/559/5 3588/560/5 3572/561/5
f 3583/562/2 3603/142/2 3602/563/2
f 744/564/3 698/266/3 742/153/3
f 3522/565/4 3548/566/4 3520/567/4
f 500/568/4 545/569/4 506/570/4
f 3840/571/4 3808/572/4 3780/573/4
f 2391/574/6 2398/575/6 2397/576/6
f 1388/577/3 1885/578/3 1387/579/3
f 3880/580/2 3852/581/2 3875/582/2
f 3323/583/5 3350/584/5 3330/585/5
f 58/220/2 81/586/2 52/587/2
f 2871/588/5 2534/589/5 2872/590/5
f 2079/591/6 2073/592/6 2074/254/6
f 2803/593/6 2795/594/6 2797/595/6
f 2758/596/1 2905/597/1 2757/598/1
f 3681/599/4 3682/600/4 3683/601/4
f 3933/602/5 3966/603/5 3937/604/5
f 1282/605/5 3268/606/5 1276/607/5
f 1553/608/1 1658/609/1 1552/610/1
f 1970/611/6 1965/612/6 1968/298/6
f 3217/442/6 3222/370/6 3224/613/6
f 2088/614/4 1937/65/4 2092/615/4
f 1655/616/3 1619/617/3 1648/618/3
f 2126/619/1 2129/620/1 2131/621/1
f 3379/622/2 3387/623/2 3375/624/2
f 856/625/3 854/626/3 853/627/3
f 3226/628/5 3236/629/5 3225/630/5
f 3101/631/5 3156/632/5 3104/633/5
f 332/634/2 293/635/2 283/636/2
f 904/637/4 878/638/4 877/639/4
f 2251/640/6 2257/127/6 2249/421/6
f 2034/641/5 2033/642/5 1874/643/5
f 523/644/4 563/645/4 561/646/4
f 3029/647/3 2934/648/3 2923/649/3
f 1793/650/3 1310/651/3 1311/652/3
f 959/653/2 899/654/2 900/655/2
f 77/656/4 175/657/4 103/658/4
f 4014/659/6 4019/660/6 4022/661/6
f 3624/662/5 3648/663/5 3705/664/5
f 584/523/2 525/665/2 576/666/2
f 1138/667/3 1136/668/3 1135/669/3
f 2629/670/4 2923/671/4 2924/672/4
f 3893/673/6 3894/674/6 3889/675/6
f 2928/676/3 2798/677/3 2787/678/3
f 2979/679/6 2969/680/6 2975/681/6
f 2824/682/5 2971/683/5 2829/684/5
f 528/685/2 573/686/2 522/687/2
f 703/688/3 696/689/3 697/690/3
f 260/691/2 238/383/2 230/692/2
f 2813/693/3 2811/3/3 2812/694/3
f 1635/695/5 1521/292/5 1516/293/5
f 2822/696/3 2652/697/3 2795/698/3
f 3980/699/4 3923/700/4 3908/701/4
f 3528/702/6 3523/703/6 3520/704/6
f 1681/705/4 1584/706/4 1585/531/4
f 2779/707/1 2922/708/1 2915/709/1
f 805/710/2 869/711/2 806/712/2
f 1945/713/6 1946/208/6 1947/303/6
f 1854/714/5 2024/715/5 1856/716/5
f 45/717/4 46/718/4 47/719/4
f 970/720/1 1031/721/1 910/722/1
f 1124/723/2 1096/724/2 1095/725/2
f 3972/726/3 3991/727/3 3973/728/3
f 2023/729/6 2020/730/6 2021/584/6
f 4037/731/4 4047/170/4 4034/732/4
f 26/733/4 20/734/4 19/735/4
f 2965/736/1 3092/737/1 3091/738/1
f 395/739/4 193/740/4 239/741/4
f 1335/742/5 1812/743/5 1341/744/5
f 2197/745/1 2356/746/1 2196/747/1
f 3924/748/1 3923/749/1 3926/750/1
f 847/751/2 840/752/2 839/753/2
f 2281/754/3 2283/755/3 2426/238/3
f 4074/756/4 4089/757/4 4077/758/4
f 777/759/3 457/408/3 460/760/3
f 2724/486/1 2732/761/1 2725/762/1
f 1322/763/1 1805/764/1 1321/765/1
f 3283/766/1 3352/767/1 3324/768/1
f 3615/769/3 3671/702/3 3645/770/3
f 2315/771/3 2164/772/3 1999/773/3
f 3064/774/4 3119/775/4 3063/345/4
f 949/776/2 943/777/2 946/778/2
f 4014/779/5 4015/780/5 4031/781/5
f 2262/782/3 2109/133/3 2110/783/3
f 1923/384/6 1922/89/6 1920/784/6
f 1183/785/6 1181/786/6 1180/787/6
f 345/788/4 241/789/4 242/790/4
f 3329/791/1 3355/792/1 3328/793/1
f 93/794/6 95/795/6 94/796/6
f 2663/797/4 2662/798/4 2775/799/4
f 3721/800/5 3638/801/5 3722/802/5
f 1407/803/4 1571/804/4 1473/805/4
f 3270/806/6 3268/807/6 3269/443/6
f 2761/808/1 2902/809/1 2760/596/1
f 3317/807/3 3285/810/3 3319/811/3
f 3872/812/6 3871/813/6 3874/814/6
f 1746/815/5 1759/816/5 1742/817/5
f 2217/232/2 2365/818/2 2370/446/2
f 2536/819/3 2371/820/3 2362/746/3
f 116/821/3 82/822/3 111/823/3
f 373/824/3 366/825/3 367/826/3
f 1140/827/4 1142/828/4 1139/829/4
f 2093/830/3 1936/65/3 2087/615/3
f 3264/831/4 3295/229/4 3257/832/4
f 990/833/3 966/739/3 899/834/3
f 3686/835/1 3682/836/1 3653/837/1
f 2451/838/4 2802/839/4 2445/840/4
f 3830/841/2 3854/842/2 3857/843/2
f 1801/844/3 1800/845/3 1335/846/3
f 3521/847/6 3526/848/6 3527/849/6
f 845/850/2 837/752/2 908/851/2
f 2660/852/1 2654/853/1 2653/854/1
f 2737/855/1 2864/856/1 2721/357/1
f 3514/857/4 3444/858/4 3540/859/4
f 1749/860/1 1766/358/1 1748/861/1
f 3878/862/3 3849/863/3 3880/864/3
f 891/865/2 826/866/2 816/867/2
f 2296/868/6 2298/869/6 2287/870/6
f 3644/871/4 3667/872/4 3641/873/4
f 2520/807/4 2716/874/4 2512/443/4
f 2029/875/2 2015/876/2 2178/877/2
f 3389/878/6 3394/879/6 3396/667/6
f 115/880/2 119/881/2 120/882/2
f 1610/883/4 1492/884/4 1498/885/4
f 2851/886/6 2852/492/6 2863/887/6
f 1623/888/4 1513/889/4 1633/890/4
f 1848/891/4 2019/892/4 1847/893/4
f 1832/894/3 1821/895/3 2003/896/3
f 574/897/2 646/898/2 640/899/2
f 2267/900/4 2410/901/4 2408/902/4
f 1298/903/3 3435/904/3 1297/905/3
f 2196/906/3 2355/907/3 2201/908/3
f 2522/909/1 2514/910/1 2352/911/1
f 2091/912/6 2081/913/6 2082/914/6
f 514/915/2 475/916/2 476/917/2
f 3475/918/6 3470/919/6 3480/920/6
f 2544/921/4 2740/922/4 2545/848/4
f 765/923/4 767/924/4 701/925/4
f 4015/926/2 4005/927/2 4018/928/2
f 2714/605/3 2707/929/3 2708/930/3
f 3100/931/5 3161/932/5 3110/933/5
f 268/934/6 266/935/6 265/936/6
f 1231/937/3 1221/938/3 1207/939/3
f 3254/940/1 3293/941/1 3253/942/1
f 3053/943/1 3122/944/1 3116/945/1
f 3250/946/6 3241/947/6 3246/948/6
f 3323/949/6 3329/950/6 3328/951/6
f 2469/952/3 2468/100/3 2470/953/3
f 3937/954/3 3966/955/3 3997/956/3
f 2733/957/3 2533/958/3 2731/959/3
f 1679/960/5 1589/961/5 1582/292/5
f 3161/962/3 3109/963/3 3110/964/3
f 2455/965/6 2461/211/6 2451/966/6
f 2200/967/1 2361/445/1 2353/447/1
f 3413/968/4 3419/969/4 3405/970/4
f 2015/971/1 2334/671/1 2178/972/1
f 1844/973/3 2183/974/3 2017/975/3
f 3593/976/2 3580/977/2 3592/978/2
f 691/979/6 692/980/6 689/981/6
f 3679/982/4 3614/983/4 3581/984/4
f 1161/985/5 609/986/5 785/987/5
f 89/988/2 92/989/2 90/990/2
f 1935/991/6 1936/992/6 1934/993/6
f 2298/994/1 1978/995/1 1979/996/1
f 732/997/1 733/998/1 734/999/1
f 2245/1000/5 2243/1001/5 2072/1002/5
f 578/1003/2 566/1004/2 629/1005/2
f 687/1006/2 742/1007/2 698/1008/2
f 3696/1009/3 3694/1010/3 3695/1011/3
f 1286/1012/4 1780/1013/4 1268/1014/4
f 3959/1015/3 3958/1016/3 3961/1017/3
f 1574/1018/5 1406/1019/5 1575/1020/5
f 1617/154/1 1498/1021/1 1499/1022/1
f 1483/1023/1 1318/1024/1 1319/1025/1
f 1137/1026/2 1134/1027/2 1133/1028/2
f 4030/1029/6 4029/1030/6 4032/1031/6
f 945/1032/2 962/1033/2 950/1034/2
f 2720/1035/2 2708/197/2 2846/1036/2
f 676/1037/2 613/1038/2 614/326/2
f 3262/1039/5 3298/1040/5 3337/1041/5
f 1211/1042/6 1209/270/6 1208/1043/6
f 1269/1044/5 3258/607/5 1274/1045/5
f 2523/520/4 2525/1046/4 2522/1047/4
f 738/1048/6 736/774/6 735/346/6
f 2349/746/1 2527/1049/1 2348/909/1
f 3504/1050/6 3502/1051/6 3503/1052/6
f 2242/1053/5 2382/1054/5 2550/1055/5
f 2734/1056/2 2737/1057/2 2721/202/2
f 832/1058/2 877/1059/2 863/1060/2
f 1954/1061/3 1953/1062/3 1960/789/3
f 3761/1063/1 3793/629/1 3792/630/1
f 3615/1064/6 3614/1065/6 3607/1066/6
f 3620/1067/6 3622/1068/6 3619/1069/6
f 1019/1070/4 1050/249/4 1020/1071/4
f 2496/1072/1 2689/1073/1 2688/1074/1
f 2536/1075/6 2534/1076/6 2535/1077/6
f 1591/1078/4 1680/1079/4 1590/1080/4
f 1206/724/1 1213/1081/1 1202/268/1
f 2207/1082/1 2049/1083/1 1880/440/1
f 477/1084/4 518/1085/4 519/1086/4
f 2350/1087/6 2355/967/6 2356/1088/6
f 669/1089/3 906/1090/3 720/1091/3
f 606/1092/6 604/811/6 603/806/6
f 669/1093/5 393/459/5 601/1094/5
f 4087/1095/5 4098/1096/5 4088/1097/5
f 2268/1098/5 2112/1099/5 2265/1100/5
f 2974/440/5 2693/227/5 2826/1101/5
f 579/1102/4 574/1103/4 573/1104/4
f 1470/1105/6 1699/1106/6 1698/932/6
f 883/1107/2 948/1108/2 947/1109/2
f 3729/1110/2 3696/1111/2 3730/1112/2
f 1117/1113/2 1122/1027/2 1118/1114/2
f 2811/203/2 2806/1115/2 2812/1116/2
f 879/1117/2 941/653/2 880/1118/2
f 2057/1119/5 2542/1120/5 2884/1121/5
f 2524/1122/6 2512/1123/6 2506/1124/6
f 2054/1125/6 2055/590/6 2060/1126/6
f 1887/1127/3 1398/1128/3 1399/1129/3
f 3219/1130/6 3220/1131/6 3221/1132/6
f 1091/263/2 1115/1133/2 1092/1134/2
f 1251/1135/1 1252/726/1 1707/1136/1
f 2650/1137/6 2641/1138/6 2642/1139/6
f 2116/1030/3 1785/1140/3 1782/1141/3
f 2025/1142/6 2026/1143/6 2027/1144/6
f 2797/1145/3 2642/1067/3 2632/1146/3
f 12/1147/4 14/1148/4 11/1149/4
f 1382/1150/5 1525/1151/5 1377/1152/5
f 3404/1153/1 3419/1154/1 3421/1155/1
f 417/1156/2 429/1157/2 471/1158/2
f 2463/1159/1 2157/1160/1 2473/1161/1
f 1982/1162/1 1987/1163/1 1988/1164/1
f 724/1165/6 722/1166/6 721/1167/6
f 362/1168/3 616/1169/3 618/1170/3
f 152/882/3 115/195/3 154/880/3
f 3298/1040/1 3343/1171/1 3297/1172/1
f 177/1173/2 213/1174/2 175/1175/2
f 3515/609/6 3509/1176/6 3510/610/6
f 3091/1177/3 3041/1178/3 3042/1179/3
f 3411/1180/3 3393/1181/3 3389/1182/3
f 270/1183/4 223/1184/4 269/1185/4
f 3326/1186/1 3359/1187/1 3361/1188/1
f 1094/1189/3 1029/1176/3 1030/19/3
f 352/1190/2 415/1191/2 353/1192/2
f 968/1193/3 967/1194/3 969/1195/3
f 48/719/3 49/1196/3 24/718/3
f 1178/1197/3 1176/1198/3 1177/1199/3
f 2930/153/3 2947/267/3 2799/154/3
f 2677/1200/1 2970/1201/1 2674/1202/1
f 454/126/4 504/1203/4 505/1204/4
f 3981/1205/5 3995/1206/5 3994/1207/5
f 3546/1208/6 3543/1209/6 3544/1066/6
f 407/1210/1 611/1211/1 341/1212/1
f 1104/1213/2 1140/539/2 1139/1214/2
f 1038/1215/3 1064/1216/3 1037/1217/3
f 3684/1218/2 3653/867/2 3681/1219/2
f 2616/1220/4 2762/1221/4 2593/1222/4
f 4062/467/4 4060/534/4 4055/1223/4
f 3678/1224/4 3703/1225/4 3666/1010/4
f 2631/389/6 2621/1226/6 2633/1227/6
f 2823/229/1 2969/1101/1 2667/1228/1
f 2853/1229/3 2846/876/3 2847/1230/3
f 1255/1231/1 3240/1232/1 3243/1233/1
f 2706/1234/4 2505/1235/4 2506/1236/4
f 1414/691/3 1903/286/3 1413/385/3
f 91/1237/2 85/1238/2 86/1239/2
f 2530/1240/2 2713/1241/2 2718/1242/2
f 1638/342/3 1526/1243/3 1527/344/3
f 841/1244/1 678/1245/1 616/1246/1
f 3739/1247/6 3736/1248/6 3737/1249/6
f 231/1250/3 224/1251/3 225/1252/3
f 1263/1253/1 3252/1254/1 1262/1255/1
f 2449/1256/3 2444/1257/3 2448/1258/3
f 201/1259/6 203/1260/6 204/1261/6
f 1457/1262/5 3501/130/5 3500/128/5
f 3507/1263/3 3436/1264/3 3429/1265/3
f 3084/1266/3 3032/1267/3 3080/1268/3
f 3960/1269/3 3986/1270/3 3956/1271/3
f 2468/1272/2 2315/1273/2 2470/231/2
f 3274/1274/5 1685/1275/5 3272/1276/5
f 3533/1277/4 3553/1278/4 3528/1279/4
f 3103/1280/1 3164/1281/1 3102/963/1
f 3741/1282/1 3708/1283/1 3707/1284/1
f 667/1285/6 662/744/6 668/1286/6
f 2914/1230/5 3018/1287/5 2915/1229/5
f 3943/1288/5 3858/1289/5 3917/1290/5
f 2317/1159/6 2327/719/6 2328/1291/6
f 999/1292/2 990/1293/2 989/1294/2
f 2051/1295/5 2534/1296/5 2216/1297/5
f 1143/1298/2 1142/1299/2 1141/1300/2
f 1678/1301/3 1588/1167/3 1589/1302/3
f 3581/977/2 3595/1303/2 3582/978/2
f 1983/1304/1 2149/1305/1 2148/1306/1
f 2696/1307/6 2697/1308/6 2681/1096/6
f 3329/1309/4 3304/1310/4 3340/1311/4
f 320/74/3 386/1312/3 387/73/3
f 589/1313/3 533/1314/3 536/1315/3
f 1725/1316/1 1722/1317/1 1721/1318/1
f 2118/199/1 2284/953/1 2283/200/1
f 2265/1319/2 2105/1320/2 2106/1321/2
f 1379/124/4 3462/285/4 3463/123/4
f 2105/1322/1 2263/1323/1 2267/1324/1
f 2087/1325/6 2086/1326/6 2088/1327/6
f 1290/1328/1 1955/1329/1 1289/1330/1
f 3053/1266/4 3111/1331/4 3046/1268/4
f 2231/1332/3 2067/1333/3 2062/1334/3
f 2908/1287/1 3017/1335/1 2907/1336/1
f 2600/1337/5 2602/1338/5 2601/1339/5
f 605/1340/5 1139/1341/5 777/1342/5
f 1526/1343/6 1536/1344/6 1535/1345/6
f 487/1346/4 482/1347/4 481/1348/4
f 1644/654/3 1620/1349/3 1614/655/3
f 4040/1350/1 4042/1351/1 4043/1352/1
f 2738/1353/4 2539/1354/4 2541/1355/4
f 1621/367/4 1647/1356/4 1615/1349/4
f 3247/1357/6 3249/1358/6 3248/118/6
f 3935/1359/6 3927/1360/6 3933/1361/6
f 1999/1362/5 2163/1363/5 2005/1364/5
f 2277/1365/2 2418/1366/2 2290/1099/2
f 1776/1367/5 1261/1368/5 1264/1369/5
f 3065/129/1 3131/1370/1 3064/1371/1
f 3150/1372/6 3157/1373/6 3148/1374/6
f 2968/1375/4 2679/1376/4 2680/1377/4
f 195/1378/4 145/1379/4 161/1380/4
f 567/1003/4 633/1381/4 634/1382/4
f 3222/1383/4 3231/1384/4 3224/504/4
f 2293/1385/5 1971/1386/5 1976/1387/5
f 921/1388/3 916/16/3 917/1389/3
f 1533/1390/5 1475/1391/5 1396/1392/5
f 18/1393/3 16/1394/3 15/1148/3
f 3568/1395/3 3594/1396/3 3599/1397/3
f 2080/1398/4 2234/1399/4 2073/844/4
f 2359/1400/3 2050/1401/3 2033/1402/3
f 1050/1360/6 1047/1403/6 1048/1404/6
f 2292/1405/5 2137/1406/5 2440/1407/5
f 2628/1408/4 2782/1409/4 2617/1410/4
f 2416/1337/1 2597/1411/1 2415/1412/1
f 3819/1413/2 3793/1414/2 3820/1415/2
f 3858/1416/3 3830/1417/3 3915/1418/3
f 2760/1419/4 2895/1420/4 2752/1421/4
f 3493/1422/4 3533/575/4 3484/1423/4
f 3256/1424/6 3264/20/6 3257/161/6
f 1829/1425/1 2006/1426/1 1828/993/1
f 3790/1427/5 3822/1428/5 3716/1429/5
f 901/1430/2 879/1431/2 881/1432/2
f 3926/1433/2 3946/1434/2 3947/1435/2
f 1119/1436/2 1093/1068/2 1094/1437/2
f 92/1438/5 396/1439/5 207/1440/5
f 960/884/2 955/778/2 957/1441/2
f 2317/1442/5 2467/1443/5 2322/943/5
f 46/1444/2 78/396/2 47/1445/2
f 1324/1446/1 1482/1447/1 1323/1448/1
f 1334/1449/4 1808/971/4 1322/1450/4
f 2351/1451/4 2045/1452/4 2202/1453/4
f 1598/1454/5 1460/1455/5 1443/1456/5
f 725/1166/6 726/1457/6 728/1458/6
f 3404/1459/6 3403/1460/6 3408/1461/6
f 2344/1462/4 2501/1463/4 2343/1464/4
f 1815/991/1 1996/1465/1 1817/1466/1
f 510/1467/6 508/1468/6 507/138/6
f 3801/1469/4 3912/1470/4 3825/1471/4
f 1047/1472/5 992/1473/5 1067/1474/5
f 1509/1017/1 2181/1475/1 1508/1006/1
f 611/1476/2 675/1037/2 612/1477/2
f 3040/1478/1 3090/1479/1 3087/1480/1
f 272/1481/3 226/1185/3 246/1183/3
f 2001/1482/6 2002/1483/6 1996/1484/6
f 1454/1485/4 3496/1486/4 1453/1487/4
f 2012/1488/6 2013/1011/6 2014/1489/6
f 3442/1490/3 1296/441/3 3440/1491/3
f 2438/1492/4 2609/1493/4 2427/471/4
f 1178/1494/2 1173/1495/2 1175/1496/2
f 3587/1497/6 3588/1498/6 3589/1499/6
f 617/1500/2 677/1501/2 615/1502/2
f 1233/1081/1 1240/1503/1 1239/1504/1
f 2034/1505/6 2037/1506/6 2035/1507/6
f 342/1508/3 184/1509/3 214/1510/3
f 3993/1511/6 3995/1207/6 3990/1205/6
f 785/1512/6 783/1513/6 786/1514/6
f 3985/1515/6 3986/1516/6 3987/1517/6
f 2494/368/4 2682/1518/4 2491/1519/4
f 2221/1520/3 2534/1521/3 2543/1522/3
f 2690/46/5 2827/1523/5 2678/48/5
f 3720/1524/1 3714/1525/1 3764/1526/1
f 692/1527/4 747/1528/4 689/266/4
f 3989/1529/2 3971/749/2 3970/750/2
f 4044/1530/6 4042/1531/6 4041/1532/6
f 96/1533/3 164/1534/3 95/1535/3
f 3471/1536/6 3473/1537/6 3460/1538/6
f 1915/1539/4 2070/1540/4 1916/1541/4
f 1602/1542/3 1460/1543/3 1599/1544/3
f 3281/541/3 3245/1545/3 3240/1546/3
f 1068/1547/6 1069/1548/6 1067/1549/6
f 2043/1550/4 1879/1551/4 2049/1552/4
f 3384/1553/3 3382/1554/3 3383/1555/3
f 2423/1378/5 2426/1556/5 2284/1557/5
f 3795/1558/4 3755/1559/4 3762/1560/4
f 3217/1561/5 3231/628/5 3232/630/5
f 183/1379/3 142/1562/3 156/494/3
f 2839/1563/4 2955/1564/4 2952/1565/4
f 2854/1566/4 2507/532/4 2519/1567/4
f 758/1568/2 768/710/2 770/712/2
f 3008/1569/4 2860/1570/4 2870/1571/4
f 4072/1572/6 4073/524/6 4066/1573/6
f 1124/1574/4 1126/1575/4 1123/1576/4
f 1570/1019/1 1372/1577/1 1564/1578/1
f 682/1579/6 680/981/6 679/1580/6
f 4037/1581/5 4013/956/5 4000/1582/5
f 1441/1583/4 3487/944/4 1440/1584/4
f 2068/1585/3 1898/1586/3 2057/1587/3
f 3441/1588/6 3444/959/6 3446/1589/6
f 644/1590/2 631/1591/2 686/1592/2
f 2418/1593/1 2431/818/1 2432/445/1
f 1027/1594/6 1029/565/6 1028/567/6
f 2702/1595/1 2695/1255/1 2497/1596/1
f 1960/26/5 1958/1597/5 1792/1598/5
f 2207/1599/3 2051/1600/3 2049/1552/3
f 1450/1601/4 1921/1602/4 1449/1603/4
f 4077/928/5 4090/1604/5 4073/1605/5
f 1664/1606/3 1566/1607/3 1559/1608/3
f 143/1609/4 138/1610/4 137/1611/4
f 954/1612/4 956/1613/4 953/1614/4
f 135/1615/3 134/1616/3 136/1617/3
f 1285/1618/1 3430/1037/1 1284/1619/1
f 3139/1620/5 3196/1621/5 3132/1622/5
f 1162/1623/2 1157/1624/2 1159/151/2
f 2102/411/5 1781/264/5 1777/262/5
f 1735/816/1 1752/201/1 1737/1115/1
f 1451/1625/6 1416/1626/6 1400/1627/6
f 983/1628/2 979/1629/2 977/1630/2
f 3321/1631/3 3244/540/3 3320/1632/3
f 4047/1633/6 4048/169/6 4049/170/6
f 434/1634/2 481/1635/2 428/1636/2
f 1502/766/3 1627/1637/3 1512/1638/3
f 244/1639/3 266/1640/3 243/881/3
f 2137/1641/1 2136/1642/1 1969/1643/1
f 1960/1644/2 1784/1497/2 1952/1031/2
f 402/1645/2 339/442/2 340/1646/2
f 3533/184/5 3554/1647/5 3552/1648/5
f 1650/1649/3 1553/837/3 1546/1650/3
f 2728/1651/2 2537/1652/2 2724/1653/2
f 2967/1654/1 3044/1655/1 2966/1656/1
f 3563/1657/4 3489/1658/4 3490/1659/4
f 3058/1660/4 3122/1661/4 3054/1476/4
f 2720/1662/1 2858/212/1 2856/1663/1
f 3400/1664/2 3380/1665/2 3381/1666/2
f 919/1667/2 932/1668/2 980/1669/2
f 1151/1670/2 1177/1671/2 1176/1672/2
f 1525/1673/4 1375/188/4 1377/1674/4
f 1950/1386/1 1272/1675/1 1949/1676/1
f 2414/1677/3 2418/1678/3 2417/1163/3
f 1909/384/6 1915/286/6 1916/385/6
f 1349/1679/1 1543/1680/1 1540/1681/1
f 1236/913/5 1245/1682/5 1246/1683/5
f 184/1684/2 176/1685/2 214/1686/2
f 1238/1687/5 1218/1688/5 1229/1689/5
f 3497/128/3 1455/1690/3 1456/1262/3
f 1980/842/2 1965/1691/2 1966/1692/2
f 2988/1693/2 2984/1694/2 2867/1695/2
f 1141/1696/5 1103/1697/5 1191/1698/5
f 879/919/5 585/1699/5 375/1700/5
f 1103/523/4 606/1701/4 603/1702/4
f 590/1703/6 588/1704/6 589/240/6
f 1772/1705/3 1942/208/3 1771/303/3
f 1833/1706/4 2323/1707/4 2007/1708/4
f 3208/1709/6 3205/1710/6 3203/1711/6
f 2624/118/5 2777/633/5 2776/1358/5
f 3787/555/1 3816/1712/1 3789/1414/1
f 938/1713/2 874/1118/2 937/1714/2
f 2218/1715/4 2367/1412/4 2365/1716/4
f 3123/1717/3 3134/1718/3 3061/774/3
f 1299/1719/5 3438/1720/5 3439/1721/5
f 1596/1722/5 1433/1723/5 1445/1724/5
f 3017/1725/3 2914/1726/3 2907/1727/3
f 1695/1728/1 1494/1729/1 1495/1730/1
f 1820/1466/5 1998/1731/5 1997/1465/5
f 874/1732/2 848/1701/2 920/1733/2
f 2347/1402/1 2029/1336/1 2341/1401/1
f 817/562/3 810/1734/3 811/1735/3
f 3561/495/5 3532/1736/5 3489/1737/5
f 1488/1738/3 1690/1739/3 1484/1740/3
f 2339/1741/6 2327/1742/6 2330/1053/6
f 827/1743/2 894/69/2 828/711/2
f 3214/1744/3 3172/306/3 3165/1745/3
f 3093/1746/4 3043/1747/4 3099/1748/4
f 794/1749/1 845/973/1 844/1750/1
f 960/1751/3 958/932/3 959/1612/3
f 2138/1752/2 2312/1753/2 2149/1754/2
f 3771/1755/3 3770/1756/3 3773/830/3
f 433/1757/4 428/824/4 427/1758/4
f 1708/1759/4 1712/351/4 1707/1760/4
f 1275/552/4 3268/174/4 3264/551/4
f 2591/1761/2 2573/450/2 2753/1762/2
f 1228/869/1 1216/537/1 1215/1763/1
f 1628/585/5 1663/1764/5 1631/1765/5
f 3242/1299/6 3240/1026/6 3239/1766/6
f 2607/1767/2 2604/1768/2 2767/1769/2
f 1982/1770/2 1809/1771/2 1797/1772/2
f 2209/37/3 2047/1773/3 2042/1774/3
f 2914/1775/6 2921/1776/6 2913/1777/6
f 664/1778/2 597/1779/2 582/1780/2
f 2718/329/1 2733/678/1 2731/1781/1
f 278/1782/4 303/1783/4 301/1784/4
f 3305/1785/3 3272/1786/3 3273/1787/3
f 160/1788/2 141/1789/2 158/1790/2
f 3048/1226/3 2966/1791/3 3044/696/3
f 1800/1430/5 2138/1792/5 1974/1793/5
f 4070/1794/4 4072/1573/4 4069/1795/4
f 3056/1660/3 3124/1796/3 3059/1038/3
f 769/1797/2 715/1006/2 702/1008/2
f 3446/1266/5 3512/1798/5 3441/1799/5
f 3354/1800/3 3336/1801/3 3322/1298/3
f 2330/1802/3 2482/1803/3 2495/1804/3
f 2798/1805/5 2929/1806/5 2805/1807/5
f 2032/1808/4 2188/1541/4 2186/1809/4
f 2435/1810/4 2442/684/4 2436/1811/4
f 1162/761/3 1160/1812/3 1161/485/3
f 2321/1267/6 2324/1813/6 2316/1400/6
f 1215/1814/4 1238/1815/4 1228/1816/4
f 228/1817/2 251/1818/2 222/1819/2
f 1567/1820/4 1667/1302/4 1562/1606/4
f 3188/1821/3 3119/1822/3 3115/1823/3
f 1620/1824/1 1648/1825/1 1619/761/1
f 585/763/2 653/676/2 586/1826/2
f 2283/1332/2 2278/1761/2 2118/1762/2
f 2282/1827/5 2279/1828/5 2278/1829/5
f 2341/757/6 2348/1088/6 2347/1830/6
f 368/1831/2 356/1832/2 418/1190/2
f 3752/1833/1 3754/1834/1 3753/1835/1
f 1600/1836/5 1446/1837/5 1462/1838/5
f 2211/1839/4 1871/547/4 1882/1840/4
f 1928/1841/4 2080/1842/4 1927/1601/4
f 1977/1843/3 1982/1844/3 1981/1106/3
f 679/1845/3 624/1846/3 625/1847/3
f 1626/970/3 1516/1848/3 1517/1849/3
f 3365/1850/6 3362/1851/6 3355/1852/6
f 1220/1853/1 1232/1854/1 1231/1855/1
f 3412/1140/5 3418/1856/5 3413/1857/5
f 3478/1858/4 3530/1859/4 3529/474/4
f 2850/532/3 2510/1860/3 2502/930/3
f 557/646/3 509/1861/3 510/1862/3
f 1355/564/4 1834/1863/4 1354/1864/4
f 121/898/4 605/1865/4 122/1685/4
f 4010/1866/1 3990/1867/1 3973/1868/1
f 2963/1596/6 2965/1869/6 2964/1870/6
f 526/1871/2 516/597/2 564/1872/2
f 79/1873/3 107/1874/3 56/1875/3
f 1654/1876/6 1645/1877/6 1646/1878/6
f 2690/1879/4 2688/1880/4 2689/1881/4
f 4075/1882/4 4073/15/4 4058/1883/4
f 437/1103/3 430/1884/3 431/1885/3
f 3046/1720/1 3105/1886/1 3047/1887/1
f 2300/1888/5 2448/808/5 2450/112/5
f 1622/1889/1 1646/1890/1 1621/1825/1
f 337/1891/2 401/1645/2 338/108/2
f 2116/1031/1 1783/1155/1 2114/1497/1
f 3384/1892/2 3377/311/2 3392/1893/2
f 1844/1894/6 1837/1895/6 1839/1896/6
f 724/1897/1 400/1898/1 612/1899/1
f 917/1900/1 979/1901/1 978/1902/1
f 1727/1316/5 1740/1903/5 1739/1904/5
f 2768/1905/3 2638/1410/3 2767/1906/3
f 3477/1907/5 3526/204/5 3525/1908/5
f 4064/1909/1 4078/1910/1 4054/1911/1
f 1510/1912/1 2199/324/1 2190/1913/1
f 1906/1914/4 2066/1915/4 1907/1916/4
f 2737/1917/3 2537/848/3 2735/958/3
f 1755/1918/4 1764/1919/4 1749/1920/4
f 2136/1921/6 2134/1922/6 2133/612/6
f 2538/1880/6 2517/1234/6 2528/1923/6
f 1730/1924/2 1724/1925/2 1721/1926/2
f 1202/1927/1 1187/1928/1 1188/1929/1
f 3568/1808/2 3565/1930/2 3574/1931/2
f 1242/1932/1 1247/1933/1 1241/1504/1
f 1804/1934/1 1985/1935/1 1975/1936/1
f 1978/547/6 1991/1937/6 1998/1763/6
f 4036/1938/6 4037/1939/6 4034/1940/6
f 1305/1941/5 1793/1449/5 1311/1942/5
f 1837/1143/5 2013/1943/5 2011/1944/5
f 335/1945/5 953/1946/5 671/1947/5
f 2738/27/5 2876/1948/5 2877/26/5
f 619/1949/1 346/1950/1 556/1951/1
f 773/1952/6 771/577/6 774/683/6
f 3127/1113/5 3184/1953/5 3130/1954/5
f 3279/1955/5 1294/1257/5 1291/1956/5
f 3852/1957/4 3971/1958/4 4000/1959/4
f 2939/1960/6 2966/1961/6 2971/1962/6
f 1948/254/4 1272/1963/4 1280/1964/4
f 3786/1965/4 3816/1966/4 3817/1967/4
f 146/1968/3 197/1969/3 162/1378/3
f 1550/1018/3 1363/1036/3 1358/1578/3
f 1857/1970/3 1369/1971/3 1366/1972/3
f 2314/1973/6 2313/1047/6 2311/1462/6
f 3711/1974/6 3715/1975/6 3714/1976/6
f 2296/1977/1 2135/1963/1 2631/1978/1
f 3727/405/2 3721/1979/2 3722/406/2
f 3900/1980/2 3864/1715/2 3895/259/2
f 2503/1617/6 2495/1981/6 2498/1055/6
f 1689/1739/1 1480/1673/1 1688/1674/1
f 2814/682/1 2959/923/1 2958/1811/1
f 2611/1982/1 2772/1983/1 2610/566/1
f 1202/1929/2 1197/1984/2 1203/1928/2
f 766/1129/2 757/1568/2 767/1985/2
f 2499/1986/2 2346/1987/2 2505/1988/2
f 2533/1406/3 1883/1989/3 1872/1990/3
f 1484/1991/1 1691/1992/1 1481/1080/1
f 1799/1993/6 1797/1181/6 1794/1994/6
f 2005/1489/6 2003/1995/6 1999/1482/6
f 3623/1996/4 3618/1997/4 3617/1998/4
f 2393/1569/5 2563/112/5 2564/1999/5
f 4029/2000/1 4027/2001/1 4024/1233/1
f 726/2002/1 404/2003/1 1136/2004/1
f 1587/1543/5 1431/1400/5 1418/2005/5
f 2656/2006/6 2667/2007/6 2669/2008/6
f 2728/2009/1 2737/589/1 2735/531/1
f 2235/1516/5 2378/2010/5 2237/2011/5
f 1995/2012/2 2010/2013/2 1994/1126/2
f 2114/2014/4 1786/709/4 2113/1188/4
f 1083/217/4 1108/2015/4 1084/216/4
f 187/2016/1 23/2017/1 368/2018/1
f 269/1705/2 301/305/2 270/1782/2
f 2709/2019/5 2518/2020/5 2507/2021/5
f 699/2022/4 694/2023/4 693/2024/4
f 3135/2025/3 3182/1953/3 3197/1810/3
f 1461/1542/4 1600/2026/4 1462/1544/4
f 583/2027/3 576/1347/3 577/2028/3
f 148/2029/2 111/2030/2 140/145/2
f 3473/2031/3 1389/2032/3 1475/2033/3
f 369/825/4 364/1250/4 363/2034/4
f 4080/2035/1 4097/2036/1 4079/2037/1
f 3806/843/6 3803/2038/6 3804/1756/6
f 3665/871/6 3666/361/6 3668/2039/6
f 3116/2040/1 3188/2041/1 3115/2042/1
f 2689/1881/3 2701/262/3 2688/1880/3
f 2484/444/1 2685/369/1 2482/370/1
f 1453/2043/5 3497/2044/5 1456/2045/5
f 963/1679/3 950/2046/3 962/2047/3
f 3914/2048/6 3916/1071/6 3915/2049/6
f 2143/2050/3 1991/2051/3 1978/2052/3
f 67/1198/2 40/2053/2 29/2054/2
f 3482/1859/1 3536/831/1 3481/474/1
f 85/1091/4 205/2055/4 194/1090/4
f 3643/2056/6 3644/1069/6 3641/1068/6
f 295/2057/6 291/28/6 296/2058/6
f 3258/1039/6 3255/2059/6 3253/2060/6
f 2964/1563/1 2815/2061/1 2656/2062/1
f 2530/1053/3 2205/719/3 2206/1291/3
f 4002/2063/6 4008/2064/6 4010/2065/6
f 2188/2066/6 2185/2067/6 2184/377/6
f 562/2068/2 626/2069/2 563/2070/2
f 764/1486/6 762/1718/6 763/1048/6
f 2764/2047/4 2898/1388/4 2756/2071/4
f 668/2072/4 716/2073/4 717/2074/4
f 2281/278/1 2444/2075/1 2443/2076/1
f 3666/2077/1 3697/2078/1 3668/2079/1
f 3837/2080/1 3832/2081/1 3809/836/1
f 1985/1144/6 1986/1425/6 1975/1821/6
f 1604/2082/3 1490/2083/3 1485/2084/3
f 3934/2085/3 3949/2086/3 3952/2087/3
f 1299/2088/4 3434/441/4 1279/2089/4
f 2698/2090/2 2662/2091/2 2664/2092/2
f 1606/2093/1 1492/430/1 1611/2094/1
f 235/2095/2 259/691/2 229/692/2
f 1500/2096/4 1343/491/4 1506/2097/4
f 1895/2098/5 2061/2099/5 2060/1112/5
f 890/2100/2 878/2101/2 905/2102/2
f 3630/2103/6 3626/2104/6 3627/994/6
f 3065/1718/4 3140/1370/4 3141/2105/4
f 1696/763/5 1810/2106/5 1334/742/5
f 3326/2107/3 3360/1037/3 3332/1619/3
f 1996/2108/4 2166/238/4 2162/1990/4
f 2783/500/1 2630/501/1 2445/2109/1
f 2466/2007/4 2657/2110/4 2460/2008/4
f 1004/2111/2 1002/1173/2 1001/2112/2
f 3955/2113/5 3983/928/5 3982/1605/5
f 1279/245/1 3432/2089/1 1278/227/1
f 1387/2114/5 1884/2115/5 1392/577/5
f 2123/2116/6 2124/2117/6 2125/2118/6
f 2627/628/3 2606/2119/3 2607/2120/3
f 1627/2121/5 1517/2122/5 1512/2123/5
f 1294/2015/4 3277/2124/4 1293/175/4
f 1399/2125/5 1888/1232/5 1887/2126/5
f 985/2127/2 982/2128/2 981/2129/2
f 2687/2130/1 2693/2131/1 2692/1449/1
f 337/2132/4 211/2133/4 175/2134/4
f 499/2135/2 537/2136/2 489/2137/2
f 36/2138/2 63/1198/2 28/2054/2
f 3413/2139/6 3414/2140/6 3417/2141/6
f 1675/2142/5 1583/2143/5 1576/2144/5
f 1812/2145/5 1994/1483/5 1826/1484/5
f 3524/307/1 3468/2146/1 3469/2147/1
f 1513/2148/6 1506/2149/6 1524/2150/6
f 1079/1134/3 1065/2151/3 1066/56/3
f 557/569/6 559/239/6 558/241/6
f 1354/2152/5 1833/2153/5 1345/2154/5
f 2621/921/5 2770/1983/5 2634/566/5
f 2617/2155/1 2769/2156/1 2616/1408/1
f 970/2157/4 1008/849/4 1009/1588/4
f 3004/2158/3 3009/2159/3 2878/2160/3
f 747/2161/6 748/1972/6 745/1527/6
f 1182/2162/5 1194/2163/5 1198/2164/5
f 2991/2165/1 3050/2166/1 2992/2167/1
f 800/2168/2 858/1278/2 801/307/2
f 102/2169/6 100/2170/6 99/2171/6
f 1295/1287/5 3426/2172/5 1298/2173/5
f 863/2174/4 847/2175/4 846/638/4
f 1816/2176/6 1817/2177/6 1814/2178/6
f 1271/2179/3 1951/2180/3 1784/2181/3
f 2880/2182/4 3012/711/4 2879/2183/4
f 852/2184/2 924/1713/2 923/1714/2
f 1725/2185/4 1727/2186/4 1728/264/4
f 1632/2187/5 1513/1581/5 1518/2188/5
f 2096/2189/6 2105/1320/6 2106/1321/6
f 548/2190/4 93/2191/4 94/2192/4
f 538/2193/2 529/809/2 539/597/2
f 3750/2194/1 3761/1490/1 3760/2195/1
f 1913/1914/5 2071/1540/5 1919/1541/5
f 1693/439/5 3454/40/5 1325/2196/5
f 3597/546/5 3581/2197/5 3615/2198/5
f 796/308/4 840/1745/4 838/2199/4
f 1144/878/2 1106/1001/2 1145/668/2
f 1895/2200/6 1890/2201/6 1901/2202/6
f 589/2203/5 325/2204/5 256/2205/5
f 2738/2206/6 2739/854/6 2742/1307/6
f 3756/2207/6 3757/2088/6 3753/245/6
f 1082/2208/3 1097/2209/3 1081/1436/3
f 2469/729/6 2462/1764/6 2471/2210/6
f 2983/1570/1 2976/2211/1 2839/2212/1
f 313/29/4 353/2213/4 351/2214/4
f 2227/2215/6 2243/1392/6 2232/2216/6
f 179/1510/4 341/2217/4 213/2218/4
f 4052/2219/4 4054/2011/4 4051/1515/4
f 3343/2009/6 3341/170/6 3342/168/6
f 1639/2202/5 1527/2220/5 1520/2201/5
f 3640/2221/3 3612/2222/3 3611/2223/3
f 2644/2008/1 2643/2224/1 2457/2225/1
f 1712/416/6 1713/2226/6 1711/2227/6
f 2743/1727/4 2881/2228/4 2745/2229/4
f 3805/2230/4 3733/1248/4 3732/2231/4
f 426/2232/2 362/2233/2 425/2234/2
f 3458/2235/5 1332/1257/5 3457/2236/5
f 1277/2237/4 3430/2238/4 3431/2239/4
f 132/2240/2 155/2241/2 133/2053/2
f 1507/1233/1 1343/814/1 1344/2242/1
f 3452/2243/3 1332/483/3 1333/2244/3
f 3863/2245/5 3920/2246/5 3918/2247/5
f 2170/2248/1 1471/657/1 2491/2249/1
f 395/2250/2 375/1175/2 377/2251/2
f 2486/1464/1 2476/2252/1 2323/98/1
f 2243/2253/3 2228/2254/3 2384/2255/3
f 3136/2256/6 3143/2257/6 3142/2258/6
f 3112/2259/5 3171/2260/5 3172/2261/5
f 2447/2262/4 1308/2263/4 1805/2264/4
f 1013/2265/6 1011/2266/6 1010/2267/6
f 1637/1386/5 1522/695/5 1636/1387/5
f 3558/2268/5 3444/2269/5 3544/2270/5
f 1866/35/6 1875/2271/6 1876/2272/6
f 2680/2030/1 2834/2273/1 2832/2274/1
f 356/2275/3 316/2276/3 354/2213/3
f 2111/2277/6 2118/2278/6 2112/2279/6
f 3426/2280/6 3431/2281/6 3429/2282/6
f 3741/2283/5 3841/535/5 3840/2284/5
f 2180/440/1 1844/2285/1 1845/1101/1
f 2155/2286/6 2154/2287/6 2143/2288/6
f 3276/2289/4 3310/903/4 3275/1785/4
f 1171/1671/2 1149/2290/2 1172/1672/2
f 2004/1809/1 2173/1914/1 2003/2291/1
f 3087/2292/2 3091/616/2 3088/2293/2
f 1967/843/2 2126/1692/2 2131/488/2
f 1831/893/1 2014/1944/1 1830/1143/1
f 779/2294/3 729/2295/3 730/2296/3
f 2378/2297/3 2386/2298/3 2247/411/3
f 2654/1742/2 2624/2299/2 2625/2284/2
f 1110/2300/3 1089/1206/3 1090/217/3
f 362/1501/2 342/680/2 408/2301/2
f 1904/2302/3 1420/1743/3 1421/710/3
f 1367/2303/1 2029/2304/1 1860/2305/1
f 1918/356/3 1447/1603/3 1448/860/3
f 2207/1269/6 2209/2306/6 2201/323/6
f 3052/2307/6 3057/2308/6 3056/2309/6
f 1713/2310/3 1251/2311/3 1711/1392/3
f 65/2312/2 87/2313/2 59/2314/2
f 2489/2315/6 2480/2316/6 2490/2317/6
f 717/2318/6 712/2319/6 718/2320/6
f 1423/71/4 1906/2321/4 1422/1743/4
f 4059/2322/4 4067/1795/4 4065/2323/4
f 2037/2324/1 1368/2325/1 1858/2326/1
f 3059/2327/5 3061/2328/5 2995/2329/5
f 25/1393/4 35/397/4 36/395/4
f 472/2330/2 511/2331/2 473/2332/2
f 2863/1221/5 2997/1985/5 2869/2333/5
f 1718/1638/6 1715/2334/6 1716/2335/6
f 1652/750/4 1547/1649/4 1554/2081/4
f 474/2336/3 475/367/3 432/2337/3
f 2172/159/5 2327/911/5 2177/2338/5
f 2590/2339/6 2585/2340/6 2583/2341/6
f 488/2342/2 521/1990/2 482/192/2
f 438/2343/2 367/2344/2 430/2345/2
f 3561/2346/4 3591/2347/4 3551/2348/4
f 2275/2349/2 2137/2350/2 2272/2351/2
f 304/304/2 271/1934/2 272/2352/2
f 3285/2353/2 3281/2354/2 3319/753/2
f 322/2355/2 279/2356/2 314/167/2
f 2132/2357/3 1958/2358/3 2117/2359/3
f 1523/2360/5 1640/1650/5 1641/837/5
f 709/2361/4 711/2362/4 645/2363/4
f 3895/2364/1 3898/606/1 3900/607/1
f 3157/2365/4 3202/2366/4 3149/129/4
f 3243/2367/3 1260/2368/3 1255/1383/3
f 3710/198/2 3682/277/2 3687/200/2
f 1194/2163/1 1181/2369/1 1182/2162/1
f 3442/2370/6 3448/2371/6 3453/2372/6
f 1120/2373/1 548/2374/1 722/2375/1
f 3256/2376/5 3295/2377/5 3296/2378/5
f 2830/2379/5 2688/1074/5 2691/2380/5
f 1468/617/4 3499/2381/4 1452/2382/4
f 2595/2383/3 2899/2384/3 2763/2385/3
f 1164/2386/2 1126/657/2 1125/2387/2
f 1869/2388/6 1867/2244/6 1868/2389/6
f 1974/2390/4 2139/2391/4 2293/2392/4
f 48/2393/2 17/1199/2 18/2138/2
f 1381/924/5 1867/2394/5 1866/2395/5
f 68/2396/3 67/2397/3 29/2398/3
f 1224/2399/3 1210/1387/3 1211/334/3
f 492/666/2 431/2400/2 484/1702/2
f 1063/2401/6 1065/2402/6 1064/2403/6
f 27/2404/2 51/2405/2 20/2406/2
f 2903/1545/6 2899/1035/6 2898/880/6
f 2949/1255/1 3034/2407/1 2948/1869/1
f 3506/784/6 3508/2408/6 3507/286/6
f 2375/2409/5 1530/2410/5 2220/2411/5
f 150/196/4 114/2412/4 149/2413/4
f 1542/2414/4 1700/2415/4 1701/2416/4
f 1009/2417/6 1007/2418/6 1006/2419/6
f 3414/342/5 3422/1362/5 3415/2420/5
f 2155/2421/5 2309/23/5 2308/669/5
f 3393/2422/5 3409/1180/5 3401/1182/5
f 2253/2423/5 2082/2424/5 2254/2425/5
f 3761/506/2 3752/2426/2 3783/2427/2
f 1244/2428/4 1248/2429/4 1242/2430/4
f 4030/2431/5 4045/732/5 4044/731/5
f 1771/2432/5 1940/2433/5 1773/2434/5
f 3624/2435/2 3646/2436/2 3618/2437/2
f 2056/2438/3 2225/2286/3 2055/2439/3
f 2614/2010/4 2603/2440/4 2600/2441/4
f 3265/2442/3 1685/2443/3 1686/1493/3
f 3650/539/6 3649/694/6 3645/2056/6
f 1074/2444/6 1071/1548/6 1072/2445/6
f 3972/1736/2 3949/493/2 3948/2103/2
f 3786/2446/6 3787/2447/6 3789/1840/6
f 549/2448/6 550/2449/6 547/1820/6
f 1955/1329/5 2122/2450/5 1963/2451/5
f 3284/751/6 3282/2452/6 3281/2354/6
f 2630/2453/4 2619/2454/4 2439/2455/4
f 2572/2456/1 2591/2457/1 2586/2458/1
f 91/2459/4 33/2460/4 42/2461/4
f 3601/2462/1 3586/2463/1 3583/2464/1
f 3061/2377/2 3068/1179/2 3062/2378/2
f 258/2465/6 255/2466/6 256/2467/6
f 3698/2468/3 3669/2469/3 3737/1506/3
f 1941/1821/6 1942/993/6 1943/992/6
f 3323/583/1 3354/2470/1 3322/2471/1
f 568/2472/1 308/2473/1 249/2474/1
f 3027/649/6 3028/2475/6 3029/2287/6
f 3419/1352/6 3420/1229/6 3421/1664/6
f 1861/2476/1 1869/2477/1 1373/17/1
f 1672/1648/5 1573/2478/5 1578/2479/5
f 2786/2480/3 2629/670/3 2618/1211/3
f 120/2481/3 88/1531/3 60/2482/3
f 818/522/2 753/192/2 810/665/2
f 328/2483/2 319/2484/2 329/2485/2
f 330/1312/4 390/1192/4 336/2486/4
f 2557/2487/5 2894/2488/5 2560/2489/5
f 1327/2131/1 1809/2490/1 1326/971/1
f 1097/2491/2 1127/253/2 1128/252/2
f 2400/2492/4 2563/1596/4 2401/513/4
f 2044/2493/5 2030/2494/5 2193/2495/5
f 4060/2496/2 4075/2272/2 4058/35/2
f 3120/2497/4 3190/1144/4 3116/1822/4
f 341/2498/1 175/1323/1 213/2499/1
f 614/2022/3 342/2500/3 402/2501/3
f 1710/2502/4 1302/2503/4 1718/2504/4
f 2152/1973/4 2307/1464/4 2305/2505/4
f 75/1421/2 103/1732/2 73/1431/2
f 3366/2506/3 3339/1589/3 3335/2507/3
f 1908/438/6 1906/2165/6 1907/449/6
f 3048/2508/6 3038/2482/6 3049/2509/6
f 380/72/3 323/2510/3 326/2511/3
f 3647/2512/2 3640/47/2 3677/48/2
f 1380/2513/5 1875/2125/5 1388/2514/5
f 3999/2515/6 3997/1352/6 3998/1665/6
f 748/2516/4 806/2517/4 745/2518/4
f 2035/2519/3 1873/2520/3 1874/2521/3
f 2107/2522/5 2105/1322/5 2104/2523/5
f 1283/2524/5 3277/942/5 3278/940/5
f 3104/1476/6 3102/1479/6 3101/2525/6
f 1608/2526/1 1490/2527/1 1605/460/1
f 1572/2528/5 1670/421/5 1577/2529/5
f 4099/2530/6 4100/299/6 4101/2531/6
f 2637/846/3 2800/2532/3 2646/1252/3
f 1278/2533/3 3433/2534/3 1285/2535/3
f 340/1323/3 176/535/3 212/2536/3
f 239/2250/2 194/990/2 205/989/2
f 2269/2537/1 2412/2538/1 2268/360/1
f 676/2539/3 841/2540/3 616/151/3
f 824/2541/5 893/2542/5 896/2543/5
f 3000/2544/5 3067/1052/5 2996/1050/5
f 2658/2540/5 2816/2545/5 2815/2061/5
f 2788/2546/1 2928/1286/1 2787/677/1
f 2114/489/6 2115/830/6 2116/2547/6
f 517/1468/6 518/2548/6 520/2549/6
f 381/2550/3 442/2551/3 378/2552/3
f 2749/1948/4 2892/2553/4 2887/2554/4
f 2108/2555/1 2096/2556/1 2095/1621/1
f 2984/1932/1 2989/2557/1 2985/2558/1
f 2351/520/5 2524/910/5 2523/911/5
f 3532/2559/3 3491/1936/3 3492/2560/3
f 868/2561/1 744/2562/1 872/2563/1
f 3329/791/5 3356/2012/5 3294/2564/5
f 673/2565/2 651/1432/2 652/2566/2
f 127/2567/4 209/2568/4 128/1923/4
f 2643/1116/2 2636/815/2 2633/452/2
f 206/2569/3 89/2570/3 200/2055/3
f 112/2412/2 108/1615/2 134/1617/2
f 3107/2571/4 3158/2572/4 3106/2573/4
f 1495/1281/6 1827/1466/6 1815/962/6
f 2881/2574/5 2739/2575/5 2541/1750/5
f 2491/2317/6 2492/2225/6 2494/2315/6
f 3694/2576/2 3664/2577/2 3695/2578/2
f 931/2579/2 917/2580/2 978/2581/2
f 928/189/2 856/2582/2 927/2583/2
f 1746/1203/6 1745/2584/6 1743/2585/6
f 175/2586/1 73/1403/1 103/2587/1
f 1314/2588/1 1476/2589/1 1687/2590/1
f 1225/2591/4 1213/1535/4 1217/2592/4
f 908/1512/3 909/2507/3 845/2593/3
f 2049/2288/6 2052/353/6 2047/2594/6
f 735/2154/3 681/2595/3 682/213/3
f 3356/1481/7 3350/2596/7 3352/2090/7
f 470/2597/3 508/2598/3 469/255/3
f 1373/924/3 1867/2599/3 1376/2600/3
f 1886/2601/6 1885/122/6 1875/2602/6
f 3790/2603/3 3792/42/3 3793/1996/3
f 721/2604/3 399/2605/3 400/1025/3
f 1172/1199/4 1174/2606/4 1171/2607/4
f 1111/2592/4 1058/2608/4 1055/2609/4
f 796/850/2 792/1900/2 791/2610/2
f 1698/2611/5 1472/2535/5 1470/181/5
f 3513/849/6 3514/958/6 3511/1588/6
f 3085/1021/1 3152/1663/1 3084/2612/1
f 520/2613/4 569/1315/4 517/2614/4
f 821/2615/4 823/2616/4 757/2617/4
f 658/1286/6 656/742/6 657/676/6
f 2124/2618/4 1955/2619/4 2286/60/4
f 4053/2229/2 4065/1842/2 4054/1602/2
f 2223/2323/6 2222/2620/6 2216/2621/6
f 1801/2622/2 1793/2623/2 1792/193/2
f 2675/1/5 2824/2624/5 2686/46/5
f 2957/1870/2 2814/513/2 2958/2625/2
f 1541/540/3 1349/1018/3 1540/1446/3
f 451/1714/3 450/2073/3 372/2074/3
f 3428/2626/3 1295/2237/3 1684/2177/3
f 3287/2627/6 3289/320/6 3288/437/6
f 2343/2628/5 2500/1677/5 2337/1163/5
f 1593/1455/4 1412/2629/4 1419/2630/4
f 2368/1337/3 2217/260/3 2370/1715/3
f 3283/2631/4 3286/2632/4 3356/1837/4
f 1907/2633/5 2065/2634/5 1908/2635/5
f 4073/2636/4 4091/758/4 4066/14/4
f 1515/2360/5 1375/2637/5 1514/2303/5
f 2090/2638/5 1931/2639/5 1450/735/5
f 2981/32/3 2829/2640/3 2971/2031/3
f 3540/2641/1 3556/1497/1 3542/2642/1
f 3425/1362/3 3414/2643/3 3406/2420/3
f 1170/2644/3 1168/2645/3 1167/2646/3
f 3709/2647/5 3744/246/5 3712/2648/5
f 2647/2649/3 2814/2650/3 2820/2651/3
f 1818/2652/3 1830/2653/3 1374/2654/3
f 1966/2655/3 2298/2656/3 1980/2657/3
f 61/1758/3 54/2658/3 55/825/3
f 1320/2659/4 3454/2660/4 3450/2661/4
f 804/2518/3 754/2662/3 802/2663/3
f 74/2664/1 176/2665/1 104/2404/1
f 318/2666/2 363/2667/2 312/2355/2
f 862/2668/3 844/2669/3 845/2670/3
f 3628/2671/2 3601/2672/2 3629/2673/2
f 1086/2674/6 1083/2675/6 1084/782/6
f 3395/941/5 3393/2676/5 3381/2677/5
f 2683/2678/6 2675/2679/6 2686/2090/6
f 2672/2680/2 2818/2681/2 2693/2682/2
f 2905/1872/3 2766/598/3 2757/2683/3
f 3382/2684/5 3380/1553/5 3379/1555/5
f 2173/2685/2 2163/15/2 2164/2686/2
f 3735/2687/6 3732/311/6 3733/2688/6
f 3010/2689/5 3075/2690/5 3006/2691/5
f 1394/2692/5 1535/1606/5 1401/1608/5
f 2079/2693/5 1927/2694/5 2080/2695/5
f 2691/2007/2 2687/1096/2 2692/2696/2
f 3077/2697/3 3136/206/3 3142/204/3
f 3776/2698/8 3811/2699/8 3834/2700/8
f 1031/2701/4 1061/2702/4 1062/2703/4
f 1729/1871/2 1744/2704/2 1727/2193/2
f 2479/2705/2 2318/2706/2 2319/1272/2
f 1072/175/3 1053/216/3 1054/2707/3
f 1132/669/4 1134/2708/4 1131/23/4
f 3456/2709/3 1315/1735/3 3447/1586/3
f 2596/1082/6 2595/2710/6 2610/2711/6
f 2601/2712/4 2585/473/4 2588/257/4
f 3822/2713/4 3847/1839/4 3814/2714/4
f 2000/2291/1 2166/1916/1 2002/2715/1
f 3066/2716/6 3065/2717/6 3058/2718/6
f 3462/1798/1 3519/2697/1 3461/2719/1
f 2555/2720/4 2748/1890/4 2746/2721/4
f 3560/2703/6 3558/1982/6 3556/565/6
f 1485/2722/1 1607/2723/1 1604/10/1
f 1777/2724/6 1782/2725/6 1709/2726/6
f 686/2727/3 687/2728/3 644/2729/3
f 3587/352/5 3630/2730/5 3590/2731/5
f 1501/1608/3 1470/2732/3 1472/2733/3
f 2073/872/5 2233/900/5 2074/2039/5
f 1022/2734/6 1019/2402/6 1020/2735/6
f 1390/2310/1 1475/1391/1 1389/2736/1
f 2462/2315/5 2650/2224/5 2472/2225/5
f 1893/2737/6 1896/2738/6 1891/2739/6
f 2953/2740/4 2943/1527/4 2940/265/4
f 1428/2741/5 3485/1486/5 1439/1487/5
f 2190/38/6 2181/1539/6 2191/39/6
f 2952/2740/5 2954/925/5 2953/2742/5
f 105/1875/4 78/236/4 53/2743/4
f 930/2744/2 925/795/2 929/2745/2
f 1607/2746/4 1491/2747/4 1606/2748/4
f 739/2749/2 684/2750/2 695/2751/2
f 2077/1142/6 2075/891/6 2076/893/6
f 3772/2752/6 3769/398/6 3771/1903/6
f 372/2753/5 321/2754/5 373/2755/5
f 3528/2756/1 3551/183/1 3529/2757/1
f 3601/2758/4 3653/2437/4 3629/1997/4
f 1643/2143/4 1528/2759/4 1529/341/4
f 3608/1657/4 3580/1997/4 3607/2437/4
f 1790/2760/3 1304/2761/3 1287/2762/3
f 1109/2762/2 1153/2763/2 1152/2764/2
f 3388/2765/3 3384/667/3 3392/2708/3
f 2272/1801/4 2292/2766/4 2273/2767/4
f 760/2768/2 697/2769/2 752/1711/2
f 1434/1220/5 1918/2183/5 1448/2466/5
f 2836/2393/6 2824/1976/6 2829/2770/6
f 1194/2771/3 1183/2772/3 1199/2773/3
f 2335/758/5 2337/1830/5 2336/757/5
f 1831/96/6 1820/2774/6 1821/2775/6
f 3717/2648/3 3719/831/3 3720/2647/3
f 1122/2776/3 1120/1576/3 1119/1207/3
f 2154/755/5 1821/2777/5 1819/1772/5
f 2485/1031/5 2671/2778/5 2670/2779/5
f 2481/852/5 2667/2780/5 2474/2781/5
f 555/2782/2 620/2783/2 556/2784/2
f 2128/488/6 2130/1756/6 2129/489/6
f 1007/1413/4 1034/1383/4 1006/505/4
f 3179/2785/6 3185/2786/6 3184/2787/6
f 3832/2788/6 3841/2789/6 3833/2790/6
f 789/1371/3 731/130/3 787/1486/3
f 3377/2791/1 3378/1710/1 3391/2792/1
f 708/2793/6 706/2320/6 707/980/6
f 2726/2794/2 2732/368/2 2733/1891/2
f 1746/2795/4 1762/2796/4 1758/2797/4
f 3252/2798/3 1266/2799/3 1262/2800/3
f 2352/1047/4 2515/2801/4 2513/1462/4
f 1074/2802/3 1087/978/3 1073/2803/3
f 2717/807/3 2719/2804/3 2718/2805/3
f 594/2806/4 667/1580/4 600/1778/4
f 3981/217/5 3951/2807/5 3954/215/5
f 3168/2365/5 3206/1744/5 3177/1745/5
f 1568/2808/1 1666/2479/1 1567/2809/1
f 2333/2810/6 2337/2811/6 2329/2812/6
f 532/2813/2 485/2814/2 524/2815/2
f 3661/2816/3 3660/1011/3 3662/1995/3
f 1737/2795/4 1753/2704/4 1733/2193/4
f 181/2817/2 186/2818/2 215/2819/2
f 3192/2820/3 3184/2821/3 3226/2822/3
f 4068/2823/1 4091/2824/1 4083/2825/1
f 2460/466/6 2464/318/6 2466/63/6
f 57/2658/4 52/2034/4 51/529/4
f 2594/2826/6 2618/2827/6 2593/2828/6
f 30/1739/3 22/733/3 23/2829/3
f 4077/1842/6 4076/1726/6 4074/1727/6
f 1756/2830/6 1749/2831/6 1750/2832/6
f 1956/2833/3 2124/2618/3 1955/2619/3
f 4061/2141/2 4055/2834/2 4052/2835/2
f 3181/2836/4 3219/2837/4 3175/2838/4
f 2743/2839/5 2544/2840/5 2380/2109/5
f 3576/2841/3 3521/2842/3 3550/2843/3
f 2890/2844/3 2557/588/3 2559/590/3
f 2275/2505/1 2290/98/1 2289/405/1
f 3651/2111/4 3701/2845/4 3673/2846/4
f 1356/1528/1 1840/2847/1 1355/564/1
f 1296/1720/1 3435/2848/1 3440/2849/1
f 2031/1912/2 2020/1015/2 2032/1475/2
f 1728/2850/4 1736/815/4 1734/451/4
f 3170/1250/4 3223/2851/4 3217/2852/4
f 491/690/3 484/2853/3 485/2854/3
f 298/2855/1 928/2856/1 621/2857/1
f 2997/1568/3 2868/2858/3 2869/2859/3
f 826/2860/3 825/2861/3 758/2616/3
f 3289/708/1 3331/1186/1 3288/709/1
f 1099/1068/2 1131/1213/2 1100/1437/2
f 3862/502/1 3866/2862/1 3833/554/1
f 1235/2863/3 1239/2040/3 1245/1321/3
f 1112/1001/2 1156/2606/2 1155/2607/2
f 3252/340/6 3254/2799/6 3253/2800/6
f 159/2864/4 185/2865/4 157/2866/4
f 2064/2439/3 2227/1332/3 2063/1334/3
f 3033/2867/6 3021/2868/6 3034/2869/6
f 1949/2870/6 1951/1551/6 1950/2871/6
f 3763/2872/3 3723/830/3 3726/615/3
f 1424/2873/1 1912/2874/1 1423/2875/1
f 333/2876/3 332/636/3 283/2877/3
f 3152/2878/3 3098/631/3 3084/117/3
f 2972/2879/3 2803/2880/3 2950/1138/3
f 2352/2881/2 2523/2882/2 2522/1677/2
f 2342/2883/4 2179/2884/4 2181/2885/4
f 1856/469/3 2034/1079/3 1865/2886/3
f 1106/2887/3 1043/2854/3 1046/2888/3
f 2739/2229/4 2876/2889/4 2742/855/4
f 1531/2890/3 1394/84/3 1395/1723/3
f 712/683/4 773/2114/4 718/2891/4
f 994/506/4 1022/2892/4 995/866/4
f 2252/2893/2 2233/591/2 2234/2609/2
f 168/1607/2 175/2894/2 211/2895/2
f 1752/2896/6 1751/2897/6 1747/2898/6
f 545/2899/6 540/1862/6 546/2900/6
f 1660/1607/4 1555/2097/4 1561/2901/4
f 3042/1254/6 3040/2902/6 3036/2407/6
f 2202/2903/6 2211/2904/6 2213/2905/6
f 834/1458/2 843/2906/2 907/1457/2
f 2655/2907/6 2666/2908/6 2665/2909/6
f 483/2598/4 513/2332/4 511/591/4
f 381/487/6 379/2547/6 380/2910/6
f 984/2911/3 978/2912/3 979/822/3
f 327/2913/4 329/1489/4 282/2914/4
f 446/2915/2 435/2916/2 447/2917/2
f 918/283/1 912/2918/1 847/2919/1
f 1206/2920/2 1201/2921/2 1205/914/2
f 3120/2922/5 3058/2355/5 3119/2923/5
f 648/2924/3 642/2854/3 643/2458/3
f 1288/2925/6 1251/2926/6 1308/2927/6
f 1822/2928/1 1339/2929/1 2009/2930/1
f 2811/1069/5 2808/693/5 2807/694/5
f 233/2931/4 235/181/4 190/182/4
f 882/2932/5 766/2933/5 883/2934/5
f 124/2766/6 121/2935/6 122/2767/6
f 3697/2936/3 3675/2937/3 3668/2938/3
f 2279/1407/2 2281/2342/2 2449/2939/2
f 1955/2940/6 1962/2941/6 1964/2942/6
f 2405/2943/5 2403/901/5 2266/902/5
f 2176/549/5 1841/599/5 1839/1644/5
f 1744/2944/4 1742/1164/4 1727/2706/4
f 610/2945/6 608/811/6 609/2946/6
f 1017/2947/2 1016/2948/2 1015/2212/2
f 3331/2245/6 3332/2949/6 3337/2950/6
f 2327/818/5 2482/2951/5 2330/2952/5
f 3858/842/6 3860/862/6 3861/2953/6
f 1420/1128/5 1910/2302/5 1435/710/5
f 4005/2954/3 4021/2955/3 4004/1875/3
f 1837/2956/4 1831/2957/4 1351/2958/4
f 2947/2625/2 2801/515/2 2799/2959/2
f 2867/2960/3 2737/357/3 2865/2961/3
f 635/2728/4 691/2962/4 632/2963/4
f 1965/2964/3 1798/1106/3 1799/1751/3
f 2954/2965/2 2986/2966/2 2974/2967/2
f 973/2968/6 971/2969/6 970/2970/6
f 555/429/4 409/781/4 410/2971/4
f 1869/620/3 2039/2972/3 1866/2973/3
f 770/2600/3 769/2891/3 702/923/3
f 1766/2336/3 1754/2974/3 1748/1918/3
f 4095/2824/6 4096/2531/6 4097/2825/6
f 1250/2975/5 1243/1682/5 1249/2976/5
f 4057/2977/5 4060/2978/5 4058/2979/5
f 2431/437/6 2429/2691/6 2430/2689/6
f 3713/2427/5 3748/866/5 3747/506/5
f 895/2980/4 897/2981/4 894/2982/4
f 3701/2983/5 3736/2984/5 3738/2985/5
f 2740/761/6 2743/2720/6 2745/762/6
f 3443/1690/5 3515/308/5 3449/2146/5
f 3137/2986/4 3195/1621/4 3139/1622/4
f 3155/2987/1 3205/2988/1 3154/2989/1
f 3555/1218/1 3568/2990/1 3567/1277/1
f 3885/2991/3 3905/2992/3 3935/2993/3
f 2730/2994/1 2726/2995/1 2867/2996/1
f 3093/931/1 3150/1614/1 3095/2997/1
f 879/2998/4 991/2999/4 987/3000/4
f 916/3001/1 909/3002/1 917/3003/1
f 3812/3004/3 3793/3005/3 3815/3006/3
f 2042/3007/6 2038/3008/6 2041/3009/6
f 2127/405/1 2288/100/1 2130/199/1
f 3546/813/5 3448/3010/5 3545/3011/5
f 1586/3012/3 1430/1007/3 1431/3013/3
f 1849/3014/1 2018/2633/1 1848/2874/1
f 3395/3015/2 3384/2606/2 3397/3016/2
f 3110/3017/6 3108/1887/6 3100/3018/6
f 1559/3019/6 1565/3020/6 1564/3021/6
f 4057/1223/4 4059/533/4 4056/2219/4
f 62/587/2 23/3022/2 54/3023/2
f 3130/3024/6 3128/3025/6 3127/616/6
f 754/3026/2 744/1985/2 802/3027/2
f 2053/1773/5 2221/2943/5 2059/3028/5
f 3720/615/4 3756/3029/4 3754/614/4
f 80/1431/2 74/1733/2 104/3030/2
f 1129/3031/2 1167/415/2 1168/3032/2
f 375/1964/2 439/3033/2 376/2232/2
f 3668/2938/4 3697/2936/4 3735/2491/4
f 2140/3034/5 2455/3035/5 2303/3036/5
f 309/3037/6 310/2145/6 307/3038/6
f 497/127/4 499/3039/4 435/422/4
f 3117/2697/3 3048/1331/3 3113/3040/3
f 3175/865/1 3221/3041/1 3174/2836/1
f 3423/1351/6 3424/1287/6 3425/1229/6
f 1739/1203/4 1741/3042/4 1738/1204/4
f 3863/3043/6 3868/3044/6 3865/3045/6
f 2169/3046/4 2321/3047/4 2161/3048/4
f 3475/42/4 3524/1998/4 3469/3049/4
f 3898/582/6 3896/1716/6 3899/581/6
f 631/1005/3 578/3050/3 629/2068/3
f 2632/1442/1 2298/2083/1 2299/3051/1
f 850/3052/3 678/3053/3 848/3054/3
f 1597/1723/4 1432/3012/4 1433/3055/4
f 2724/2506/4 2726/3056/4 2723/3057/4
f 942/632/4 944/3058/4 941/3059/4
f 2459/3060/5 2801/3061/5 2647/3062/5
f 1697/1590/4 1811/3063/4 1696/3064/4
f 3701/2099/6 3706/3065/6 3698/1224/6
f 3281/1939/1 3317/2009/1 3319/3066/1
f 2210/2904/6 2215/2621/6 2207/2905/6
f 2160/1333/1 2321/450/1 2316/1762/1
f 1532/3067/4 1397/3068/4 1537/3069/4
f 4085/465/5 4094/2317/5 4086/3070/5
f 3516/42/3 3435/3071/3 3509/3049/3
f 831/3072/4 796/3073/4 795/3074/4
f 1948/2353/6 1955/2940/6 1957/3075/6
f 695/153/4 741/1864/4 739/2595/4
f 3569/3076/6 3570/1808/6 3571/1809/6
f 1215/3077/6 1210/3078/6 1212/3079/6
f 3305/3080/6 3299/3081/6 3307/3082/6
f 365/3083/1 312/3084/1 364/3085/1
f 162/2178/2 154/3086/2 146/3087/2
f 3433/3088/6 3438/2698/6 3430/3089/6
f 2944/152/4 2932/213/4 2801/214/4
f 1469/3090/4 1182/3091/4 1186/3092/4
f 2264/1556/1 2425/1969/1 2424/3093/1
f 1505/1680/1 1616/3094/1 1504/371/1
f 479/3095/6 480/3096/6 477/3097/6
f 1005/1589/3 979/2157/3 1003/3098/3
f 2875/3099/5 3012/1927/5 3013/3100/5
f 5/3012/1 74/3101/1 8/3102/1
f 1977/3103/6 1979/353/6 1978/355/6
f 1338/3104/6 1349/3105/6 1347/3106/6
f 782/3107/2 795/2101/2 734/3108/2
f 625/111/6 623/652/6 622/2783/6
f 1480/610/3 1691/3109/3 1688/3110/3
f 3608/1284/1 3593/2416/1 3592/2485/1
f 3661/3111/5 3688/1302/5 3657/3112/5
f 1836/3113/3 1824/3114/3 2010/3115/3
f 798/3116/3 737/3117/3 738/2319/3
f 2659/1308/5 2662/853/5 2661/854/5
f 2206/324/6 2204/2306/6 2203/1913/6
f 3741/3118/2 3778/3119/2 3743/2257/2
f 2287/3120/5 2429/1593/5 2290/3121/5
f 677/1682/1 833/3122/1 615/3123/1
f 2633/299/1 2797/3124/1 2632/1184/1
f 37/3125/2 6/3126/2 5/3127/2
f 1614/1836/1 1647/3128/1 1644/3129/1
f 1406/805/3 1570/3130/3 1575/804/3
f 4058/169/5 4071/3131/5 4070/3132/5
f 2919/355/1 3024/3133/1 2918/2271/1
f 1361/1972/1 1846/3134/1 1360/1528/1
f 3530/94/2 3528/702/2 3529/3135/2
f 1955/2619/4 1281/3136/4 1289/3137/4
f 2941/212/4 2931/1592/4 2800/3138/4
f 2802/2794/6 2816/2781/6 2817/1259/6
f 1665/141/1 1565/563/1 1566/2528/1
f 3007/3139/6 3011/3140/6 3001/3141/6
f 600/1704/6 598/1846/6 594/1847/6
f 2706/3142/1 2499/1443/1 2504/3143/1
f 3919/3144/6 3920/3145/6 3921/673/6
f 88/2817/2 68/2313/2 60/3146/2
f 998/3147/4 989/18/4 952/3148/4
f 2438/2010/1 2620/3149/1 2608/3150/1
f 2297/3151/3 2455/3152/3 2302/3153/3
f 3481/208/3 3535/2559/3 3487/2560/3
f 861/3154/2 875/3155/2 829/3156/2
f 2049/1083/5 2208/3157/5 2207/1082/5
f 1316/1490/1 3447/439/1 1315/1491/1
f 2810/3158/2 2775/3159/2 2843/3160/2
f 3102/2573/4 3157/1105/4 3101/2935/4
f 2657/829/6 2658/1942/6 2649/496/6
f 3809/160/2 3838/2338/2 3837/3161/2
f 732/796/2 787/3162/2 731/2766/2
f 3980/1647/1 3946/3163/1 3950/183/1
f 1130/3164/3 1128/23/3 1127/1574/3
f 981/2918/2 976/2968/2 975/3165/2
f 4037/3166/6 4039/2901/6 4033/1529/6
f 3299/1513/4 3332/2805/4 3300/810/4
f 1441/3167/5 3495/3168/5 3494/3169/5
f 2229/3170/4 2377/3171/4 2061/3172/4
f 3396/3173/3 3395/3016/3 3397/878/3
f 2300/3174/3 2459/3175/3 2312/2141/3
f 1217/3176/6 1216/3177/6 1218/2920/6
f 2639/2691/6 2630/2377/6 2640/3178/6
f 3891/675/4 3893/3179/4 3890/863/4
f 1860/2389/6 1858/2535/6 1857/181/6
f 2478/3180/5 2672/3181/5 2477/3182/5
f 1476/3110/3 1689/3183/3 1687/3184/3
f 1955/2940/2 2121/3185/2 1956/2452/2
f 2038/3186/3 1875/3187/3 1877/1305/3
f 2875/2183/4 3007/712/4 2874/2858/4
f 1984/3188/1 2140/3034/1 1986/3189/1
f 1718/3190/5 1300/3191/5 1717/3192/5
f 638/2406/2 616/3193/2 678/1500/2
f 3814/3194/1 3843/3195/1 3813/1247/1
f 1632/3196/6 1642/3197/6 1631/3198/6
f 765/730/2 711/2749/2 710/2751/2
f 815/3199/5 876/657/5 814/3200/5
f 2454/466/6 2455/61/6 2456/534/6
f 1558/3201/3 1372/3202/3 1362/3203/3
f 867/3204/2 918/3078/2 847/3205/2
f 535/3206/3 493/1085/3 496/1086/3
f 887/3207/4 889/3208/4 815/3209/4
f 2626/3210/2 2646/3211/2 2448/3212/2
f 41/2670/3 1203/3213/3 1214/3214/3
f 1850/996/5 2022/203/5 1853/1116/5
f 1587/3215/3 1411/3201/3 1574/664/3
f 3757/629/1 3796/3216/1 3787/3217/1
f 1147/1922/2 1107/2763/2 1148/3218/2
f 3910/3219/5 3851/2284/5 3825/535/5
f 2082/1573/4 2247/526/4 2083/3220/4
f 1177/3221/5 1088/3222/5 1050/3223/5
f 1135/263/2 1101/3224/2 1102/3225/2
f 741/1952/2 751/3026/2 799/3027/2
f 1425/449/6 1423/2167/6 1422/450/6
f 1935/88/3 1464/1783/3 1926/89/3
f 2431/3226/3 2287/2076/3 2432/2537/3
f 3292/3227/6 3295/3228/6 3304/2042/6
f 3401/309/6 3399/1666/6 3393/1892/6
f 1078/557/6 1076/3229/6 1075/3230/6
f 4021/3231/5 4008/3232/5 4002/3233/5
f 3785/40/3 3761/3234/3 3783/2196/3
f 2542/24/6 2534/3235/6 2540/3236/6
f 2419/2902/1 2414/1378/1 2417/3237/1
f 3744/3238/6 3740/1107/6 3746/3239/6
f 3368/3240/5 3340/3241/5 3367/3242/5
f 453/3243/6 448/254/6 454/3244/6
f 2555/1390/6 2556/3245/6 2553/3246/6
f 1684/3247/1 3431/3248/1 3428/2851/1
f 3169/3249/4 3203/3250/4 3155/3251/4
f 1727/410/2 1738/3252/2 1728/3253/2
f 777/2945/6 775/1513/6 776/810/6
f 2578/3254/6 2580/2762/6 2579/3218/6
f 901/3255/4 651/3256/4 719/3257/4
f 2455/3152/4 2302/3153/4 2145/3258/4
f 3109/1823/1 3173/992/1 3108/1280/1
f 1474/3259/4 1563/148/4 1706/1454/4
f 2334/3260/3 2678/3261/3 2496/3262/3
f 1990/3263/5 2146/2521/5 2145/2520/5
f 2254/3264/3 2074/1398/3 2233/3265/3
f 3181/3266/5 3126/3267/5 3220/3268/5
f 991/1294/2 988/1687/2 987/3269/2
f 3402/3270/3 3390/2422/3 3391/1197/3
f 2679/1376/3 2489/1522/3 2490/3271/3
f 788/3003/2 835/3272/2 794/3273/2
f 1820/3274/4 1991/3275/4 1819/3276/4
f 902/2418/3 875/1058/3 876/3277/3
f 2247/3278/5 2396/1447/5 2248/3279/5
f 542/570/2 503/3280/2 490/3281/2
f 2849/1664/4 2695/3282/4 2709/1666/4
f 3373/3283/3 3367/2708/3 3363/3164/3
f 602/2285/3 455/1544/3 456/413/3
f 1430/3284/5 1594/3285/5 1444/3286/5
f 1510/3287/4 2191/1539/4 1509/1808/4
f 1971/3288/4 1962/3289/4 1290/3290/4
f 1669/1902/4 1573/3291/4 1673/3292/4
f 3265/3293/6 3261/3294/6 3267/3295/6
f 3958/3296/2 3931/2123/2 3961/2638/2
f 1328/3297/4 1984/3298/4 1802/3299/4
f 3799/1979/6 3797/1973/6 3800/2505/6
f 3912/3300/5 3853/3301/5 3936/3302/5
f 2009/3303/3 1829/993/3 1822/991/3
f 4078/3304/6 4079/3305/6 4092/3306/6
f 4081/3307/6 4087/3308/6 4086/3309/6
f 1389/2032/4 1475/2033/4 1524/1884/4
f 1219/335/4 1208/3310/4 1209/1647/4
f 2992/2167/4 3051/3311/4 2979/1761/4
f 1260/3312/1 3247/3313/1 1259/295/1
f 2339/2951/1 2508/1273/1 2338/230/1
f 3931/260/3 3929/1517/3 3930/261/3
f 2500/3314/2 2518/510/2 2710/3315/2
f 3888/1042/1 3893/3316/1 3889/3317/1
f 3868/3318/5 3838/3319/5 3808/3320/5
f 1422/1263/5 1905/2873/5 1425/3321/5
f 1947/2433/3 1776/3058/3 1774/2434/3
f 3543/3322/3 3448/3323/3 3515/3324/3
f 551/2449/6 553/1165/6 552/1167/6
f 3194/504/1 3225/3325/1 3193/2892/1
f 512/1203/2 561/1872/2 513/3326/2
f 2381/3327/4 2885/2284/4 2380/869/4
f 2259/3328/2 2120/3329/2 2125/2118/2
f 2325/877/5 2010/2013/5 2168/3330/5
f 3882/1045/3 3887/3331/3 3881/3332/3
f 73/3012/1 3/77/1 7/3013/1
f 2147/864/2 1983/3333/2 2148/1691/2
f 1186/3334/5 1463/3335/5 1465/3336/5
f 1281/1676/1 1948/1941/1 1280/1386/1
f 2770/3337/3 2633/1146/3 2634/977/3
f 1248/3338/6 1249/2772/6 1247/3339/6
f 281/167/2 311/3340/2 277/3341/2
f 307/2275/4 358/2510/4 359/2511/4
f 3504/1266/3 1467/1051/3 1451/1052/3
f 2342/1642/1 2507/2021/1 2344/3342/1
f 1924/3343/5 2085/3344/5 1926/3345/5
f 3206/3346/3 3176/2838/3 3177/3347/3
f 3992/1800/2 4004/3348/2 4003/1358/2
f 3038/2043/3 2951/1335/3 3031/1401/3
f 2733/2985/2 2720/379/2 2856/3349/2
f 1637/341/4 1518/226/4 1519/3350/4
f 81/67/4 113/3241/4 109/3351/4
f 3645/1499/5 3669/3352/5 3650/1498/5
f 714/2152/2 665/213/2 650/1591/2
f 3306/2740/3 3262/788/3 3299/267/3
f 2021/3353/3 1850/2556/3 1851/891/3
f 3856/1045/5 3892/2364/5 3891/3354/5
f 4074/3355/5 4063/3356/5 4092/59/5
f 1895/1916/4 2055/3357/4 1894/1363/4
f 471/1919/4 472/1349/4 473/655/4
f 2387/274/4 2556/1071/4 2549/248/4
f 2165/1160/2 2146/3358/2 2320/3327/2
f 3613/1483/4 3643/3359/4 3607/1935/4
f 2583/2049/3 2587/3360/3 2586/275/3
f 3955/3361/6 3953/3362/6 3966/3363/6
f 2938/2287/5 3028/3364/5 3026/2475/5
f 547/3365/4 1091/376/4 1092/374/4
f 874/858/3 637/75/3 636/2451/3
f 1199/3177/2 1196/786/2 1195/3366/2
f 2050/3367/2 2035/1507/2 2033/3368/2
f 75/3369/4 7/3370/4 9/2557/4
f 359/2910/6 360/65/6 357/3371/6
f 2416/3372/6 2414/1407/6 2420/3373/6
f 1047/2707/4 1070/176/4 1048/2862/4
f 2786/544/6 2783/451/6 2785/453/6
f 4081/3307/6 4084/3374/6 4082/3375/6
f 383/3376/2 371/3377/2 384/1831/2
f 683/1845/4 684/2729/4 685/2727/4
f 2017/1332/1 2194/649/1 2195/2286/1
f 3077/2589/6 3068/3291/6 3072/2590/6
f 3114/3378/4 3196/2470/4 3171/2066/4
f 2588/3379/5 2590/3380/5 2589/3381/5
f 69/1582/4 2/3382/4 3/954/4
f 2250/3383/2 2071/2943/2 2072/3384/2
f 1254/3385/1 3239/2744/1 1253/191/1
f 3856/3386/2 3890/301/2 3859/2743/2
f 986/3387/3 920/3388/3 982/3389/3
f 560/3390/3 623/3391/3 559/3392/3
f 2035/3393/1 2036/3394/1 2203/3395/1
f 1545/1577/1 1358/3219/1 1359/1742/1
f 4101/1096/3 4087/3396/3 4081/1097/3
f 2327/3397/3 2471/3398/3 2650/3399/3
f 596/2795/2 543/2784/2 530/809/2
f 496/3400/6 494/2917/6 495/3096/6
f 1571/3401/1 1474/2971/1 1473/877/1
f 1723/125/2 1728/3042/2 1734/1204/2
f 2066/3402/2 2069/3403/2 2072/2232/2
f 246/3404/2 219/2601/2 220/2095/2
f 2492/3405/1 2681/484/1 2494/2131/1
f 2407/3406/1 2568/3407/1 2406/734/1
f 2213/3408/1 2369/3409/1 2537/3410/1
f 3098/2935/1 3163/932/1 3097/933/1
f 1986/969/4 2141/2973/4 1975/619/4
f 2424/900/3 2422/2538/3 2423/360/3
f 1113/3411/3 610/3412/3 1114/3413/3
f 1913/3414/3 1905/3415/3 2065/3416/3
f 670/3064/2 602/1592/2 671/1285/2
f 1219/3417/2 1230/3418/2 1223/3419/2
f 489/3206/4 538/2137/4 539/2135/4
f 1193/3420/5 1179/3421/5 1195/3422/5
f 1252/2310/4 1261/3423/4 1773/3424/4
f 3363/423/1 3371/2688/1 3373/3425/1
f 2132/3048/1 2279/1828/1 2278/1829/1
f 4007/2060/4 4008/3426/4 4022/996/4
f 2638/3427/1 2789/2532/1 2637/1252/1
f 2385/2225/2 2378/2006/2 2379/2036/2
f 949/3428/3 947/1614/3 948/632/3
f 1741/2186/6 1742/3253/6 1735/264/6
f 1638/3429/6 1634/3430/6 1626/3431/6
f 3884/3195/5 3882/3432/5 3881/3433/5
f 755/3434/4 750/1734/4 749/2403/4
f 2790/1999/4 2922/3435/4 2780/110/4
f 2910/2784/3 2774/3436/3 2765/808/3
f 215/3086/4 216/2611/4 217/2176/4
f 1810/56/6 1805/1079/6 1808/1195/6
f 2029/3437/3 1859/3438/3 1860/178/3
f 3144/69/3 3085/3439/3 3081/2182/3
f 2856/398/3 2857/2960/3 2733/2961/3
f 2851/3440/1 2509/3124/1 2510/3441/1
f 1427/2432/5 1915/3442/5 1914/3443/5
f 2150/3075/1 2460/1979/1 2145/114/1
f 1840/1010/2 1833/2876/2 1834/1488/2
f 3563/1410/2 3561/1216/2 3562/2702/2
f 144/1790/2 157/2522/2 138/218/2
f 4000/1940/2 4012/3444/2 4001/606/2
f 3758/2194/3 3760/2088/3 3761/2195/3
f 2841/3445/1 2837/1656/1 2706/3446/1
f 450/3447/2 388/3448/2 372/3376/2
f 106/1055/2 110/3449/2 131/3450/2
f 2365/1516/1 2368/1339/1 2370/260/1
f 1580/2005/5 1407/3401/5 1412/3451/5
f 1148/3452/4 1150/3405/4 1147/2130/4
f 3335/1188/1 3362/1857/1 3366/1140/1
f 1788/3453/4 1288/3454/4 1307/187/4
f 934/1109/2 872/2582/2 871/3455/2
f 1404/325/1 3473/346/1 3476/327/1
f 1680/421/5 1585/947/5 1590/2529/5
f 4043/2904/2 4027/2322/2 4040/1270/2
f 3128/1620/4 3183/1142/4 3127/2497/4
f 3156/3456/3 3103/964/3 3104/2571/3
f 262/2465/6 263/118/6 261/116/6
f 2329/3457/4 2497/3458/4 2492/3459/4
f 2794/3460/1 2935/3461/1 2923/3462/1
f 1664/2420/1 1560/3463/1 1659/2643/1
f 2474/1164/6 2477/2628/6 2481/2705/6
f 1346/2154/5 1835/1863/5 1357/1864/5
f 2187/3464/1 2020/3465/1 2352/2093/1
f 763/1971/3 705/925/3 708/2161/3
f 1068/1217/4 1085/976/4 1086/1216/4
f 2521/3057/1 2715/3466/1 2520/3467/1
f 1625/1014/4 1649/616/4 1622/2027/4
f 3793/3468/1 3821/3469/1 3820/3470/1
f 320/2483/2 331/3471/2 333/3472/2
f 2332/14/1 2329/3473/1 2174/2685/1
f 1429/3474/5 3483/1048/5 1417/2741/5
f 1558/151/1 1363/495/1 1551/150/1
f 462/3475/2 392/1686/2 393/3476/2
f 2489/443/1 2676/3477/1 2488/444/1
f 1075/2803/4 1095/1303/4 1096/978/4
f 3240/474/6 3244/832/6 3243/475/6
f 1160/539/2 1114/2121/2 1161/1214/2
f 3180/3478/3 3209/3479/3 3235/21/3
f 346/1284/2 410/3480/2 409/3471/2
f 1912/3481/6 1913/3482/6 1918/3483/6
f 3249/3484/1 3325/2192/1 3290/3485/1
f 3584/3486/1 3578/3487/1 3547/3488/1
f 3942/2421/2 3917/668/2 3916/1000/2
f 2708/3489/1 2699/3490/1 2844/2211/1
f 3235/3491/1 3184/419/1 3185/3492/1
f 2360/3493/1 2529/121/1 2533/119/1
f 444/140/3 494/3039/3 441/422/3
f 195/3494/2 190/3495/2 196/3496/2
f 1253/3497/3 3240/3217/3 1256/629/3
f 2236/3498/6 2237/887/6 2255/3499/6
f 3148/3500/3 3087/3071/3 3088/3501/3
f 2926/3502/4 2933/3503/4 3034/3504/4
f 3875/3505/1 3878/3332/1 3880/2799/1
f 3256/3506/4 3250/3507/4 1258/1924/4
f 1731/1920/4 1729/3508/4 1724/3509/4
f 715/3510/3 714/2072/3 650/1587/3
f 63/1196/4 65/2398/4 28/3511/4
f 3057/345/1 3125/1796/1 3056/1038/1
f 2502/3512/6 2509/3218/6 2508/1922/6
f 3690/548/3 3689/3513/3 3661/3514/3
f 1001/1722/4 907/3101/4 843/1724/4
f 1890/3515/5 2055/994/5 2225/2812/5
f 2623/61/4 2613/3149/4 2612/3516/4
f 927/3517/3 929/2432/3 928/3518/3
f 3350/3519/3 3329/1309/3 3330/3520/3
f 2433/3521/4 2596/3522/4 2416/219/4
f 3596/3523/4 3598/1774/4 3595/3524/4
f 216/2388/2 245/3404/2 217/3525/2
f 3553/1154/6 3554/2642/6 3551/1155/6
f 1924/3526/3 2071/3527/3 2078/3528/3
f 2273/3529/4 2421/2882/4 2419/1677/4
f 2874/3530/5 3008/2066/5 2870/3378/5
f 392/2669/3 240/3531/3 199/3312/3
f 2841/3532/2 2716/3533/2 2722/965/2
f 1601/1978/4 1445/3534/4 1446/3535/4
f 2576/3536/4 2578/1076/4 2575/2882/4
f 1146/2130/3 1144/3537/3 1145/828/3
f 1130/3538/1 1098/3539/1 1100/3540/1
f 1963/621/4 2123/3438/4 2121/1553/4
f 1539/3541/5 1400/2588/5 1538/3542/5
f 992/3543/3 945/3389/3 988/2912/3
f 2169/3544/6 2161/3545/6 2166/3546/6
f 3963/323/4 3984/1271/4 3985/1269/4
f 2756/3547/1 2580/3548/1 2577/3549/1
f 3472/1908/1 3527/1858/1 3471/204/1
f 3035/1179/4 3083/3550/4 3033/3178/4
f 3088/2293/6 3089/3551/6 3086/3552/6
f 1164/2646/4 1166/538/4 1163/2121/4
f 90/2459/3 43/3370/3 37/2461/3
f 1724/2645/5 1727/1317/5 1726/1318/5
f 3270/2015/4 3311/3553/4 3304/3554/4
f 1764/652/6 1765/2796/6 1766/2782/6
f 3612/309/5 3639/2515/5 3622/3555/5
f 2393/3556/6 2400/2683/6 2401/3557/6
f 4037/22/5 4048/1576/5 4046/1574/5
f 973/3558/3 1011/847/3 972/3559/3
f 1258/3560/1 3241/449/1 1257/3561/1
f 1823/1844/5 1992/3275/5 1811/3276/5
f 2405/235/3 2568/3237/3 2569/3562/3
f 3046/1050/4 2970/1401/4 2978/2043/4
f 1273/1254/5 3265/2524/5 1686/3563/5
f 203/3564/3 123/801/3 124/3565/3
f 3210/3566/1 3170/1650/1 3233/1649/1
f 3309/3567/5 3310/3568/5 3348/3569/5
f 1588/3570/5 1683/3571/5 1591/380/5
f 3809/3572/4 3833/3573/4 3831/3574/4
f 3385/3575/5 3398/3576/5 3387/3577/5
f 981/1594/4 1016/847/4 1014/3559/4
f 2679/3578/6 2681/3075/6 2680/3579/6
f 2094/3580/1 2098/3581/1 2099/34/1
f 3826/3161/2 3851/3044/2 3850/3045/2
f 1828/452/4 1993/996/4 1823/3426/4
f 1216/3582/3 1199/3583/3 1210/3584/3
f 1938/51/5 2089/614/5 1928/50/5
f 2908/3585/4 2761/3586/4 2915/3587/4
f 1951/3580/1 2120/2594/1 2111/3103/1
f 3810/3588/2 3780/519/2 3807/158/2
f 4027/927/4 4044/2825/4 4040/926/4
f 1393/3589/4 1901/3590/4 1890/3591/4
f 418/3592/3 419/3333/3 368/3593/3
f 1478/86/4 1314/1797/4 1318/3594/4
f 3230/3595/6 3232/1100/6 3231/3596/6
f 273/935/6 274/3597/6 276/3598/6
f 2835/3599/3 3052/3600/3 2993/3601/3
f 3377/2555/3 3375/2684/3 3374/2986/3
f 3902/302/6 3903/3602/6 3904/301/6
f 3720/3603/2 3750/3604/2 3759/3605/2
f 1625/3606/5 1656/451/5 1657/2850/5
f 2335/234/2 2174/2811/2 2179/3607/2
f 375/3608/4 256/3609/4 255/2084/4
f 1687/3610/6 1685/3611/6 1291/3612/6
f 796/1749/1 847/3613/1 839/2351/1
f 2203/745/4 2357/3614/4 2358/820/4
f 940/3615/2 935/2745/2 939/777/2
f 2085/3616/4 2251/707/4 2086/410/4
f 1812/1141/6 1800/3617/6 1806/409/6
f 3740/3618/4 3775/3619/4 3741/3620/4
f 3338/3621/3 3288/3622/3 3331/2723/3
f 3202/613/6 3203/368/6 3204/1891/6
f 1202/3583/4 1209/3623/4 1195/3072/4
f 1651/3624/6 1660/3625/6 1672/3626/6
f 3802/3627/3 3764/3628/3 3800/3629/3
f 2889/2879/5 2559/3630/5 2552/3631/5
f 3040/439/4 3088/3501/4 3036/3632/4
f 2592/2721/1 2762/3633/1 2755/544/1
f 1385/2457/1 3470/3634/1 3462/3635/1
f 2311/953/4 2452/3636/4 2314/3637/4
f 317/394/4 312/1758/4 311/2495/4
f 2335/1390/4 2333/3638/4 2332/3639/4
f 2891/3282/4 2562/3640/4 2894/3641/4
f 2960/1761/4 3037/3642/4 2949/648/4
f 1116/1207/4 1118/949/4 1115/1206/4
f 3990/1160/3 3975/3643/3 3978/3644/3
f 2939/1800/5 3031/2935/5 2951/2767/5
f 4028/696/2 4017/1064/2 4020/391/2
f 3094/942/6 3095/1556/6 3092/1557/6
f 3780/301/1 3776/3645/1 3777/237/1
f 2461/2007/1 2657/3646/1 2649/3647/1
f 1062/3648/6 1060/3649/6 1059/3650/6
f 150/1993/2 145/3087/2 151/3651/2
f 1864/2521/1 2031/2972/1 1863/2973/1
f 3598/2623/2 3597/3652/2 3623/2777/2
f 2220/3384/6 2225/3653/6 2219/37/6
f 2232/3220/3 2245/1795/3 2069/2620/3
f 2843/3654/3 2841/400/3 2840/2512/3
f 2140/3655/2 2305/3656/2 2141/3657/2
f 3606/3028/2 3604/873/2 3605/3658/2
f 316/2485/2 306/3659/2 354/1631/2
f 2258/279/1 2262/2076/1 2110/2576/1
f 3375/883/1 3384/621/1 3383/1554/1
f 2512/3660/1 2712/3446/1 2511/3661/1
f 165/3662/6 163/2901/6 166/3663/6
f 1031/3664/6 1033/3665/6 1032/3666/6
f 933/3518/4 935/2434/4 936/2432/4
f 2269/3667/6 2260/3668/6 2286/3669/6
f 3204/1226/3 3155/3251/3 3146/1122/3
f 2238/3670/5 1416/3671/5 1909/3672/5
f 3089/3673/4 3147/3517/4 3086/3439/4
f 1705/540/4 1557/2415/4 1704/1446/4
f 3531/567/6 3535/921/6 3536/847/6
f 870/3674/4 872/3675/4 869/3676/4
f 87/1874/4 118/2482/4 59/3677/4
f 113/3678/2 137/1288/2 109/686/2
f 2464/828/1 2656/1449/1 2466/1942/1
f 1183/3679/1 1102/3680/1 6/3681/1
f 3033/2989/1 3080/1298/1 3032/3682/1
f 4067/1602/6 4068/855/6 4064/356/6
f 4020/3683/4 4019/3684/4 4032/3685/4
f 3795/3686/6 3787/3687/6 3796/1558/6
f 3980/135/6 3981/3644/6 3974/136/6
f 3854/3688/1 3859/2799/1 3857/455/1
f 1613/1217/1 1502/3119/1 1503/3689/1
f 1757/142/4 1768/2337/4 1751/2974/4
f 467/653/3 413/1919/3 414/3508/3
f 658/2962/3 706/2361/3 655/3690/3
f 1952/3428/1 1951/3691/1 1954/3692/1
f 2503/454/3 2683/341/3 2704/340/3
f 1774/3058/1 1945/3692/1 1947/3693/1
f 2818/225/3 2974/2144/3 2826/2759/3
f 407/1509/4 617/1169/4 615/3694/4
f 3270/3695/5 3303/1939/5 3264/1940/5
f 2783/3696/3 2640/3697/3 2630/2453/3
f 1884/578/3 1391/3026/3 1392/579/3
f 3657/3698/3 3692/2576/3 3658/2578/3
f 892/2982/3 891/3699/3 816/3208/3
f 3992/3700/1 3948/3701/1 4011/3702/1
f 1961/3103/6 1959/2271/6 1953/3581/6
f 1957/1553/4 2120/178/4 1948/3703/4
f 490/3704/3 541/3280/3 542/2136/3
f 2808/3705/2 2952/3706/2 2940/3707/2
f 464/3340/4 210/3708/4 207/3128/4
f 2574/332/4 2755/1221/4 2754/684/4
f 611/2500/4 401/3709/4 341/3710/4
f 2959/925/3 2957/1811/3 2958/2742/3
f 326/3711/6 324/1484/6 325/3037/6
f 2314/3712/5 2451/3713/5 2301/3714/5
f 848/1194/2 842/2906/2 914/1078/2
f 3869/3715/3 3844/571/3 3842/3716/3
f 2984/3717/4 2986/683/4 2983/684/4
f 1971/1934/6 1974/2560/6 1976/713/6
f 176/1820/2 170/2894/2 212/3718/2
f 2615/2924/5 2768/698/5 2767/697/5
f 2121/2438/1 2125/2594/1 1956/3719/1
f 1875/2520/5 2047/3186/5 1886/1305/5
f 70/2378/2 73/1178/2 97/3720/2
f 3441/3721/4 3438/3722/4 1317/1141/4
f 463/2525/6 465/1477/6 464/1476/6
f 627/1038/2 683/327/2 628/326/2
f 72/2188/3 5/1582/3 4/3723/3
f 2636/317/3 2644/2315/3 2635/318/3
f 1170/3724/2 1165/3725/2 1169/3726/2
f 1555/2197/1 1652/2059/1 1554/3727/1
f 2343/2338/6 2342/909/6 2344/911/6
f 2149/2520/3 2147/1306/3 2148/3263/3
f 4097/2317/3 4085/2037/3 4079/3070/3
f 781/2294/4 734/426/4 733/2296/4
f 240/2179/2 200/3476/2 199/3728/2
f 2043/90/1 2209/3729/1 2042/3730/1
f 1001/3731/1 977/3732/1 1004/3733/1
f 3198/3734/5 3137/3735/5 3001/2460/5
f 3864/3736/4 3863/3737/4 3896/3738/4
f 2334/3739/2 2324/1331/2 2325/1813/2
f 1904/3740/5 1902/3741/5 2232/394/5
f 4088/1095/4 4099/2006/4 4082/2035/4
f 1283/3742/4 3269/1787/4 1282/2442/4
f 813/688/4 808/2924/4 807/690/4
f 2978/2902/1 3051/942/1 3046/1557/1
f 3157/191/5 3203/3743/5 3201/2744/5
f 3010/2691/4 3079/3550/4 3074/2690/4
f 189/898/2 221/3744/2 185/899/2
f 1822/1134/6 1828/3745/6 1811/56/6
f 3194/865/4 3228/3325/4 3229/3746/4
f 1761/3747/6 1755/3748/6 1762/3749/6
f 1038/1805/6 1036/3750/6 1035/3731/6
f 2354/2522/3 2214/3751/3 2210/3752/3
f 445/2074/4 447/2184/4 371/3510/4
f 1193/3753/6 1315/3754/6 1329/3755/6
f 3832/2788/2 3862/3756/2 3833/2790/2
f 1027/3411/3 723/511/3 724/521/3
f 833/3163/4 675/3757/4 615/407/4
f 2195/3758/2 2030/3759/2 2017/3760/2
f 1593/1446/5 1432/1020/5 1592/3761/5
f 3078/3762/5 3011/3763/5 3077/3764/5
f 2916/2783/3 2788/112/3 2773/3436/3
f 188/3496/2 183/2818/2 218/3765/2
f 3352/3766/3 3323/54/3 3324/3767/3
f 726/2265/4 403/3768/4 406/3769/4
f 3932/1015/4 3964/3770/4 3965/3771/4
f 1612/226/3 1503/2119/3 1496/3772/3
f 3371/3164/6 3372/3773/6 3373/1575/6
f 3956/3774/5 3962/3775/5 3927/3776/5
f 3483/3777/4 1386/3778/4 1417/3779/4
f 3993/3780/4 4011/3781/4 3974/3782/4
f 1738/3783/1 1735/1903/1 1728/1904/1
f 1226/2197/1 1214/672/1 1213/671/1
f 2969/1228/3 2677/475/3 2667/1542/3
f 191/3494/2 197/934/2 198/3784/2
f 3761/2603/2 3791/1559/2 3758/1560/2
f 2717/2805/1 2714/3466/1 2720/2804/1
f 3496/3785/6 3490/3786/6 3491/3787/6
f 1437/3788/4 1915/27/4 1436/1057/4
f 1312/1993/1 1803/2177/1 1795/3789/1
f 2575/2634/1 2579/3661/1 2581/3790/1
f 3409/3791/3 3398/2177/3 3401/3789/3
f 1212/3792/4 6/3793/4 1198/3794/4
f 1715/3795/3 1300/2301/3 1267/12/3
f 2595/2710/2 2599/3632/2 2596/1082/2
f 3885/3605/2 3881/3796/2 3853/858/2
f 3345/3766/3 3301/3797/3 3334/3798/3
f 3391/2688/6 3389/1893/6 3388/3425/6
f 3821/3799/2 3812/3800/2 3842/416/2
f 3020/3801/3 2919/2272/3 2912/1726/3
f 394/3802/3 263/3608/3 264/3803/3
f 3393/3804/3 3400/1197/3 3381/2606/3
f 291/49/4 335/2098/4 296/635/4
f 3117/3805/6 3118/3806/6 3135/1624/6
f 424/140/4 479/367/4 421/2337/4
f 3493/1279/5 3538/307/5 3537/1278/5
f 1350/2760/5 1832/3807/5 1353/3808/5
f 812/3347/2 804/2990/2 865/1278/2
f 4056/2979/1 4053/1161/1 4052/2978/1
f 3073/3258/6 3075/3809/6 3074/3810/6
f 2354/3231/6 2362/3811/6 2372/3812/6
f 3716/630/3 3725/3813/3 3689/1561/3
f 2763/946/5 2903/1872/5 2764/2683/5
f 3847/3216/6 3845/455/6 3843/3217/6
f 3390/3789/1 3411/3814/1 3389/1181/1
f 1052/829/3 1025/3815/3 1026/249/3
f 2101/3816/6 2102/2279/6 2103/2000/6
f 174/3817/4 405/3818/4 171/3819/4
f 733/3205/2 780/3820/2 781/3821/2
f 1742/1994/4 1760/1182/4 1735/2240/4
f 720/3822/2 672/3823/2 669/1238/2
f 1437/244/5 1921/3824/5 2082/120/5
f 540/3825/4 599/3390/4 546/3826/4
f 592/3827/2 581/105/2 593/106/2
f 276/3038/4 309/1934/4 273/2352/4
f 4082/1260/1 4101/1307/1 4081/3396/1
f 3106/633/5 3159/1614/5 3099/2997/5
f 3731/3828/3 3729/1112/3 3730/2099/3
f 1891/124/3 1408/691/3 1409/2601/3
f 3327/3829/4 3358/3830/4 3359/3831/4
f 3368/1575/4 3371/950/4 3364/2776/4
f 784/3832/4 466/96/4 463/3833/4
f 951/3834/2 998/2580/2 952/3835/2
f 1631/3039/4 1656/3836/4 1630/366/4
f 1026/1547/6 1023/790/6 1024/3837/6
f 980/1902/1 975/3838/1 919/3839/1
f 1384/2172/1 3464/2043/1 1383/3840/1
f 1230/954/3 1218/2591/3 1216/1534/3
f 1544/1578/3 1359/1741/3 1347/1577/3
f 421/1282/6 422/2233/6 424/2234/6
f 470/3841/6 468/1156/6 467/3447/6
f 133/1055/4 110/3842/4 132/3450/4
f 3226/3024/6 3225/1013/6 3228/1955/6
f 1886/3187/3 2052/3843/3 1884/3844/3
f 3468/89/4 3518/3845/4 3462/784/4
f 886/3209/3 884/3846/3 885/3675/3
f 966/3847/2 898/3848/2 899/3823/2
f 3727/3849/4 3638/1989/4 3634/238/4
f 2183/3850/6 2180/1737/6 2196/3851/6
f 1866/2599/3 1380/2114/3 1381/2600/3
f 1721/3509/4 1723/2073/4 1720/1585/4
f 2540/1072/3 2883/3852/3 2542/1250/3
f 3673/2512/2 3699/3853/2 3674/1317/2
f 3609/3396/3 3579/3491/3 3593/52/3
f 3129/333/1 3191/1810/1 3128/2025/1
f 2552/3854/3 2391/1412/3 2392/3614/3
f 321/3855/3 314/2031/3 315/3856/3
f 1201/3857/4 1188/2587/4 1191/988/4
f 3578/3524/6 3576/3287/6 3575/1930/6
f 3941/1017/3 3940/3858/3 3942/3859/3
f 325/1482/3 285/2914/3 288/3711/3
f 2156/1362/1 2144/3187/1 1989/1304/1
f 3793/1965/2 3785/3686/2 3815/3860/2
f 2427/3861/6 2403/3862/6 2409/3863/6
f 1756/3864/5 1767/3865/5 1757/2001/5
f 2434/2441/1 2595/1338/1 2433/1339/1
f 2272/200/1 2277/3637/1 2274/277/1
f 582/3827/3 663/1779/3 664/3866/3
f 3585/3867/3 3577/1935/3 3578/1936/3
f 900/1212/3 670/3310/3 671/3868/3
f 3459/3869/1 1379/2457/1 3463/3635/1
f 3835/1840/1 3833/2713/1 3834/2714/1
f 1660/2809/1 1562/3870/1 1667/2808/1
f 884/2838/2 820/3871/2 885/2990/2
f 1344/3872/4 1515/3873/4 1507/3541/4
f 3872/3432/4 3902/3874/4 3870/3875/4
f 1288/3876/1 1790/1087/1 1287/757/1
f 2807/1069/4 2809/3877/4 2806/1067/4
f 1694/3064/4 1816/743/4 1692/744/4
f 3297/3878/3 3342/3879/3 3258/3880/3
f 2563/3881/6 2565/3882/6 2562/3883/6
f 1812/3456/6 1824/1466/6 1825/3274/6
f 2666/3884/3 2815/3885/3 2964/3886/3
f 2949/3887/6 2934/3888/6 2961/3889/6
f 3214/3890/1 3165/1659/1 3105/3049/1
f 1702/3891/1 1542/3892/1 1701/586/1
f 2212/136/1 1870/1937/1 1871/1839/1
f 2900/717/3 2758/3893/3 2759/1161/3
f 674/2217/3 393/3894/3 672/1043/3
f 73/3609/4 168/478/4 97/3895/4
f 3520/3896/1 3549/3897/1 3467/609/1
f 3896/3898/1 3921/748/1 3899/2081/1
f 3421/3263/3 3412/3899/3 3404/968/3
f 397/3900/3 165/3901/3 166/3902/3
f 1427/70/4 1909/3903/4 1426/71/4
f 2679/3578/2 2667/3904/2 2676/115/2
f 2937/2553/6 2938/2959/6 2935/2554/6
f 3653/3905/2 3656/359/2 3686/3698/2
f 2997/3906/6 2994/3907/6 2995/3908/6
f 1454/1209/5 3499/3909/5 3498/3910/5
f 3663/3911/5 3768/3912/5 3803/3913/5
f 3740/3914/5 3782/2196/5 3781/3234/5
f 3084/941/6 3097/3915/6 3096/1556/6
f 1923/2098/5 2075/1111/5 1915/51/5
f 3384/2676/1 3396/3017/1 3397/3916/1
f 2259/2576/4 2261/2537/4 2258/359/4
f 13/1001/2 45/2393/2 14/1002/2
f 1768/2572/6 1769/1844/6 1770/1105/6
f 609/166/3 129/3129/3 130/3917/3
f 3185/3492/5 3222/3918/5 3186/3919/5
f 2862/536/5 2364/3920/5 2354/3891/5
f 3633/3658/6 3634/1773/6 3638/3523/6
f 575/3391/4 628/2070/4 626/3921/4
f 3632/1606/1 3661/3111/1 3662/3397/1
f 3488/3922/5 1440/3923/5 3534/3924/5
f 1045/3879/3 775/3543/3 778/3925/3
f 3273/3926/5 3306/2378/5 3305/3720/5
f 909/2969/2 967/790/2 917/1114/2
f 360/2550/4 423/3333/4 357/3593/4
f 3241/3778/1 3281/3927/1 3240/3385/1
f 104/3928/3 178/3929/3 80/1245/3
f 1244/3930/6 1240/3269/6 1246/3931/6
f 1920/1597/4 2076/515/4 1923/2553/4
f 3744/3932/3 3711/614/3 3712/1111/3
f 867/3676/3 812/3933/3 865/3934/3
f 3001/436/4 3066/3935/4 3000/2165/4
f 2059/634/6 2058/1224/6 2053/2876/6
f 2163/1363/3 2004/2715/3 2005/1364/3
f 1181/3936/3 1458/3937/3 1185/3938/3
f 516/915/3 486/3939/3 514/2330/3
f 700/3940/2 749/3341/2 694/1635/2
f 2053/3941/3 1893/3942/3 1889/3943/3
f 2037/1006/2 2029/3859/2 2189/3944/2
f 1017/1807/1 981/3945/1 982/3946/1
f 2776/1906/4 2766/3947/4 2615/1982/4
f 820/2617/3 761/3948/3 764/2517/3
f 3865/3949/3 3866/3950/3 3899/3951/3
f 3341/1991/4 3298/3952/4 3260/3953/4
f 1548/3954/4 1702/3955/4 1703/2414/4
f 241/331/6 243/1220/6 242/1222/6
f 1539/3183/4 1402/3956/4 1403/3957/4
f 3818/3468/3 3820/1967/3 3821/3470/3
f 1812/3958/3 1340/2152/3 1341/1590/3
f 2816/3959/4 2665/144/4 2961/3960/4
f 3642/3961/1 3614/2012/1 3680/3330/1
f 3911/602/2 3882/3962/2 3883/3602/2
f 2929/3963/3 3024/3964/3 2939/2260/3
f 1881/2602/6 1879/483/6 1878/2388/6
f 1301/3965/5 1785/3966/5 1786/3967/5
f 1803/3456/6 1804/3276/6 1795/2572/6
f 4092/3968/3 4050/2290/3 4078/3969/3
f 3099/3916/6 3107/3018/6 3106/3915/6
f 2338/3970/3 2509/3971/3 2180/3972/3
f 147/517/3 140/2444/3 141/3973/3
f 849/3974/2 915/3917/2 843/2682/2
f 2513/116/1 2506/2183/1 2505/2466/1
f 2265/3975/3 2266/3976/3 2411/3977/3
f 3304/949/6 3309/3553/6 3312/2300/6
f 4036/1176/4 4013/3978/4 4035/610/4
f 1754/3783/5 1763/358/5 1755/861/5
f 1246/3979/4 1234/3073/4 1236/3980/4
f 4069/3131/1 4066/2688/1 4059/424/1
f 204/2029/3 458/780/3 201/3981/3
f 3580/3982/1 3539/3983/1 3582/3984/1
f 1706/2608/1 1556/1533/1 1705/3710/1
f 3664/3985/1 3665/3986/1 3804/3987/1
f 2749/2206/6 2748/2781/6 2747/852/6
f 2998/3988/3 2852/3989/3 2994/3349/3
f 2359/581/6 2357/1412/6 2360/3614/6
f 1206/387/1 1189/461/1 1204/388/1
f 2825/3990/3 2675/3991/3 2485/2120/3
f 1310/765/1 1801/3992/1 1309/651/1
f 370/559/2 427/3993/2 364/3994/2
f 2377/1077/5 2548/275/5 2547/1076/5
f 227/1251/4 222/1728/4 221/576/4
f 2381/3995/6 2383/723/6 2389/3996/6
f 1245/3421/6 1239/3997/6 1243/3998/6
f 3655/3999/3 3630/4000/3 3743/4001/3
f 3095/117/4 3151/3518/4 3092/3673/4
f 1853/179/4 2023/4002/4 1852/2556/4
f 2218/4003/1 2217/4004/1 1883/4005/1
f 896/1107/2 953/3904/2 897/4006/2
f 208/2794/6 210/1261/6 209/4007/6
f 3478/3897/5 3528/2756/5 3475/2809/5
f 1105/4008/5 1083/4009/5 1043/4010/5
f 1643/4011/5 1526/4012/5 1642/2401/5
f 238/2389/3 237/3525/3 191/2931/3
f 79/1444/2 49/2314/2 50/4013/2
f 3285/4014/1 3320/528/1 3244/4015/1
f 1594/4016/3 1443/3285/3 1444/4017/3
f 2076/4018/6 2082/1585/6 2083/4019/6
f 2619/977/1 2786/4020/1 2618/2155/1
f 3823/3194/4 3787/3469/4 3794/4021/4
f 172/2895/6 171/4022/6 173/3662/6
f 2785/4023/1 2925/4024/1 2781/4025/1
f 3708/3853/2 3683/398/2 3707/1903/2
f 1929/4026/6 1937/1124/6 1928/4027/6
f 646/2888/4 641/1014/4 640/4028/4
f 2377/1542/2 2373/206/2 2374/3739/2
f 3954/4029/4 3982/2113/4 3981/4030/4
f 3661/291/2 3655/1648/2 3690/1647/2
f 3878/3043/6 3876/745/6 3879/747/6
f 254/1636/2 225/4031/2 252/3129/2
f 822/2836/2 815/867/2 823/3871/2
f 247/1545/4 274/281/4 275/282/4
f 1992/4032/2 2006/4033/2 2009/4034/2
f 2553/4035/5 2385/4036/5 2554/4037/5
f 1058/553/6 1056/176/6 1055/552/6
f 102/1501/3 552/4038/3 101/1138/3
f 1206/3077/2 1198/2526/2 1199/3079/2
f 2730/4039/3 2728/959/3 2727/2506/3
f 1634/968/3 1520/343/3 1521/1848/3
f 531/3838/3 524/516/3 525/4040/3
f 289/4041/4 229/1481/4 259/2763/4
f 399/1891/6 397/4007/6 400/108/6
f 2195/3287/3 2193/37/3 2041/1774/3
f 759/3273/3 752/3434/3 753/4042/3
f 2363/3614/1 2536/4043/1 2362/820/1
f 2642/1273/5 2795/2944/5 2652/4044/5
f 1040/147/4 725/3022/4 728/4045/4
f 2316/4046/4 2474/4047/4 2464/4048/4
f 411/488/3 349/4049/3 350/4050/3
f 3485/1130/3 1438/3169/3 1439/3168/3
f 1266/3332/1 3255/1044/1 1265/2798/1
f 1398/3026/5 1891/1127/5 1409/1129/5
f 3814/4051/6 3812/3800/6 3816/4052/6
f 1616/970/4 1499/885/4 1504/1849/4
f 911/2593/4 912/1589/4 913/2507/4
f 250/2467/6 248/1220/6 247/1026/6
f 2764/4053/6 2765/4054/6 2770/4055/6
f 2095/1621/4 2097/891/4 2094/4056/4
f 3591/4057/5 3604/835/5 3603/4058/5
f 3176/2168/5 3215/3346/5 3179/3347/5
f 2141/4059/1 2304/4060/1 2297/4061/1
f 3308/1513/3 3348/3057/3 3307/4062/3
f 3539/4063/6 3540/2291/6 3542/2715/6
f 591/4064/4 593/4065/4 529/1313/4
f 1624/1890/5 1654/3606/5 1629/4066/5
f 3174/4067/3 3220/1125/3 3118/706/3
f 1364/1246/1 1851/4068/1 1847/4069/1
f 1962/1941/1 2286/972/1 1964/1385/1
f 3609/1303/6 3607/1067/6 3610/1146/6
f 3770/2961/2 3731/358/2 3773/2752/2
f 1771/4070/6 1774/4071/6 1708/4072/6
f 779/3820/2 793/4073/2 830/3156/2
f 297/384/3 267/1784/3 268/4074/3
f 2579/275/3 2582/4075/3 2581/1076/3
f 3639/4076/3 3619/1995/3 3622/1483/3
f 2697/2512/4 2834/1523/4 2681/48/4
f 1270/2627/5 3264/438/5 3263/437/5
f 128/4077/6 129/3974/6 127/4078/6
f 303/4079/2 313/3659/2 351/4080/2
f 3195/4081/6 3194/4082/6 3186/4083/6
f 1353/2240/6 1351/2422/6 1350/1198/6
f 2861/197/1 2519/4084/1 2517/1617/1
f 2301/3714/1 2455/3035/1 2451/3713/1
f 1351/4085/1 1839/2514/1 1837/2513/1
f 801/4086/1 857/4087/1 856/4088/1
f 535/2549/6 533/2899/6 534/2900/6
f 1046/553/6 1044/550/6 1045/1712/6
f 3703/4089/6 3704/279/6 3697/2577/6
f 1535/3956/3 1400/3069/3 1401/3067/3
f 613/4090/1 408/4091/1 342/3727/1
f 3359/2107/6 3360/3830/6 3361/4092/6
f 1410/544/5 1899/2198/5 1901/453/5
f 74/1178/2 72/3831/2 98/3720/2
f 142/1994/2 136/3651/2 156/2241/2
f 1957/4093/1 2124/4094/1 2119/4095/1
f 3942/4096/1 3916/4097/1 3944/4029/1
f 1980/4098/1 1797/4099/1 1972/452/1
f 2925/1826/3 2791/678/3 2781/1999/3
f 2403/4100/4 2594/735/4 2407/4101/4
f 1340/2176/5 1824/2533/5 1342/2611/5
f 3738/4102/4 3699/4103/4 3700/4104/4
f 657/104/3 587/1381/3 590/1382/3
f 2653/2924/4 2625/2456/4 2622/4105/4
f 1953/2555/5 2117/178/5 1961/3703/5
f 1653/4106/1 1546/4107/1 1547/3570/1
f 2870/4108/6 2860/4109/6 2861/4110/6
f 915/4111/4 983/3054/4 977/1866/4
f 3259/4112/3 1265/1765/3 3255/1764/3
f 339/3761/1 214/4113/1 176/2498/1
f 2063/872/1 2231/2943/1 2062/3028/1
f 1238/4114/6 1235/4115/6 1236/4116/6
f 2246/4117/4 2402/4118/4 2393/4119/4
f 3339/4120/6 3344/4121/6 3334/4122/6
f 192/4123/3 158/4124/3 187/4125/3
f 2766/897/1 2910/3857/1 2765/1610/1
f 3924/1839/3 3925/4126/3 3907/4127/3
f 2376/4128/6 2353/1581/6 2361/4129/6
f 2605/4130/5 2607/1131/5 2606/1132/5
f 2859/3032/4 3067/364/4 2991/4131/4
f 637/765/2 572/1826/2 636/3435/2
f 458/1478/6 460/3830/6 457/2525/6
f 172/954/4 99/4132/4 100/1534/4
f 1910/1057/3 1434/4133/3 1435/201/3
f 3049/4134/1 3113/1149/1 3048/1655/1
f 2081/2496/3 1929/36/3 1930/1841/3
f 1329/2849/5 3455/1583/5 1331/2848/5
f 2158/4135/6 2159/863/6 2144/3333/6
f 2263/2278/4 2412/172/4 2413/173/4
f 1233/4136/6 1231/4137/6 1232/4138/6
f 1537/549/5 1402/3259/5 1536/4139/5
f 2981/4140/1 3048/706/1 3052/3981/1
f 3499/2381/3 1442/2028/3 3488/2949/3
f 1100/3163/4 1042/4141/4 1099/183/4
f 2913/1800/1 3020/633/1 2912/1358/1
f 2185/747/4 2346/909/4 2184/3044/4
f 391/2073/4 452/653/4 453/1118/4
f 997/3273/6 994/562/6 995/4042/6
f 414/3480/6 412/1282/6 411/4142/6
f 4015/4143/9 4026/4144/9 4042/1419/9
f 976/57/4 919/1193/4 975/55/4
f 3547/1809/6 3549/4145/6 3548/3076/6
f 2631/2083/3 2299/4146/3 2296/1969/3
f 756/665/2 807/194/2 750/2400/2
f 293/814/3 260/4041/3 230/813/3
f 404/806/6 403/1646/6 405/1092/6
f 1723/4147/1 1733/4148/1 1747/4149/1
f 3829/4150/4 3913/4151/4 3894/4152/4
f 4038/4153/5 3989/4154/5 4039/4155/5
f 1249/2429/3 1241/3980/3 1247/3979/3
f 634/3435/6 635/651/6 632/111/6
f 1259/2368/3 3248/4156/3 1263/550/3
f 362/4157/1 638/4158/1 874/296/1
f 3212/3168/6 3213/1132/6 3214/4159/6
f 888/4160/2 963/1667/2 902/1669/2
f 1866/1232/5 2038/3816/5 1877/2126/5
f 3810/2426/1 3809/1413/1 3811/505/1
f 3437/904/4 3506/1265/4 3430/4161/4
f 1863/620/4 2032/4162/4 1849/3438/4
f 432/3097/2 420/1157/2 474/4163/2
f 3276/4164/6 3269/4165/6 3277/4166/6
f 1704/3067/1 1548/161/1 1703/3526/1
f 3429/1130/1 3506/3813/1 3507/1561/1
f 1893/3844/5 2057/3357/5 1898/1363/5
f 2488/1519/4 2677/2780/4 2480/2781/4
f 2298/1883/6 2309/2686/6 2310/525/6
f 3211/2037/4 3105/4167/4 3112/3797/4
f 1500/1152/1 1336/2764/1 1337/4168/1
f 3097/4169/3 3100/4170/3 3049/2132/3
f 3039/1478/1 3096/4171/1 3038/1178/1
f 2755/4172/6 2769/4173/6 2752/4174/6
f 1408/1087/5 1896/3121/5 1414/4175/5
f 3380/619/3 3386/970/3 3379/883/3
f 2817/2546/5 2936/1592/5 2802/3138/5
f 2242/2039/6 2241/360/6 2240/900/6
f 2037/4176/3 2348/4177/3 2526/4178/3
f 1609/678/1 1496/1571/1 1497/2947/1
f 3312/4062/4 3349/2506/4 3346/3057/4
f 3566/1906/2 3555/2702/2 3567/2703/2
f 1181/3936/10 1193/4179/10 1196/4180/10
f 443/1964/6 441/3243/6 442/3244/6
f 2353/4181/4 2538/4182/4 2528/4183/4
f 436/2915/2 449/137/2 451/4184/2
f 4058/1883/2 4069/4185/2 4059/524/2
f 3963/3771/6 3964/322/6 3962/324/6
f 3179/2168/4 3208/4186/4 3178/306/4
f 1670/2643/3 1576/4187/3 1577/3463/3
f 2429/4188/3 2610/4189/3 2621/4190/3
f 2303/3637/4 2454/4191/4 2304/278/4
f 3718/867/2 3691/4192/2 3719/1219/2
f 3684/601/1 3683/3514/1 3685/548/1
f 3680/1967/6 3678/4103/6 3666/2435/6
f 2000/4193/4 1827/4194/4 2170/4016/4
f 937/2878/3 939/3058/3 938/3059/3
f 2177/2551/6 2176/675/6 2172/4135/6
f 1154/543/3 1152/4195/3 1153/3405/3
f 2752/946/1 2896/126/1 2751/640/1
f 3180/944/5 3208/4159/5 3209/3168/5
f 3114/4196/6 3115/4197/6 3132/4198/6
f 1658/2097/3 1560/750/3 1552/491/3
f 3122/2849/6 3120/943/6 3116/1886/6
f 1608/3772/3 1497/2748/3 1489/2746/3
f 2062/4199/6 2068/2941/6 2057/3185/6
f 3300/3267/5 3332/4200/5 3333/4201/5
f 2127/4202/4 2133/4203/4 2296/4204/4
f 3672/2644/6 3670/1/6 3671/538/6
f 2729/4205/2 2865/2949/2 2737/2950/2
f 1733/3039/6 1735/4206/6 1737/4207/6
f 287/3598/6 285/2057/6 286/2058/6
f 3287/3695/3 3254/606/3 3248/4208/3
f 2236/533/4 2379/2010/4 2235/2011/4
f 1035/2368/3 1012/1712/3 1013/1413/3
f 1210/3297/5 1222/4209/5 1212/4210/5
f 1452/4211/1 3504/3634/1 1451/4212/1
f 1750/2360/1 1768/4058/1 1770/4057/1
f 1794/1613/5 1965/2964/5 1799/1751/5
f 1082/1496/6 1080/3665/6 1079/4213/6
f 1676/292/5 1579/4214/5 1584/1648/5
f 771/4215/4 828/627/4 774/2860/4
f 1331/2244/4 3451/2534/4 1330/2535/4
f 232/1819/2 187/1564/2 224/898/2
f 3146/4216/1 3087/2928/1 3149/2930/1
f 964/3664/4 951/417/4 893/1495/4
f 3006/2689/4 3069/4217/4 3005/436/4
f 3019/3552/6 3016/4205/6 3017/2381/6
f 290/2913/2 327/2876/2 282/2877/2
f 1579/930/4 1672/530/4 1578/2142/4
f 751/4218/4 801/2663/4 799/3116/4
f 1041/2701/6 1042/565/6 1039/4219/6
f 4006/4220/1 4004/2160/1 4007/4123/1
f 597/3826/3 596/4221/3 530/4065/3
f 809/4222/4 860/3934/4 858/625/4
f 566/2614/3 526/4223/3 564/645/3
f 3585/1216/6 3583/2155/6 3586/1408/6
f 1791/4224/1 1968/4225/1 1303/2937/1
f 647/1635/2 693/3708/2 641/4031/2
f 3944/3602/6 3939/4096/6 3941/2743/6
f 3415/342/4 3423/1306/4 3407/3899/4
f 461/8/4 652/787/4 375/4226/4
f 1348/2993/1 1544/3203/1 1347/4227/1
f 2319/4228/3 2313/4229/3 2461/4230/3
f 3297/4231/6 3288/915/6 3298/1086/6
f 343/4232/2 407/4233/2 341/1732/2
f 3486/4234/3 1404/4235/3 3476/2709/3
f 3325/3720/3 3289/3829/3 3290/3926/3
f 261/4236/4 295/4079/4 262/280/4
f 3621/1260/2 3594/2671/2 3611/3491/2
f 2693/4237/3 2977/3638/3 2831/3639/3
f 415/4049/4 416/1691/4 417/1692/4
f 2615/4238/2 2624/4239/2 2776/2750/2
f 3407/4063/1 3425/1364/1 3406/2643/1
f 837/2365/3 794/2199/3 835/128/3
f 4034/4240/1 3999/4241/1 4001/4242/1
f 3843/4243/4 3874/3769/4 3871/4244/4
f 2990/1952/3 2988/1221/3 2987/3717/3
f 2860/2859/1 2996/1985/1 2859/2333/1
f 1572/4245/3 1668/3175/3 1671/1902/3
f 74/4246/3 10/2295/3 8/2976/3
f 2920/2271/4 3023/4247/4 2913/2272/4
f 2806/1/1 2809/4248/1 2813/2/1
f 2104/4/2 1954/4249/2 1951/1551/2
f 1950/2871/2 2108/4250/2 2095/5/2
f 2104/4/2 1951/1551/2 1950/2871/2
f 2099/6/2 2107/4251/2 2104/4/2
f 2095/5/2 2094/4252/2 2099/6/2
f 2104/4/2 1950/2871/2 2095/5/2
f 1709/4253/1 1716/4254/1 1715/4255/1
f 1267/8/1 1268/4256/1 1780/4257/1
f 1779/9/1 2101/4258/1 2103/4259/1
f 1267/8/1 1780/4257/1 1779/9/1
f 1709/4253/1 1715/4255/1 1267/8/1
f 1779/9/1 2103/4259/1 1778/7/1
f 1778/7/1 1709/4253/1 1267/8/1
f 1205/10/3 1192/2566/3 1190/11/3
f 4068/13/4 4083/2636/4 4084/14/4
f 932/16/4 985/1389/4 981/17/4
f 1018/19/3 1017/1176/3 848/20/3
f 2274/22/3 2277/1574/3 2276/23/3
f 1465/25/4 1939/1598/4 1929/26/4
f 300/28/3 347/2214/3 348/29/3
f 2549/31/5 2555/4260/5 2746/4261/5
f 2746/4261/5 2749/4262/5 2887/32/5
f 2888/33/5 2381/4263/5 2387/4264/5
f 2549/31/5 2746/4261/5 2887/32/5
f 2888/33/5 2387/4264/5 2549/31/5
f 1931/34/4 2091/3581/4 2082/35/4
f 2199/37/6 2198/3653/6 2200/38/6
f 3753/40/4 3757/4265/4 3787/41/4
f 1990/43/3 2145/4266/3 2165/44/3
f 2165/44/3 2318/4267/3 2325/4268/3
f 1995/45/3 1812/4269/3 1806/4270/3
f 1806/4270/3 1974/2390/3 2139/2391/3
f 2139/2391/3 2142/4271/3 1983/4272/3
f 1806/4270/3 2139/2391/3 1983/4272/3
f 1806/4270/3 1983/4272/3 1990/43/3
f 2165/44/3 2325/4268/3 2168/4273/3
f 1995/45/3 1806/4270/3 1990/43/3
f 2165/44/3 2168/4273/3 1995/45/3
f 3676/46/6 3663/2644/6 3668/47/6
f 336/49/6 335/64/6 334/50/6
f 3328/52/4 3355/4274/4 3351/53/4
f 1060/55/4 1077/2151/4 1078/56/4
f 284/58/3 254/4275/3 252/59/3
f 2622/61/5 2625/4276/5 2624/62/5
f 347/64/6 350/3371/6 349/65/6
f 2926/68/1 3025/3351/1 3022/4277/1
f 3022/4277/1 2920/1670/1 2921/66/1
f 2921/66/1 2790/4278/1 2791/67/1
f 2926/68/1 3022/4277/1 2921/66/1
f 923/69/4 924/3517/4 925/70/4
f 319/72/4 382/4279/4 383/73/4
f 851/75/4 852/2451/4 620/76/4
f 2264/79/2 2424/4277/2 2423/4280/2
f 2264/79/2 2423/4280/2 2284/4281/2
f 2279/4282/2 2285/3569/2 2268/78/2
f 2264/79/2 2284/4281/2 2280/80/2
f 2280/80/2 2279/4282/2 2268/78/2
f 2850/4283/1 2502/3901/1 2503/4284/1
f 2704/81/1 2705/4285/1 2993/82/1
f 2850/4283/1 2503/4284/1 2704/81/1
f 2993/82/1 2994/4286/1 2852/83/1
f 2852/83/1 2850/4283/1 2704/81/1
f 1482/84/4 1483/1723/4 1319/85/4
f 3519/87/3 3520/207/3 3467/88/3
f 2354/92/5 1881/536/5 1878/4287/5
f 2354/92/5 1878/4287/5 2043/90/5
f 2201/91/5 2355/3521/5 2354/92/5
f 3533/95/6 3537/4288/6 3538/93/6
f 3538/93/11 3532/4289/11 3530/94/11
f 1747/6/3 1761/4290/3 1730/96/3
f 2315/98/1 2462/2252/1 2469/99/1
f 1743/101/5 1745/4291/5 1744/4292/5
f 1732/102/5 1731/4293/5 1730/4294/5
f 1743/101/5 1744/4292/5 1732/102/5
f 1761/103/5 1762/4295/5 1743/101/5
f 1732/102/5 1730/4294/5 1761/103/5
f 581/104/4 659/4296/4 660/105/4
f 3775/107/6 3781/1645/6 3782/108/6
f 3782/108/6 3774/2673/6 3776/109/6
f 2774/110/1 2911/3435/1 2916/111/1
f 2098/113/3 2106/4297/3 2107/114/3
f 2612/116/5 2613/3439/5 2615/117/5
f 2868/119/5 3003/4298/5 3004/120/5
f 1378/122/3 3459/4299/3 3460/123/3
f 503/125/3 501/1204/3 502/126/3
f 732/128/4 791/2365/4 792/129/4
f 2110/783/4 2108/4300/4 1950/131/4
f 1950/131/4 1951/2180/4 2111/132/4
f 2109/133/4 2110/783/4 1950/131/4
f 3973/134/6 3978/4126/6 3975/135/6
f 505/137/6 504/1467/6 500/138/6
f 1770/140/3 1769/422/3 1756/141/3
f 2673/145/3 2458/1865/3 2648/4301/3
f 2673/145/3 2648/4301/3 2655/143/3
f 2665/144/3 2672/4302/3 2673/145/3
f 2831/146/1 2977/3920/1 2990/147/1
f 362/149/3 361/1968/3 249/150/3
f 2947/152/5 2946/2595/5 2945/153/5
f 1546/4303/6 1553/4304/6 1552/4305/6
f 1552/4305/6 1560/4306/6 1559/3019/6
f 1559/3019/6 1551/4307/6 1550/4308/6
f 1545/4309/6 1544/4310/6 1541/4311/6
f 1559/3019/6 1550/4308/6 1545/4309/6
f 1546/4303/6 1552/4305/6 1559/3019/6
f 1555/4312/6 1554/4313/6 1547/4314/6
f 1546/4303/6 1559/3019/6 1545/4309/6
f 1546/4303/6 1545/4309/6 1541/4311/6
f 1541/4311/6 1540/4315/6 1543/4316/6
f 1542/4317/6 1549/4318/6 1548/4319/6
f 1541/4311/6 1543/4316/6 1542/4317/6
f 1547/4314/6 1546/4303/6 1541/4311/6
f 1562/4320/6 1561/4321/6 1555/4312/6
f 1547/4314/6 1541/4311/6 1542/4317/6
f 1555/4312/6 1547/4314/6 1542/4317/6
f 1548/4319/6 1557/4322/6 1556/4323/6
f 1555/4312/6 1542/4317/6 1548/4319/6
f 1568/4324/6 1567/4325/6 1562/4320/6
f 1562/4320/6 1555/4312/6 1548/4319/6
f 1556/4323/6 1563/4326/6 1569/4327/6
f 1562/4320/6 1548/4319/6 1556/4323/6
f 1568/4324/6 1562/4320/6 1556/4323/6
f 1569/4327/6 1571/4328/6 1581/4329/6
f 1568/4324/6 1556/4323/6 1569/4327/6
f 1579/4330/6 1578/4331/6 1573/4332/6
f 1573/4332/6 1568/4324/6 1569/4327/6
f 1569/4327/6 1581/4329/6 1580/4333/6
f 1580/4333/6 1593/4334/6 1592/4335/6
f 1592/4335/6 1597/4336/6 1596/4337/6
f 1596/4337/6 1601/4338/6 1600/4339/6
f 1600/4339/6 1603/4340/6 1602/4341/6
f 1599/4342/6 1598/4343/6 1594/155/6
f 1600/4339/6 1602/4341/6 1599/4342/6
f 1592/4335/6 1596/4337/6 1600/4339/6
f 1569/4327/6 1580/4333/6 1592/4335/6
f 1573/4332/6 1569/4327/6 1592/4335/6
f 1592/4335/6 1600/4339/6 1599/4342/6
f 1594/155/6 1595/4344/6 1586/4345/6
f 1592/4335/6 1599/4342/6 1594/155/6
f 1579/4330/6 1573/4332/6 1592/4335/6
f 1585/4346/6 1584/4347/6 1579/4330/6
f 1591/4348/6 1590/4349/6 1585/4346/6
f 1582/157/6 1589/4350/6 1588/4351/6
f 1576/156/6 1583/4352/6 1582/157/6
f 1572/4353/6 1577/4354/6 1576/156/6
f 1570/4355/6 1564/3021/6 1572/4353/6
f 1574/4356/6 1575/4357/6 1570/4355/6
f 1586/4345/6 1587/4358/6 1574/4356/6
f 1585/4346/6 1579/4330/6 1592/4335/6
f 1591/4348/6 1585/4346/6 1592/4335/6
f 1594/155/6 1586/4345/6 1574/4356/6
f 1574/4356/6 1570/4355/6 1572/4353/6
f 1574/4356/6 1572/4353/6 1576/156/6
f 1591/4348/6 1592/4335/6 1594/155/6
f 1588/4351/6 1591/4348/6 1594/155/6
f 1594/155/6 1574/4356/6 1576/156/6
f 1582/157/6 1588/4351/6 1594/155/6
f 3835/158/2 3811/519/2 3809/159/2
f 3235/21/4 3185/4359/4 3193/161/4
f 3193/161/4 3225/4360/4 3236/20/4
f 2711/162/6 2709/929/6 2695/163/6
f 3417/165/4 3408/4361/4 3378/166/4
f 3302/168/5 3345/4362/5 3344/169/5
f 2573/171/3 2572/258/3 2571/172/3
f 3274/174/3 3279/2124/3 1291/175/3
f 2027/177/3 2026/3437/3 1854/178/3
f 218/180/3 220/2611/3 219/181/3
f 3479/183/1 3480/2479/1 3533/184/1
f 1089/186/6 1087/2063/6 1088/187/6
f 968/189/2 969/2583/2 1003/190/2
f 374/192/2 321/1990/2 315/193/2
f 117/195/2 149/4363/2 114/196/2
f 3716/198/6 3726/404/6 3723/199/6
f 2695/201/1 2845/1057/1 2833/202/1
f 3078/204/4 3143/1858/4 3138/205/4
f 3527/207/3 3526/4364/3 3474/208/3
f 2461/211/2 2451/966/2 2452/4365/2
f 2458/209/2 2673/4366/2 2478/210/2
f 2461/211/2 2452/4365/2 2458/209/2
f 2940/212/5 2943/1591/5 2942/213/5
f 3949/215/5 3977/503/5 3976/216/5
f 84/218/2 61/2522/2 55/219/2
f 619/221/4 849/4367/4 843/222/4
f 2819/224/5 2957/4368/5 2956/225/5
f 2956/225/5 2960/2759/5 2818/226/5
f 2818/226/5 2820/4369/5 2819/224/5
f 3342/227/5 3341/4370/5 3261/228/5
f 2395/230/4 2396/1273/4 2389/231/4
f 2517/233/1 2192/3607/1 2190/234/1
f 2292/236/2 2441/2743/2 2435/237/2
f 569/239/6 568/1703/6 570/240/6
f 2897/244/3 2590/1658/3 2591/242/3
f 2591/242/3 2753/2666/3 2750/4371/3
f 2751/243/3 2896/4372/3 2897/244/3
f 2591/242/3 2750/4371/3 2751/243/3
f 3752/245/3 3751/2207/3 3750/246/3
f 2552/248/6 2559/1071/6 2557/249/6
f 2408/253/2 2406/2851/2 2405/251/2
f 2405/251/6 2266/4373/6 2267/252/6
f 456/254/2 455/2597/2 393/255/2
f 2599/257/3 2598/2712/3 2434/258/3
f 3924/259/2 3907/1715/2 3908/260/2
f 2101/262/4 1779/3745/4 1781/263/4
f 2804/265/1 2939/1527/1 2950/266/1
f 1209/268/5 1210/724/5 1199/269/5
f 1036/4374/1 1037/4375/1 1064/4376/1
f 1064/4376/1 1065/4377/1 1080/4378/1
f 1080/4378/1 1081/4379/1 1097/834/1
f 1128/4380/1 1129/4381/1 1168/271/1
f 1080/4378/1 1097/834/1 1128/4380/1
f 1036/4374/1 1064/4376/1 1080/4378/1
f 1011/4382/1 1012/4383/1 1036/4374/1
f 971/4384/1 972/4385/1 1011/4382/1
f 1033/4386/1 1007/4387/1 1008/4388/1
f 1008/4388/1 971/4384/1 1011/4382/1
f 1036/4374/1 1080/4378/1 1128/4380/1
f 1008/4388/1 1011/4382/1 1036/4374/1
f 1061/4389/1 1032/4390/1 1033/4386/1
f 1033/4386/1 1008/4388/1 1036/4374/1
f 1036/4374/1 1128/4380/1 1168/271/1
f 1168/271/1 1169/4391/1 1165/4392/1
f 1164/4393/1 1125/4394/1 1124/272/1
f 1168/271/1 1165/4392/1 1164/4393/1
f 1033/4386/1 1036/4374/1 1168/271/1
f 1077/273/1 1060/4395/1 1061/4389/1
f 1061/4389/1 1033/4386/1 1168/271/1
f 1168/271/1 1164/4393/1 1124/272/1
f 1124/272/1 1095/4396/1 1076/4397/1
f 1077/273/1 1061/4389/1 1168/271/1
f 1124/272/1 1076/4397/1 1077/273/1
f 2544/274/3 2551/2049/3 2382/275/3
f 2270/277/1 2271/3637/1 2260/278/1
f 287/280/3 286/4236/3 257/281/3
f 919/191/2 974/190/2 913/283/2
f 3464/285/3 3465/2408/3 1390/286/3
f 2363/3832/3 2364/4398/3 2863/288/3
f 2863/288/3 2872/3727/3 2534/289/3
f 2531/290/3 2363/3832/3 2863/288/3
f 3661/291/6 3657/4399/6 3658/292/6
f 3842/296/1 3812/4400/1 3871/4401/1
f 3870/294/1 3902/4402/1 3904/295/1
f 3842/296/1 3871/4401/1 3870/294/1
f 1789/297/6 1788/611/6 1791/298/6
f 3872/300/5 3869/3874/5 3903/301/5
f 306/303/3 305/713/3 280/304/3
f 854/306/2 797/2168/2 798/307/2
f 3929/309/2 3905/3555/2 3906/310/2
f 1454/4403/6 1453/4404/6 1456/4405/6
f 1454/4403/6 1456/4405/6 1455/4406/6
f 1468/3338/6 1452/4407/6 1454/4403/6
f 1268/4408/6 1267/4409/6 1193/3753/6
f 1302/4410/6 1301/4411/6 1286/4412/6
f 1702/4413/6 1300/4414/6 1302/4410/6
f 1704/4415/6 1703/4416/6 1702/4413/6
f 1706/4417/6 1705/4418/6 1704/4415/6
f 1473/4419/6 1474/4420/6 1706/4417/6
f 1419/4421/6 1412/4422/6 1407/4423/6
f 1433/4424/6 1432/4425/6 1419/4421/6
f 1446/4426/6 1445/4427/6 1433/4424/6
f 1461/4428/6 1462/4429/6 1446/4426/6
f 1464/4430/6 1463/4431/6 1461/4428/6
f 1434/4432/6 1448/4433/6 1447/4434/6
f 1447/4434/6 1464/4430/6 1461/4428/6
f 1446/4426/6 1433/4424/6 1419/4421/6
f 1447/4434/6 1461/4428/6 1446/4426/6
f 1420/4435/6 1435/4436/6 1434/4432/6
f 1434/4432/6 1447/4434/6 1446/4426/6
f 1434/4432/6 1446/4426/6 1419/4421/6
f 1413/4437/6 1421/4438/6 1420/4435/6
f 1420/4435/6 1434/4432/6 1419/4421/6
f 1420/4435/6 1419/4421/6 1407/4423/6
f 1408/4439/6 1414/4440/6 1413/4437/6
f 1413/4437/6 1420/4435/6 1407/4423/6
f 1413/4437/6 1407/4423/6 1473/4419/6
f 1398/4441/6 1409/4442/6 1408/4439/6
f 1408/4439/6 1413/4437/6 1473/4419/6
f 1706/4417/6 1704/4415/6 1702/4413/6
f 1408/4439/6 1473/4419/6 1706/4417/6
f 1391/4443/6 1399/4444/6 1398/4441/6
f 1398/4441/6 1408/4439/6 1706/4417/6
f 1706/4417/6 1702/4413/6 1302/4410/6
f 1706/4417/6 1302/4410/6 1286/4412/6
f 1391/4443/6 1398/4441/6 1706/4417/6
f 1387/4445/6 1392/4446/6 1391/4443/6
f 1380/4447/6 1388/4448/6 1387/4445/6
f 1376/4449/6 1381/4450/6 1380/4447/6
f 1326/4451/6 1374/4452/6 1373/4453/6
f 1303/4454/6 1327/4455/6 1326/4451/6
f 1287/4456/6 1304/4457/6 1303/4454/6
f 1251/2926/6 1287/4456/6 1303/4454/6
f 1308/2927/6 1264/4458/6 1261/4459/6
f 1322/4460/6 1321/4461/6 1308/2927/6
f 1697/4462/6 1696/4463/6 1334/4464/6
f 1322/4460/6 1308/2927/6 1261/4459/6
f 1339/4465/6 1697/4462/6 1334/4464/6
f 1334/4464/6 1322/4460/6 1261/4459/6
f 1339/4465/6 1334/4464/6 1261/4459/6
f 1355/4466/6 1354/4467/6 1345/4468/6
f 1345/4468/6 1339/4465/6 1261/4459/6
f 1356/4469/6 1355/4466/6 1345/4468/6
f 1365/4470/6 1364/4471/6 1356/4469/6
f 1369/4472/6 1368/4473/6 1365/4470/6
f 1360/4474/6 1367/4475/6 1366/4476/6
f 1366/4476/6 1369/4472/6 1365/4470/6
f 1365/4470/6 1356/4469/6 1345/4468/6
f 1365/4470/6 1345/4468/6 1261/4459/6
f 1360/4474/6 1366/4476/6 1365/4470/6
f 1357/4477/6 1361/4478/6 1360/4474/6
f 1340/4479/6 1342/4480/6 1346/4481/6
f 1346/4481/6 1357/4477/6 1360/4474/6
f 1380/4447/6 1387/4445/6 1391/4443/6
f 1469/4482/6 1468/3338/6 1454/4403/6
f 1469/4482/6 1454/4403/6 1455/4406/6
f 1380/4447/6 1391/4443/6 1706/4417/6
f 1376/4449/6 1380/4447/6 1706/4417/6
f 1376/4449/6 1706/4417/6 1286/4412/6
f 1373/4453/6 1376/4449/6 1286/4412/6
f 1373/4453/6 1286/4412/6 1268/4408/6
f 1326/4451/6 1373/4453/6 1268/4408/6
f 1469/4482/6 1455/4406/6 1457/4483/6
f 1457/4483/6 1429/4484/6 1417/4485/6
f 1386/4486/6 1385/4487/6 1379/4488/6
f 1469/4482/6 1457/4483/6 1417/4485/6
f 1469/4482/6 1417/4485/6 1386/4486/6
f 1303/4454/6 1326/4451/6 1268/4408/6
f 1251/2926/6 1303/4454/6 1268/4408/6
f 1194/4489/6 1469/4482/6 1386/4486/6
f 1194/4489/6 1386/4486/6 1379/4488/6
f 1251/2926/6 1268/4408/6 1193/3753/6
f 1252/314/6 1251/2926/6 1193/3753/6
f 1194/4489/6 1379/4488/6 1378/4490/6
f 1378/4490/6 1384/4491/6 1383/4492/6
f 1383/4492/6 1390/4493/6 1389/4494/6
f 1389/4494/6 1382/4495/6 1377/4496/6
f 1377/4496/6 1375/4497/6 1370/4498/6
f 1344/4499/6 1343/4500/6 1337/4501/6
f 1389/4494/6 1377/4496/6 1370/4498/6
f 1383/4492/6 1389/4494/6 1370/4498/6
f 1252/314/6 1193/3753/6 1194/4489/6
f 1378/4490/6 1383/4492/6 1370/4498/6
f 1194/4489/6 1378/4490/6 1370/4498/6
f 1346/4481/6 1360/4474/6 1365/4470/6
f 1335/4502/6 1341/4503/6 1340/4479/6
f 1340/4479/6 1346/4481/6 1365/4470/6
f 1335/4502/6 1340/4479/6 1365/4470/6
f 1311/4504/6 1310/4505/6 1309/4506/6
f 1309/4506/6 1335/4502/6 1365/4470/6
f 1305/4507/6 1311/4504/6 1309/4506/6
f 1305/4507/6 1309/4506/6 1365/4470/6
f 1305/4507/6 1365/4470/6 1261/4459/6
f 1271/4508/6 1305/4507/6 1261/4459/6
f 1194/4489/6 1370/4498/6 1344/4499/6
f 1337/4501/6 1336/4509/6 1324/4510/6
f 1194/4489/6 1344/4499/6 1337/4501/6
f 1271/4508/6 1261/4459/6 1252/314/6
f 1281/4511/6 1280/4512/6 1272/4513/6
f 1272/4513/6 1271/4508/6 1252/314/6
f 1194/4489/6 1337/4501/6 1324/4510/6
f 1324/4510/6 1323/4514/6 1319/4515/6
f 1283/4516/6 1282/4517/6 1276/4518/6
f 1324/4510/6 1319/4515/6 1283/4516/6
f 1281/4511/6 1272/4513/6 1252/314/6
f 1290/4519/6 1289/4520/6 1281/4511/6
f 1313/4521/6 1312/4522/6 1290/4519/6
f 1692/4523/6 1328/4524/6 1313/4521/6
f 1695/4525/6 1694/4526/6 1692/4523/6
f 1688/4527/6 1691/4528/6 1690/4529/6
f 1690/4529/6 1695/4525/6 1692/4523/6
f 1692/4523/6 1313/4521/6 1290/4519/6
f 1290/4519/6 1281/4511/6 1252/314/6
f 1324/4510/6 1283/4516/6 1276/4518/6
f 1276/4518/6 1275/4530/6 1270/4531/6
f 1258/4532/6 1257/4533/6 1254/4534/6
f 1324/4510/6 1276/4518/6 1270/4531/6
f 1194/4489/6 1324/4510/6 1270/4531/6
f 1692/4523/6 1290/4519/6 1252/314/6
f 1685/3611/6 1688/4527/6 1690/4529/6
f 1690/4529/6 1692/4523/6 1252/314/6
f 1194/4489/6 1270/4531/6 1258/4532/6
f 1194/4489/6 1258/4532/6 1254/4534/6
f 1685/3611/6 1690/4529/6 1252/314/6
f 1273/4535/6 1686/4536/6 1685/3611/6
f 1269/4537/6 1274/4538/6 1273/4535/6
f 1262/4539/6 1266/4540/6 1265/4541/6
f 1269/4537/6 1273/4535/6 1685/3611/6
f 1269/4537/6 1685/3611/6 1252/314/6
f 1194/4489/6 1254/4534/6 1253/312/6
f 1253/312/6 1256/4542/6 1255/4543/6
f 1255/4543/6 1260/4544/6 1259/313/6
f 1259/313/6 1263/4545/6 1262/4539/6
f 1265/4541/6 1269/4537/6 1252/314/6
f 1262/4539/6 1265/4541/6 1252/314/6
f 1252/314/6 1194/4489/6 1253/312/6
f 1253/312/6 1255/4543/6 1259/313/6
f 1259/313/6 1262/4539/6 1252/314/6
f 3014/315/5 3015/4546/5 2880/316/5
f 2447/63/5 2633/62/5 2636/317/5
f 3250/319/1 3291/2377/1 3286/320/1
f 3981/322/6 3982/4547/6 3983/323/6
f 1333/325/5 1330/1618/5 3451/326/5
f 2544/330/6 2545/2051/6 2541/3002/6
f 2541/3002/6 2548/2612/6 2546/328/6
f 2546/328/6 2550/4548/6 2551/329/6
f 2544/330/6 2541/3002/6 2546/328/6
f 4018/331/1 4020/1222/1 4017/332/1
f 1221/334/5 1219/1387/5 1209/335/5
f 2698/339/4 2664/3855/4 2659/33/4
f 2487/337/4 2486/715/4 2499/338/4
f 2698/339/4 2659/33/4 2487/337/4
f 2710/340/4 2711/2800/4 2703/163/4
f 1641/342/4 1636/3899/4 1522/343/4
f 660/345/2 709/774/2 645/346/2
f 12/4549/2 11/4550/2 9/347/2
f 9/347/2 7/4551/2 3/4552/2
f 3/4552/2 2/4553/2 1/4554/2
f 1/4554/2 41/4555/2 42/4556/2
f 33/4557/2 34/4558/2 25/348/2
f 1/4554/2 42/4556/2 33/4557/2
f 9/347/2 3/4552/2 1/4554/2
f 26/349/2 19/4559/2 12/4549/2
f 9/347/2 1/4554/2 33/4557/2
f 26/349/2 12/4549/2 9/347/2
f 9/347/2 33/4557/2 25/348/2
f 3629/352/1 3653/4560/1 3654/4561/1
f 3627/350/1 3626/4562/1 3628/351/1
f 3629/352/1 3654/4561/1 3627/350/1
f 2938/353/4 3026/3364/4 3027/354/4
f 3960/356/6 3956/855/6 3957/357/6
f 2076/359/4 2248/2537/4 2239/360/4
f 3082/362/1 3035/4563/1 3036/4107/1
f 3036/4107/1 3088/4564/1 3086/363/1
f 3086/363/1 3147/4565/1 3144/364/1
f 3144/364/1 3081/4566/1 3082/362/1
f 3082/362/1 3036/4107/1 3086/363/1
f 1654/365/3 1662/3836/3 1628/366/3
f 2495/368/5 2684/4567/5 2683/369/5
f 2199/4568/4 1511/1681/4 1530/371/4
f 1530/371/4 2376/3094/4 2361/372/4
f 2198/373/4 2199/4568/4 1530/371/4
f 554/374/3 1102/2664/3 1101/375/3
f 3190/377/6 3189/2067/6 3187/378/6
f 3085/4569/6 3084/3571/6 3080/380/6
f 3080/380/6 3083/498/6 3082/381/6
f 3081/382/6 3085/4569/6 3080/380/6
f 297/383/6 300/4074/6 299/384/6
f 3746/386/1 3740/4570/1 3683/387/1
f 2483/391/6 2475/696/6 2485/389/6
f 2485/389/6 2484/4571/6 2482/390/6
f 3764/392/6 3765/4572/6 3766/3378/6
f 3763/393/6 3762/1757/6 3755/394/6
f 3764/392/6 3766/3378/6 3763/393/6
f 32/395/3 40/1445/3 38/396/3
f 2838/398/1 2839/4573/1 2843/399/1
f 2162/4574/1 2151/4575/1 1328/401/1
f 1328/401/1 1692/3284/1 1816/402/1
f 1814/403/1 2162/4574/1 1328/401/1
f 3689/404/2 3725/199/2 3692/405/2
f 879/407/4 880/3757/4 653/408/4
f 2103/409/3 2102/709/3 1777/410/3
f 440/412/4 585/1544/4 586/413/4
f 868/415/4 922/3032/4 919/416/4
f 2754/54/1 2750/4576/1 2753/4577/1
f 2573/418/1 2570/4578/1 2404/419/1
f 2754/54/1 2753/4577/1 2573/418/1
f 2404/419/1 2569/4579/1 2574/420/1
f 2574/420/1 2754/54/1 2573/418/1
f 1921/421/6 1932/127/6 1931/422/6
f 3304/169/5 3312/4362/5 3346/423/5
f 829/425/3 830/4580/3 793/426/3
f 425/428/3 572/414/3 571/412/3
f 281/430/4 277/821/4 251/431/4
f 3932/4581/1 3965/4582/1 3963/4583/1
f 3963/4583/1 3985/4584/1 3987/4585/1
f 3960/4586/1 3959/4587/1 3961/4588/1
f 3963/4583/1 3987/4585/1 3960/4586/1
f 3932/4581/1 3963/4583/1 3960/4586/1
f 3960/4586/1 3961/4588/1 3931/4589/1
f 3931/4589/1 3930/4590/1 3906/4591/1
f 3906/4591/1 3885/4592/1 3848/433/1
f 3848/433/1 3800/4593/1 3797/4594/1
f 3826/4595/1 3850/4596/1 3852/4597/1
f 3848/433/1 3797/4594/1 3826/4595/1
f 3931/4589/1 3906/4591/1 3848/433/1
f 3932/4581/1 3960/4586/1 3931/4589/1
f 3907/4598/1 3925/4599/1 3934/4600/1
f 3932/4581/1 3931/4589/1 3848/433/1
f 3907/4598/1 3934/4600/1 3932/4581/1
f 3969/4601/1 3953/4602/1 3908/4603/1
f 3907/4598/1 3932/4581/1 3848/433/1
f 3876/4604/1 3969/4601/1 3908/4603/1
f 3908/4603/1 3907/4598/1 3848/433/1
f 3826/4595/1 3852/4597/1 3849/434/1
f 3879/435/1 3876/4604/1 3908/4603/1
f 3848/433/1 3826/4595/1 3849/434/1
f 3879/435/1 3908/4603/1 3848/433/1
f 2018/436/2 2032/2689/2 2186/437/2
f 3046/439/6 3047/3632/6 3043/440/6
f 3238/442/6 3235/806/6 3236/443/6
f 2367/445/6 2366/818/6 2369/446/6
f 2242/448/4 2240/3561/4 2390/449/4
f 2793/451/6 2792/815/6 2794/452/6
f 1254/454/4 1257/3217/4 3241/455/4
f 1188/456/6 1187/4605/6 1179/4606/6
f 1179/4606/6 1181/4607/6 1185/4608/6
f 1186/457/6 1182/4609/6 1184/4114/6
f 1188/456/12 1179/4606/12 1185/4608/12
f 1186/457/6 1184/4114/6 1189/4610/6
f 1188/456/6 1185/4608/6 1186/457/6
f 1192/4611/6 1191/4612/6 1188/456/6
f 1186/457/6 1189/4610/6 1190/458/6
f 1190/458/6 1192/4611/6 1188/456/6
f 1214/459/6 1207/2526/6 1209/460/6
f 1871/462/6 1870/4613/6 1864/4614/6
f 1864/4614/6 1863/4615/6 1849/4616/6
f 1849/4616/6 1848/2294/6 1847/4617/6
f 1847/4617/6 1851/4618/6 1850/4619/6
f 1853/4620/6 1852/4621/6 1855/4622/6
f 1849/4616/6 1847/4617/6 1850/4619/6
f 1853/4620/6 1855/4622/6 1854/4623/6
f 1864/4614/6 1849/4616/6 1850/4619/6
f 1864/4614/6 1850/4619/6 1853/4620/6
f 1883/4624/6 1882/4625/6 1871/462/6
f 1871/462/6 1864/4614/6 1853/4620/6
f 1854/4623/6 1856/4626/6 1865/463/6
f 1871/462/6 1853/4620/6 1854/4623/6
f 1872/464/6 1883/4624/6 1871/462/6
f 1874/4627/6 1873/4628/6 1872/464/6
f 1871/462/6 1854/4623/6 1865/463/6
f 1865/463/6 1874/4627/6 1872/464/6
f 4086/465/4 4094/2316/4 4095/466/4
f 2025/470/4 1365/1991/4 1368/468/4
f 1856/469/4 2024/1235/4 2025/470/4
f 2590/471/3 2604/1492/3 2605/472/3
f 3207/474/3 3168/1858/3 3154/205/3
f 170/476/3 169/4369/3 74/477/3
f 859/4629/2 862/103/2 845/479/2
f 845/479/2 916/2102/2 857/480/2
f 860/481/2 859/4629/2 845/479/2
f 1338/122/4 3458/4299/4 3453/482/4
f 2689/484/6 2694/543/6 2700/485/6
f 391/487/6 390/4050/6 389/488/6
f 1324/490/4 1336/1649/4 1493/491/4
f 139/493/4 180/1562/4 181/494/4
f 2427/249/1 2609/829/1 2594/496/1
f 2278/497/4 2279/4630/4 2280/381/4
f 2629/499/5 2785/4023/5 2783/500/5
f 3910/502/2 3912/2707/2 3938/216/2
f 1024/504/3 1023/1383/3 996/505/3
f 4033/509/3 4039/4631/3 3989/4632/3
f 3989/4632/3 3970/4295/3 3996/507/3
f 3996/507/3 3999/4633/3 4049/508/3
f 4049/508/3 4048/4634/3 4033/509/3
f 4033/509/3 3989/4632/3 3996/507/3
f 2518/510/6 2517/2679/6 2519/511/6
f 2560/513/3 2565/2492/3 2398/514/3
f 527/516/4 528/4040/4 522/517/4
f 2320/519/5 2319/1047/5 2318/520/5
f 704/521/2 648/511/2 643/522/2
f 2307/524/6 2306/1883/6 2303/525/6
f 1052/527/6 1054/4635/6 1053/528/6
f 1583/530/3 1674/706/3 1679/531/3
f 2239/533/2 2248/3516/2 2395/61/2
f 1056/535/4 1057/2536/4 786/536/4
f 3660/3/2 3635/1/2 3632/538/2
f 3282/282/4 3315/280/4 3316/540/4
f 1156/542/4 1157/1812/4 1158/485/4
f 1843/544/3 1361/2721/3 1357/545/3
f 1846/547/2 1843/1840/2 1835/548/2
f 1274/550/3 3258/4156/3 3266/551/3
f 3828/553/2 3827/2862/2 3801/554/2
f 583/556/2 577/4636/2 642/557/2
f 3569/559/5 3589/3763/5 3588/560/5
f 3583/562/2 3591/2974/2 3603/142/2
f 744/564/3 743/1528/3 698/266/3
f 3522/565/4 3547/1982/4 3548/566/4
f 500/568/4 544/4637/4 545/569/4
f 3778/4638/4 3779/2539/4 3840/571/4
f 3840/571/4 3836/4639/4 3808/572/4
f 3808/572/4 3809/4640/4 3807/3744/4
f 3780/573/4 3778/4638/4 3840/571/4
f 3808/572/4 3807/3744/4 3780/573/4
f 2397/576/6 2384/3750/6 2392/4641/6
f 2391/574/6 2399/4642/6 2398/575/6
f 2397/576/6 2392/4641/6 2391/574/6
f 1388/577/3 1875/2115/3 1885/578/3
f 3880/580/2 3849/745/2 3852/581/2
f 3323/583/5 3351/4643/5 3350/584/5
f 58/220/2 83/219/2 81/586/2
f 2871/588/5 2540/4644/5 2534/589/5
f 2079/591/6 2080/2609/6 2073/592/6
f 2798/4645/6 2805/4646/6 2804/4647/6
f 2803/593/6 2824/4648/6 2825/4649/6
f 2798/4645/6 2804/4647/6 2803/593/6
f 2797/595/6 2787/4268/6 2798/4645/6
f 2795/594/6 2796/4596/6 2797/595/6
f 2821/4650/6 2822/4651/6 2795/594/6
f 2803/593/6 2825/4649/6 2821/4650/6
f 2797/595/6 2798/4645/6 2803/593/6
f 2803/593/6 2821/4650/6 2795/594/6
f 2758/596/1 2901/809/1 2905/597/1
f 3681/599/4 3653/3352/4 3682/600/4
f 3933/602/5 3967/4029/5 3966/603/5
f 1282/605/5 3269/4208/5 3268/606/5
f 1553/608/1 1651/3870/1 1658/609/1
f 1970/611/6 1969/1921/6 1965/612/6
f 3217/442/6 3223/444/6 3222/370/6
f 2088/614/4 1938/50/4 1937/65/4
f 1655/616/3 1624/2027/3 1619/617/3
f 2126/619/1 2128/2973/1 2129/620/1
f 3383/1496/2 3382/4652/2 3379/622/2
f 3379/622/2 3386/4653/2 3387/623/2
f 3387/623/2 3378/4654/2 3374/4655/2
f 3375/624/2 3383/1496/2 3379/622/2
f 3387/623/2 3374/4655/2 3375/624/2
f 856/625/3 855/4222/3 854/626/3
f 3226/628/5 3237/3497/5 3236/629/5
f 3101/631/5 3157/3059/5 3156/632/5
f 332/634/2 292/2098/2 293/635/2
f 904/637/4 905/4656/4 878/638/4
f 2251/640/6 2256/126/6 2257/127/6
f 1874/643/5 1865/4657/5 2034/641/5
f 2033/642/5 2035/3393/5 1874/643/5
f 523/644/4 562/4223/4 563/645/4
f 3029/647/3 3028/3642/3 2934/648/3
f 1793/650/3 1796/3992/3 1310/651/3
f 959/653/2 958/4658/2 899/654/2
f 77/656/4 177/4659/4 175/657/4
f 4022/661/6 4021/2065/6 4014/659/6
f 4019/660/6 4023/186/6 4022/661/6
f 3705/664/5 3651/3201/5 3624/662/5
f 3624/662/5 3623/4660/5 3625/1396/5
f 3625/1396/5 3649/4661/5 3648/663/5
f 3648/663/5 3706/4662/5 3705/664/5
f 3624/662/5 3625/1396/5 3648/663/5
f 584/523/2 531/522/2 525/665/2
f 1138/667/3 1137/878/3 1136/668/3
f 2924/672/13 2785/4663/13 2629/670/13
f 2629/670/4 2639/972/4 2923/671/4
f 3893/673/6 3892/3145/6 3894/674/6
f 2928/676/3 2927/1286/3 2798/677/3
f 2980/4664/6 2991/4665/6 2992/4666/6
f 2979/679/6 2978/4667/6 2970/4668/6
f 2980/4664/6 2992/4666/6 2979/679/6
f 2969/680/6 2968/2723/6 2975/681/6
f 2975/681/6 2980/4664/6 2979/679/6
f 2979/679/6 2970/4668/6 2969/680/6
f 2824/682/5 2972/2891/5 2971/683/5
f 528/685/2 579/3678/2 573/686/2
f 703/688/3 704/1124/3 696/689/3
f 260/691/2 236/385/2 238/383/2
f 2813/693/3 2810/2/3 2811/3/3
f 1635/695/5 1634/960/5 1521/292/5
f 2822/696/3 2670/1791/3 2652/697/3
f 3908/701/4 3953/4669/4 3951/4670/4
f 3951/4670/4 3979/4671/4 3980/699/4
f 3980/699/4 3950/4672/4 3923/700/4
f 3923/700/4 3922/3749/4 3908/701/4
f 3908/701/4 3951/4670/4 3980/699/4
f 3520/704/6 3519/1174/6 3518/4673/6
f 3517/4674/6 3524/4675/6 3528/702/6
f 3520/704/6 3518/4673/6 3517/4674/6
f 3523/703/6 3522/4676/6 3520/704/6
f 3528/702/6 3529/3135/6 3523/703/6
f 3520/704/6 3517/4674/6 3528/702/6
f 1681/705/4 1676/1125/4 1584/706/4
f 2779/707/1 2780/4677/1 2922/708/1
f 805/710/2 870/1743/2 869/711/2
f 1945/713/6 1944/2560/6 1946/208/6
f 1854/714/5 2026/4678/5 2024/715/5
f 45/717/4 21/4679/4 46/718/4
f 99/4680/1 173/4681/1 171/4682/1
f 171/4682/1 405/4683/1 403/4684/1
f 403/4684/1 727/4685/1 725/4686/1
f 725/4686/1 1041/4687/1 1039/4688/1
f 1039/4688/1 1100/3540/1 1098/3539/1
f 1082/4689/1 1079/4690/1 1066/4691/1
f 1039/4688/1 1098/3539/1 1082/4689/1
f 403/4684/1 725/4686/1 1039/4688/1
f 171/4682/14 403/4684/14 1039/4688/14
f 1039/4688/1 1082/4689/1 1066/4691/1
f 1066/4691/1 1063/4692/1 1038/4693/1
f 1038/4693/1 1035/4694/1 1013/4695/1
f 1013/4695/1 1010/4696/1 973/4697/1
f 970/720/1 1009/4698/1 1006/4699/1
f 1038/4693/1 1013/4695/1 973/4697/1
f 1039/4688/1 1066/4691/1 1038/4693/1
f 1039/4688/1 1038/4693/1 973/4697/1
f 554/4700/1 551/4701/1 102/4702/1
f 72/4703/1 4/4704/1 6/3681/1
f 170/4705/1 98/4706/1 72/4703/1
f 340/4707/1 212/4708/1 170/4705/1
f 614/4709/1 402/4710/1 340/4707/1
f 842/4711/1 676/4712/1 614/4709/1
f 1018/4713/1 914/4714/1 842/4711/1
f 976/4715/1 1014/4716/1 1016/4717/1
f 913/4718/1 974/4719/1 976/4715/1
f 840/4720/1 911/4721/1 913/4718/1
f 792/4722/1 838/4723/1 840/4720/1
f 787/4724/1 790/4725/1 792/4722/1
f 837/4726/1 835/4727/1 789/4728/1
f 789/4728/1 787/4724/1 792/4722/1
f 792/4722/1 840/4720/1 913/4718/1
f 792/4722/15 913/4718/15 976/4715/15
f 837/4726/1 789/4728/1 792/4722/1
f 910/722/1 908/4729/1 837/4726/1
f 969/4730/1 967/4731/1 910/722/1
f 1005/4732/1 1003/4733/1 969/4730/1
f 834/4734/1 907/4735/1 1002/4736/1
f 1027/4737/1 834/4734/1 1002/4736/1
f 1030/4738/1 1027/4737/1 1002/4736/1
f 1030/4738/1 1002/4736/1 1005/4732/1
f 1122/4739/1 1119/4740/1 1094/4741/1
f 1094/4741/1 1030/4738/1 1005/4732/1
f 1094/4741/1 1005/4732/1 969/4730/1
f 910/722/1 837/4726/1 792/4722/1
f 910/722/1 792/4722/1 976/4715/1
f 1092/4742/1 1115/4743/1 1118/4744/1
f 93/4745/1 549/4746/1 547/4747/1
f 166/4748/1 163/4749/1 96/4750/1
f 400/1898/1 397/4751/1 166/4748/1
f 211/4752/1 338/4753/1 400/1898/1
f 70/4754/1 97/4755/1 168/4756/1
f 168/4756/1 211/4752/1 400/1898/1
f 168/4756/1 400/1898/1 166/4748/1
f 1/4757/1 2/4758/1 70/4754/1
f 70/4754/1 168/4756/1 166/4748/1
f 70/4754/1 166/4748/1 96/4750/1
f 1220/1853/1 1231/1855/1 1/4757/1
f 1208/4759/1 1220/1853/1 1/4757/1
f 1/4757/1 70/4754/1 96/4750/1
f 1/4757/1 96/4750/1 93/4745/1
f 1232/1854/1 1224/4760/1 1211/4761/1
f 1135/4762/1 1102/3680/1 1183/3679/1
f 1138/4763/1 1135/4762/1 1183/3679/1
f 1138/4763/1 1183/3679/1 1180/4764/1
f 1134/4765/1 1138/4763/1 1180/4764/1
f 1170/4766/1 1167/4767/1 1130/3538/1
f 1126/4768/1 1163/4769/1 1166/4770/1
f 1170/4766/1 1130/3538/1 1134/4765/1
f 1170/4766/1 1134/4765/1 1180/4764/1
f 1166/4770/1 1170/4766/1 1180/4764/1
f 1096/4771/1 1123/4772/1 1126/4768/1
f 1126/4768/1 1166/4770/1 1180/4764/1
f 1096/4771/1 1126/4768/1 1180/4764/1
f 1059/4773/1 1078/4774/1 1075/4775/1
f 1075/4775/1 1096/4771/1 1180/4764/1
f 1031/721/1 1062/4776/1 1059/4773/1
f 1006/4699/1 1034/4777/1 1031/721/1
f 970/720/1 1006/4699/1 1031/721/1
f 6/3681/1 554/4700/1 102/4702/1
f 340/4707/1 170/4705/1 72/4703/1
f 614/4709/1 340/4707/1 72/4703/1
f 72/4703/1 6/3681/1 102/4702/1
f 72/4703/1 102/4702/1 99/4680/1
f 72/4703/1 99/4680/1 171/4682/1
f 1200/4778/1 1232/1854/1 1211/4761/1
f 1/4757/1 93/4745/1 547/4747/1
f 1/4757/1 547/4747/1 1092/4742/1
f 1200/4778/1 1211/4761/1 1208/4759/1
f 1196/4779/1 1200/4778/1 1208/4759/1
f 910/722/1 976/4715/1 1016/4717/1
f 1196/4779/1 1208/4759/1 1/4757/1
f 1180/4764/1 1196/4779/1 1/4757/1
f 1180/4764/1 1/4757/1 1092/4742/1
f 1180/4764/1 1092/4742/1 1118/4744/1
f 1180/4764/1 1118/4744/1 1122/4739/1
f 1075/4775/1 1180/4764/1 1122/4739/1
f 614/4709/1 72/4703/1 171/4682/1
f 1075/4775/1 1122/4739/1 1094/4741/1
f 842/4711/1 614/4709/1 171/4682/1
f 1075/4775/1 1094/4741/1 969/4730/1
f 842/4711/1 171/4682/1 1039/4688/1
f 1018/4713/1 842/4711/1 1039/4688/1
f 1016/4717/1 1018/4713/1 1039/4688/1
f 1016/4717/1 1039/4688/1 973/4697/1
f 1075/4775/1 969/4730/1 910/722/1
f 1059/4773/1 1075/4775/1 910/722/1
f 910/722/1 1016/4717/1 973/4697/1
f 910/722/1 973/4697/1 970/720/1
f 1031/721/1 1059/4773/1 910/722/1
f 1124/723/2 1123/4780/2 1096/724/2
f 3991/727/3 4002/1896/3 4009/2223/3
f 3973/728/3 3976/4781/3 3977/4782/3
f 3991/727/3 4009/2223/3 3973/728/3
f 3973/728/3 3977/4782/3 3972/726/3
f 2023/729/6 2022/4783/6 2020/730/6
f 4037/731/4 4046/1633/4 4047/170/4
f 26/733/4 27/2829/4 20/734/4
f 3042/4784/1 3036/4785/1 2960/4786/1
f 2961/4787/1 2665/4788/1 2666/3974/1
f 3042/4784/1 2960/4786/1 2961/4787/1
f 3148/4789/1 3088/4790/1 3091/738/1
f 3042/4784/1 2961/4787/1 2666/3974/1
f 3151/4791/1 3148/4789/1 3091/738/1
f 3091/738/1 3042/4784/1 2666/3974/1
f 2965/736/1 2962/4792/1 3094/2923/1
f 3091/738/1 2666/3974/1 2965/736/1
f 3092/737/1 3151/4791/1 3091/738/1
f 2965/736/1 3094/2923/1 3092/737/1
f 395/739/4 377/834/4 193/740/4
f 1335/742/5 1813/2106/5 1812/743/5
f 2197/745/1 2350/820/1 2356/746/1
f 3924/748/1 3922/4793/1 3923/749/1
f 847/751/2 911/4794/2 840/752/2
f 2426/238/3 2437/237/3 2281/754/3
f 2281/754/3 2282/1248/3 2283/755/3
f 2283/755/16 2284/4795/16 2426/238/16
f 4074/756/4 4093/3876/4 4089/757/4
f 777/759/3 776/4796/3 457/408/3
f 2724/486/1 2533/485/1 2732/761/1
f 1322/763/1 1808/4797/1 1805/764/1
f 3315/4798/1 3282/4799/1 3283/766/1
f 3283/766/1 3353/4800/1 3352/767/1
f 3324/768/1 3315/4798/1 3283/766/1
f 3645/770/3 3649/4801/3 3625/3868/3
f 3625/3868/3 3597/4802/3 3615/769/3
f 3615/769/3 3616/4675/3 3671/702/3
f 3671/702/3 3670/4803/3 3645/770/3
f 3645/770/3 3625/3868/3 3615/769/3
f 2308/4804/3 2298/4805/3 2641/3230/3
f 2641/3230/3 2651/4806/3 2462/4807/3
f 2641/3230/3 2462/4807/3 2315/771/3
f 2153/4808/3 2155/4809/3 2308/4804/3
f 2308/4804/3 2641/3230/3 2315/771/3
f 2317/4810/3 2328/4811/3 2172/4812/3
f 2153/4808/3 2308/4804/3 2315/771/3
f 2315/771/3 2317/4810/3 2172/4812/3
f 2315/771/3 2172/4812/3 2173/4813/3
f 1999/773/3 2153/4808/3 2315/771/3
f 2315/771/3 2173/4813/3 2164/772/3
f 3064/774/4 3131/1717/4 3119/775/4
f 949/776/2 944/3615/2 943/777/2
f 4031/781/5 4032/877/5 4019/4814/5
f 4014/779/5 4005/4815/5 4015/780/5
f 4031/781/5 4019/4814/5 4014/779/5
f 2262/782/3 2263/4816/3 2109/133/3
f 1923/384/6 1915/1783/6 1922/89/6
f 1183/785/6 1182/4817/6 1181/786/6
f 345/788/4 346/4818/4 241/789/4
f 3329/791/1 3357/4819/1 3355/792/1
f 93/794/6 96/4820/6 95/795/6
f 2663/797/4 2660/4821/4 2661/4822/4
f 2662/798/4 2706/3520/4 2837/3519/4
f 2663/797/4 2661/4822/4 2662/798/4
f 2775/799/4 2624/4656/4 2663/797/4
f 2662/798/4 2837/3519/4 2775/799/4
f 3721/800/5 3633/4823/5 3638/801/5
f 1407/803/4 1581/4824/4 1571/804/4
f 3270/806/6 3264/811/6 3268/807/6
f 2761/808/1 2909/2784/1 2902/809/1
f 3317/807/3 3318/2805/3 3285/810/3
f 3874/814/6 3873/2814/6 3869/2308/6
f 3872/812/6 3870/4825/6 3871/813/6
f 3874/814/6 3869/2308/6 3872/812/6
f 1746/815/5 1758/1115/5 1759/816/5
f 2217/232/2 2218/230/2 2365/818/2
f 2536/819/3 2535/4043/3 2371/820/3
f 116/821/3 84/431/3 82/822/3
f 373/824/3 374/1758/3 366/825/3
f 1140/827/4 1141/3537/4 1142/828/4
f 2093/830/3 1934/2547/3 1936/65/3
f 3264/831/4 3303/2647/4 3295/229/4
f 990/833/3 1000/3229/3 966/739/3
f 3686/835/1 3687/2080/1 3682/836/1
f 2269/4826/4 2301/4827/4 2451/838/4
f 2451/838/4 2461/4230/4 2649/4828/4
f 2649/4828/4 2658/4829/4 2815/3885/4
f 2802/839/4 2936/4830/4 2937/4831/4
f 2649/4828/4 2815/3885/4 2802/839/4
f 2445/840/4 2428/4832/4 2269/4826/4
f 2792/4833/4 2793/4834/4 2445/840/4
f 2802/839/4 2937/4831/4 2792/4833/4
f 2451/838/4 2649/4828/4 2802/839/4
f 2445/840/4 2269/4826/4 2451/838/4
f 2802/839/4 2792/4833/4 2445/840/4
f 3830/841/2 3829/2953/2 3854/842/2
f 1335/846/3 1309/1728/3 1801/844/3
f 1800/845/3 1813/4835/3 1335/846/3
f 3521/847/6 3525/921/6 3526/848/6
f 845/850/2 836/753/2 837/752/2
f 2660/852/1 2663/4836/1 2654/853/1
f 2737/855/1 2866/2889/1 2864/856/1
f 3541/4837/4 3511/4838/4 3514/857/4
f 3514/857/4 3446/4839/4 3444/858/4
f 3444/858/4 3559/2170/4 3560/3478/4
f 3540/859/4 3541/4837/4 3514/857/4
f 3444/858/4 3560/3478/4 3540/859/4
f 1749/860/1 1764/356/1 1766/358/1
f 3878/862/3 3879/3179/3 3849/863/3
f 891/865/2 824/2892/2 826/866/2
f 2296/868/6 2299/3327/6 2298/869/6
f 2298/869/6 2288/1763/6 2287/870/6
f 3644/871/4 3666/2039/4 3667/872/4
f 2520/807/4 2715/4840/4 2716/874/4
f 2029/875/2 2016/1336/2 2015/876/2
f 3389/878/6 3393/3173/6 3394/879/6
f 115/880/2 153/1639/2 119/881/2
f 1610/883/4 1611/1554/4 1492/884/4
f 2863/887/6 2862/4841/6 2855/4842/6
f 2851/886/6 2850/4843/6 2852/492/6
f 2863/887/6 2855/4842/6 2851/886/6
f 1623/888/4 1505/4844/4 1513/889/4
f 1848/891/4 2018/3353/4 2019/892/4
f 1839/4845/3 1352/2164/3 1353/4846/3
f 1839/4845/3 1353/4846/3 1832/894/3
f 2172/4812/3 2176/4847/3 1839/4845/3
f 2003/896/3 2173/4813/3 2172/4812/3
f 1821/895/3 2153/4808/3 1999/773/3
f 2003/896/3 2172/4812/3 1839/4845/3
f 1821/895/3 1999/773/3 2003/896/3
f 2003/896/3 1839/4845/3 1832/894/3
f 574/897/2 580/1686/2 646/898/2
f 2267/900/4 2409/4848/4 2410/901/4
f 1298/903/3 3426/4161/3 3435/904/3
f 2201/908/3 2043/1550/3 2044/4849/3
f 2196/906/3 2356/4850/3 2355/907/3
f 2201/908/3 2044/4849/3 2196/906/3
f 2522/909/1 2525/1049/1 2514/910/1
f 2091/912/6 2090/1683/6 2081/913/6
f 514/915/2 486/1084/2 475/916/2
f 3469/4851/6 3468/4852/6 3462/4853/6
f 3470/919/6 3483/4854/6 3484/4855/6
f 3480/920/6 3479/4856/6 3478/4857/6
f 3470/919/6 3484/4855/6 3480/920/6
f 3469/4851/6 3462/4853/6 3470/919/6
f 3480/920/6 3478/4857/6 3475/918/6
f 3475/918/6 3469/4851/6 3470/919/6
f 2544/921/4 2744/4858/4 2740/922/4
f 765/923/4 766/2600/4 767/924/4
f 4018/928/2 4016/1874/2 4015/926/2
f 4005/927/2 4006/2823/2 4018/928/2
f 2714/605/3 2713/1044/3 2707/929/3
f 3100/931/5 3162/1612/5 3161/932/5
f 268/934/6 267/4859/6 266/935/6
f 1179/4860/3 41/2670/3 1/4489/3
f 1237/4861/3 1214/3214/3 1227/4862/3
f 1237/4861/3 1227/4862/3 1221/938/3
f 1179/4860/3 1/4489/3 1231/937/3
f 1207/939/3 1203/3213/3 1197/4863/3
f 1197/4863/3 1179/4860/3 1231/937/3
f 1231/937/3 1237/4861/3 1221/938/3
f 1207/939/3 1197/4863/3 1231/937/3
f 3254/940/1 3288/2677/1 3293/941/1
f 3053/943/1 3054/1584/1 3122/944/1
f 3250/946/6 3251/640/6 3241/947/6
f 3323/949/6 3330/2776/6 3329/950/6
f 2469/952/3 2467/99/3 2468/100/3
f 3997/956/3 3936/4864/3 3937/954/3
f 3966/955/3 3998/1582/3 3997/956/3
f 2733/957/3 2732/1917/3 2533/958/3
f 1679/960/5 1678/1675/5 1589/961/5
f 3161/962/3 3167/1281/3 3109/963/3
f 2455/965/6 2460/4865/6 2461/211/6
f 2200/967/1 2198/3120/1 2361/445/1
f 3413/968/4 3418/3263/4 3419/969/4
f 2015/971/1 2331/2928/1 2334/671/1
f 2030/4866/3 1862/3943/3 1844/973/3
f 1844/973/3 2182/4867/3 2183/974/3
f 2017/975/3 2030/4866/3 1844/973/3
f 3593/976/2 3579/2155/2 3580/977/2
f 691/979/6 690/2793/6 692/980/6
f 3582/4868/4 3539/4869/4 3542/989/4
f 3556/4870/4 3558/4871/4 3679/982/4
f 3582/4868/4 3542/989/4 3556/4870/4
f 3581/984/4 3582/4868/4 3556/4870/4
f 3679/982/4 3680/4872/4 3614/983/4
f 3581/984/4 3556/4870/4 3679/982/4
f 1057/4873/5 1058/4874/5 1112/4875/5
f 1155/4876/5 1158/4877/5 1162/4878/5
f 1057/4873/5 1112/4875/5 1155/4876/5
f 785/987/5 786/4879/5 1057/4873/5
f 465/4880/5 466/4881/5 785/987/5
f 209/4882/5 210/4883/5 465/4880/5
f 130/4884/5 128/4885/5 209/4882/5
f 1114/4886/5 610/4887/5 609/986/5
f 609/986/5 130/4884/5 209/4882/5
f 209/4882/5 465/4880/5 785/987/5
f 785/987/5 1057/4873/5 1155/4876/5
f 1155/4876/5 1162/4878/5 1161/985/5
f 1161/985/5 1114/4886/5 609/986/5
f 609/986/5 209/4882/5 785/987/5
f 785/987/5 1155/4876/5 1161/985/5
f 89/988/2 126/4869/2 92/989/2
f 1935/991/6 1926/1281/6 1936/992/6
f 2298/994/1 2310/2104/1 1978/995/1
f 731/4888/1 788/4889/1 794/3387/1
f 794/3387/1 793/4890/1 730/4891/1
f 730/4891/1 729/4892/1 733/998/1
f 734/999/1 795/4893/1 796/4894/1
f 731/4888/1 794/3387/1 730/4891/1
f 796/4894/1 791/4895/1 732/997/1
f 731/4888/1 730/4891/1 733/998/1
f 734/999/1 796/4894/1 732/997/1
f 732/997/1 731/4888/1 733/998/1
f 2245/1000/5 2244/668/5 2243/1001/5
f 578/1003/2 565/4896/2 566/1004/2
f 687/1006/2 688/3944/2 742/1007/2
f 3696/1009/3 3693/1225/3 3694/1010/3
f 1286/1012/4 1787/1257/4 1780/1013/4
f 3959/1015/3 3957/4897/3 3958/1016/3
f 1574/1018/5 1411/1578/5 1406/1019/5
f 1617/154/1 1610/152/1 1498/1021/1
f 1483/1023/1 1478/4898/1 1318/1024/1
f 1137/1026/2 1138/1766/2 1134/1027/2
f 4032/1031/6 4031/4899/6 4025/1455/6
f 4030/1029/6 4027/4900/6 4029/1030/6
f 4032/1031/6 4025/1455/6 4030/1029/6
f 945/1032/2 993/4901/2 962/1033/2
f 2720/1035/2 2714/880/2 2708/197/2
f 676/1037/2 616/1660/2 613/1038/2
f 3337/1041/17 3299/2104/17 3262/1039/17
f 3262/1039/5 3260/4090/5 3298/1040/5
f 3298/1040/5 3338/1737/5 3337/1041/5
f 1211/1042/6 1210/269/6 1209/270/6
f 1269/1044/5 3259/605/5 3258/607/5
f 2523/520/4 2524/4902/4 2525/1046/4
f 738/1048/6 737/1718/6 736/774/6
f 2349/746/1 2516/819/1 2527/1049/1
f 3504/1050/6 3499/2044/6 3502/1051/6
f 2550/1055/5 2229/2398/5 2242/1053/5
f 2382/1054/5 2551/1981/5 2550/1055/5
f 2734/1056/2 2736/27/2 2737/1057/2
f 846/4903/2 796/3126/2 832/1058/2
f 832/1058/2 904/4904/2 877/1059/2
f 877/1059/2 817/4905/2 811/4906/2
f 863/1060/2 846/4903/2 832/1058/2
f 877/1059/2 811/4906/2 863/1060/2
f 1954/1061/3 2104/3002/3 2105/2612/3
f 2112/4907/3 2118/1021/3 1953/1062/3
f 1954/1061/3 2105/2612/3 2112/4907/3
f 1960/789/3 1952/2226/3 1954/1061/3
f 1953/1062/3 1959/4908/3 1960/789/3
f 1954/1061/3 2112/4907/3 1953/1062/3
f 3761/1063/1 3784/4909/1 3793/629/1
f 3607/1066/6 3616/4910/6 3615/1064/6
f 3614/1065/6 3613/1208/6 3607/1066/6
f 3620/1067/6 3612/2209/6 3622/1068/6
f 1019/1070/4 1049/3815/4 1050/249/4
f 2496/1072/1 2694/4911/1 2689/1073/1
f 2536/1075/6 2531/2882/6 2534/1076/6
f 1591/1078/4 1683/1195/4 1680/1079/4
f 1206/724/1 1216/725/1 1213/1081/1
f 1880/440/1 2210/3632/1 2207/1082/1
f 2049/1083/1 1879/4912/1 1880/440/1
f 477/1084/4 480/916/4 518/1085/4
f 2350/1087/6 2354/3120/6 2355/967/6
f 669/1089/3 898/4913/3 906/1090/3
f 606/1092/6 605/2946/6 604/811/6
f 670/4914/5 899/4915/5 898/4916/5
f 669/1093/5 672/4917/5 393/459/5
f 670/4914/5 898/4916/5 669/1093/5
f 393/459/5 455/3077/5 601/1094/5
f 601/1094/5 670/4914/5 669/1093/5
f 4087/1095/5 4100/2696/5 4098/1096/5
f 2265/1100/5 2264/4918/5 2268/1098/5
f 2268/1098/5 2111/1827/5 2112/1099/5
f 2974/440/5 2973/441/5 2693/227/5
f 579/1102/4 580/4919/4 574/1103/4
f 1470/1105/6 1471/1844/6 1699/1106/6
f 883/1107/2 886/4006/2 948/1108/2
f 3729/1110/2 3693/3932/2 3696/1111/2
f 1117/1113/2 1121/1028/2 1122/1027/2
f 2811/203/2 2807/201/2 2806/1115/2
f 879/1117/2 942/4658/2 941/653/2
f 2884/1121/5 2228/4920/5 2226/4921/5
f 2226/4921/5 2064/4649/5 2057/1119/5
f 2057/1119/5 2543/4922/5 2542/1120/5
f 2542/1120/5 2883/4923/5 2884/1121/5
f 2884/1121/5 2226/4921/5 2057/1119/5
f 2506/1124/6 2515/4924/6 2514/4925/6
f 2514/4925/6 2525/4926/6 2524/1122/6
f 2524/1122/6 2521/4927/6 2520/4928/6
f 2512/1123/6 2511/688/6 2506/1124/6
f 2524/1122/6 2520/4928/6 2512/1123/6
f 2506/1124/6 2514/4925/6 2524/1122/6
f 2060/1126/6 2061/2012/6 2054/1125/6
f 2054/1125/6 2056/705/6 2055/590/6
f 1887/1127/3 1892/4929/3 1398/1128/3
f 3219/1130/6 3218/1561/6 3220/1131/6
f 1091/263/2 1116/3225/2 1115/1133/2
f 1252/726/1 1941/727/1 1943/4930/1
f 1252/726/1 1943/4930/1 1772/4931/1
f 1712/4932/1 1711/4933/1 1251/1135/1
f 1252/726/1 1772/4931/1 1707/1136/1
f 1707/1136/1 1712/4932/1 1251/1135/1
f 2652/4934/6 2670/4045/6 2671/3022/6
f 2650/1137/6 2651/4935/6 2641/1138/6
f 2652/4934/6 2671/3022/6 2650/1137/6
f 2641/1138/6 2632/4936/6 2642/1139/6
f 2642/1139/6 2652/4934/6 2650/1137/6
f 2116/1030/3 2115/1155/3 1785/1140/3
f 2025/1142/6 2024/893/6 2026/1143/6
f 2797/1145/3 2796/3877/3 2642/1067/3
f 12/1147/4 13/1394/4 14/1148/4
f 1382/1150/5 1524/1231/5 1525/1151/5
f 3404/1153/1 3405/1856/1 3419/1154/1
f 417/1156/2 416/4163/2 429/1157/2
f 2463/1159/1 2159/3327/1 2157/1160/1
f 1982/1162/1 1978/1678/1 1987/1163/1
f 724/1165/6 723/4937/6 722/1166/6
f 362/1168/3 408/4938/3 616/1169/3
f 152/882/3 153/4363/3 115/195/3
f 3298/1040/1 3338/1737/1 3343/1171/1
f 177/1173/2 179/4850/2 213/1174/2
f 3515/609/6 3516/4939/6 3509/1176/6
f 3091/1177/3 3090/4171/3 3041/1178/3
f 3411/1180/3 3410/3814/3 3393/1181/3
f 270/1183/4 245/2481/4 223/1184/4
f 3326/1186/1 3327/4940/1 3359/1187/1
f 1094/1189/3 1093/4141/3 1029/1176/3
f 352/1190/2 365/1832/2 415/1191/2
f 968/1193/3 917/4941/3 967/1194/3
f 48/719/3 50/3511/3 49/1196/3
f 1178/1197/3 1175/2422/3 1176/1198/3
f 2930/153/3 2946/266/3 2947/267/3
f 2970/1201/1 3045/4942/1 3043/4943/1
f 2674/1202/1 2477/3182/1 2480/4944/1
f 2970/1201/1 3043/4943/1 2674/1202/1
f 2674/1202/1 2480/4944/1 2677/1200/1
f 454/126/4 448/3326/4 504/1203/4
f 3981/1205/5 3975/2807/5 3995/1206/5
f 3546/1208/6 3545/3910/6 3543/1209/6
f 407/1210/1 615/670/1 611/1211/1
f 1104/1213/2 1103/2056/2 1140/539/2
f 1038/1215/3 1063/2702/3 1064/1216/3
f 3684/1218/2 3654/3871/2 3653/867/2
f 2616/1220/4 2769/2859/4 2762/1221/4
f 4062/467/4 4063/466/4 4060/534/4
f 3678/1224/4 3702/3065/4 3703/1225/4
f 2633/1227/6 2632/4571/6 2631/389/6
f 2621/1226/6 2634/3250/6 2633/1227/6
f 2823/229/1 2968/227/1 2969/1101/1
f 2853/1229/3 2720/1664/3 2846/876/3
f 1255/1231/1 1256/4945/1 3240/1232/1
f 2511/4946/4 2712/2567/4 2706/1234/4
f 2706/1234/4 2504/470/4 2505/1235/4
f 2506/1236/4 2511/4946/4 2706/1234/4
f 1414/691/3 1896/287/3 1903/286/3
f 91/1237/2 125/3822/2 85/1238/2
f 2533/4947/2 2529/4948/2 2530/1240/2
f 2530/1240/2 2526/4949/2 2527/4950/2
f 2527/4950/2 2516/4951/2 2496/4952/2
f 2496/4952/2 2688/4923/2 2701/4953/2
f 2701/4953/2 2707/4954/2 2713/1241/2
f 2713/1241/2 2717/4955/2 2718/1242/2
f 2718/1242/2 2731/4956/2 2533/4947/2
f 2530/1240/2 2527/4950/2 2496/4952/2
f 2496/4952/2 2701/4953/2 2713/1241/2
f 2718/1242/2 2533/4947/2 2530/1240/2
f 2530/1240/2 2496/4952/2 2713/1241/2
f 1638/342/3 1642/2420/3 1526/1243/3
f 841/1244/1 848/3929/1 678/1245/1
f 3739/1247/6 3738/3195/6 3736/1248/6
f 231/1250/3 232/2034/3 224/1251/3
f 1263/1253/1 3248/3563/1 3252/1254/1
f 2449/1256/3 2443/1012/3 2444/1257/3
f 201/1259/6 202/2206/6 203/1260/6
f 1457/1262/5 1455/1485/5 3501/130/5
f 3507/1263/3 3508/3321/3 3436/1264/3
f 3084/1266/3 3039/1052/3 3032/1267/3
f 3960/1269/3 3987/2904/3 3986/1270/3
f 2468/1272/2 2317/2706/2 2315/1273/2
f 3313/2032/5 3314/4262/5 3276/4957/5
f 3274/1274/5 1292/4958/5 1685/1275/5
f 3313/2032/5 3276/4957/5 3274/1274/5
f 1685/1275/5 3271/4959/5 3272/1276/5
f 3272/1276/5 3313/2032/5 3274/1274/5
f 3533/1277/4 3552/2990/4 3553/1278/4
f 3103/1280/1 3166/992/1 3164/1281/1
f 3741/1282/1 3743/3402/1 3708/1283/1
f 667/1285/6 666/3064/6 662/744/6
f 2914/1230/5 3016/1336/5 3018/1287/5
f 3940/4960/5 3939/687/5 3943/1288/5
f 3943/1288/5 3855/3895/5 3858/1289/5
f 3917/1290/5 3940/4960/5 3943/1288/5
f 2317/1159/6 2322/1161/6 2327/719/6
f 999/1292/2 1000/4961/2 990/1293/2
f 2051/1295/5 2215/4962/5 2214/4963/5
f 2214/4963/5 2372/4964/5 2371/4965/5
f 2371/4965/5 2535/4966/5 2534/1296/5
f 2534/1296/5 2223/4967/5 2216/1297/5
f 2216/1297/5 1889/4968/5 1884/4969/5
f 1884/4969/5 2052/4970/5 2051/1295/5
f 2214/4963/5 2371/4965/5 2534/1296/5
f 2216/1297/5 1884/4969/5 2051/1295/5
f 2051/1295/18 2214/4963/18 2534/1296/18
f 1143/1298/2 1146/3682/2 1142/1299/2
f 1678/1301/3 1682/1458/3 1588/1167/3
f 3581/977/2 3596/1146/2 3595/1303/2
f 1983/1304/1 2142/3187/1 2149/1305/1
f 2696/1307/6 2695/854/6 2697/1308/6
f 3369/4971/4 3357/4972/4 3329/1309/4
f 3329/1309/4 3294/4973/4 3304/1310/4
f 3304/1310/4 3347/4974/4 3340/1311/4
f 3340/1311/4 3369/4971/4 3329/1309/4
f 320/74/3 388/2486/3 386/1312/3
f 589/1313/3 588/4064/3 533/1314/3
f 1725/1316/1 1728/3853/1 1722/1317/1
f 2118/199/1 2280/100/1 2284/953/1
f 2265/1319/2 2112/4975/2 2105/1320/2
f 1379/124/4 1385/287/4 3462/285/4
f 2266/4976/1 2106/4977/1 2105/1322/1
f 2105/1322/1 2109/4978/1 2263/1323/1
f 2263/1323/1 2413/4979/1 2409/4176/1
f 2267/1324/1 2266/4976/1 2105/1322/1
f 2263/1323/1 2409/4176/1 2267/1324/1
f 2087/1325/6 2085/4980/6 2086/1326/6
f 2086/1326/6 2080/4981/6 2089/4982/6
f 2088/1327/6 2092/4983/6 2093/4984/6
f 2086/1326/6 2089/4982/6 2088/1327/6
f 2088/1327/6 2093/4984/6 2087/1325/6
f 1290/1328/1 1963/2451/1 1955/1329/1
f 3053/1266/4 3116/2719/4 3111/1331/4
f 2231/1332/3 2230/1762/3 2067/1333/3
f 2908/1287/1 3019/3840/1 3017/1335/1
f 2600/1337/5 2603/4985/5 2602/1338/5
f 203/4986/5 124/4987/5 122/4988/5
f 605/1340/5 606/4989/5 1104/4990/5
f 203/4986/5 122/4988/5 605/1340/5
f 459/4991/5 204/4992/5 203/4986/5
f 777/1342/5 460/4993/5 459/4991/5
f 1045/4994/5 778/4995/5 777/1342/5
f 1106/4996/5 1046/4826/5 1045/4994/5
f 1142/4997/5 1146/4998/5 1145/4999/5
f 1145/4999/5 1106/4996/5 1045/4994/5
f 777/1342/5 459/4991/5 203/4986/5
f 1145/4999/5 1045/4994/5 777/1342/5
f 1139/1341/5 1142/4997/5 1145/4999/5
f 605/1340/5 1104/4990/5 1139/1341/5
f 777/1342/5 203/4986/5 605/1340/5
f 1139/1341/5 1145/4999/5 777/1342/5
f 1534/5000/6 1531/5001/6 1520/5002/6
f 1520/5002/6 1527/5003/6 1526/1343/6
f 1526/1343/6 1529/5004/6 1532/5005/6
f 1532/5005/6 1537/5006/6 1536/1344/6
f 1536/1344/6 1539/5007/6 1538/5008/6
f 1535/1345/6 1534/5000/6 1520/5002/6
f 1536/1344/6 1538/5008/6 1535/1345/6
f 1526/1343/6 1532/5005/6 1536/1344/6
f 1535/1345/6 1520/5002/6 1526/1343/6
f 487/1346/4 488/5009/4 482/1347/4
f 1644/654/3 1645/1356/3 1620/1349/3
f 4040/1350/1 4041/5010/1 4042/1351/1
f 2738/1353/4 2877/5011/4 2861/4824/4
f 2861/4824/4 2517/5012/4 2539/1354/4
f 2539/1354/4 2373/2429/4 2547/639/4
f 2547/639/4 2548/638/4 2541/1355/4
f 2541/1355/4 2741/5013/4 2738/1353/4
f 2738/1353/4 2861/4824/4 2539/1354/4
f 2539/1354/4 2547/639/4 2541/1355/4
f 1621/367/4 1646/365/4 1647/1356/4
f 3247/1357/6 3244/3348/6 3249/1358/6
f 3937/5014/6 3936/3310/6 3935/1359/6
f 3927/1360/6 3932/5015/6 3934/5016/6
f 3933/1361/6 3937/5014/6 3935/1359/6
f 3927/1360/6 3934/5016/6 3933/1361/6
f 1999/1362/5 2164/3844/5 2163/1363/5
f 2277/1365/2 2273/5017/2 2419/5018/2
f 2419/5018/2 2417/3969/2 2418/1366/2
f 2418/1366/2 2432/5019/2 2287/1100/2
f 2290/1099/2 2276/1827/2 2277/1365/2
f 2418/1366/2 2287/1100/2 2290/1099/2
f 2277/1365/2 2419/5018/2 2418/1366/2
f 1264/1369/5 1713/5020/5 1714/4117/5
f 1264/1369/5 1714/4117/5 1708/5021/5
f 1946/5022/5 1944/2227/5 1261/1368/5
f 1264/1369/5 1708/5021/5 1776/1367/5
f 1776/1367/5 1946/5022/5 1261/1368/5
f 3065/129/1 3141/2366/1 3131/1370/1
f 3148/1374/6 3151/5023/6 3150/1372/6
f 3150/1372/6 3156/5024/6 3157/1373/6
f 3157/1373/6 3149/5025/6 3148/1374/6
f 2680/1377/4 2975/1448/4 2968/1375/4
f 2968/1375/4 2823/5026/4 2679/1376/4
f 195/1378/4 196/1968/4 145/1379/4
f 567/1003/4 570/4896/4 633/1381/4
f 3222/1383/4 3234/2367/4 3231/1384/4
f 2293/1385/5 2294/1941/5 1971/1386/5
f 921/1388/3 857/2071/3 916/16/3
f 1396/1392/5 1532/3639/5 1533/1390/5
f 1475/1391/5 1389/2736/5 1396/1392/5
f 18/1393/3 17/5027/3 16/1394/3
f 3599/1397/3 3566/4665/3 3567/4666/3
f 3568/1395/3 3574/5028/3 3594/1396/3
f 3599/1397/3 3567/4666/3 3568/1395/3
f 2080/1398/4 2252/3265/4 2234/1399/4
f 2359/1400/3 2360/1267/3 2050/1401/3
f 1050/1360/6 1049/1359/6 1047/1403/6
f 2440/1407/5 2442/3677/5 2441/5029/5
f 2292/1405/5 2291/5030/5 2137/1406/5
f 2440/1407/5 2441/5029/5 2292/1405/5
f 2628/1408/4 2781/2156/4 2782/1409/4
f 2416/1337/1 2596/4985/1 2597/1411/1
f 3819/1413/2 3790/1712/2 3793/1414/2
f 3916/5031/3 3917/5032/3 3858/1416/3
f 3858/1416/3 3861/5033/3 3768/3902/3
f 3768/3902/3 3772/1296/3 3830/1417/3
f 3830/1417/3 3857/5034/3 3859/5035/3
f 3859/5035/3 3888/5036/3 3915/1418/3
f 3915/1418/3 3916/5031/3 3858/1416/3
f 3858/1416/3 3768/3902/3 3830/1417/3
f 3830/1417/3 3859/5035/3 3915/1418/3
f 2760/1419/4 2902/5037/4 2895/1420/4
f 1429/5038/4 1457/5039/4 3500/5040/4
f 3493/1422/4 3537/1251/4 3533/575/4
f 1429/5038/4 3500/5040/4 3493/1422/4
f 3533/575/4 3480/4642/4 3484/1423/4
f 3484/1423/4 1429/5038/4 3493/1422/4
f 3256/1424/6 3263/3978/6 3264/20/6
f 1829/1425/1 2008/1943/1 2006/1426/1
f 3717/5041/5 3759/5042/5 3758/5043/5
f 3758/5043/5 3791/5044/5 3790/1427/5
f 3790/1427/5 3819/5045/5 3818/5046/5
f 3818/5046/5 3844/5047/5 3873/5048/5
f 3873/5048/5 3874/5049/5 3845/5050/5
f 3845/5050/5 3846/5051/5 3822/1428/5
f 3822/1428/5 3823/5052/5 3794/5053/5
f 3794/5053/5 3795/5054/5 3762/5055/5
f 3762/5055/5 3763/5056/5 3726/5057/5
f 3716/1429/5 3689/5058/5 3718/5059/5
f 3762/5055/5 3726/5057/5 3716/1429/5
f 3822/1428/5 3794/5053/5 3762/5055/5
f 3873/5048/5 3845/5050/5 3822/1428/5
f 3790/1427/5 3818/5046/5 3873/5048/5
f 3717/5041/5 3758/5043/5 3790/1427/5
f 3716/1429/5 3718/5059/5 3717/5041/5
f 3822/1428/5 3762/5055/5 3716/1429/5
f 3790/1427/5 3873/5048/5 3822/1428/5
f 3716/1429/5 3717/5041/5 3790/1427/5
f 901/1430/2 961/1420/2 879/1431/2
f 3947/1435/2 3934/5060/2 3925/5061/2
f 3926/1433/2 3923/5062/2 3950/4922/2
f 3947/1435/2 3925/5061/2 3926/1433/2
f 3946/1434/2 3945/5063/2 3947/1435/2
f 3926/1433/2 3950/4922/2 3946/1434/2
f 1119/1436/2 1120/2209/2 1093/1068/2
f 127/5064/5 129/5065/5 44/1854/5
f 44/1854/5 43/5066/5 92/1438/5
f 92/1438/5 126/5067/5 206/5068/5
f 206/5068/5 240/5069/5 396/1439/5
f 396/1439/5 462/5070/5 674/5071/5
f 674/5071/5 784/5072/5 463/5073/5
f 463/5073/5 464/5074/5 207/1440/5
f 207/1440/5 208/5075/5 127/5064/5
f 127/5064/5 44/1854/5 92/1438/5
f 92/1438/5 206/5068/5 396/1439/5
f 396/1439/5 674/5071/5 463/5073/5
f 207/1440/5 127/5064/5 92/1438/5
f 396/1439/5 463/5073/5 207/1440/5
f 960/884/2 956/776/2 955/778/2
f 2317/1442/5 2468/2747/5 2467/1443/5
f 2467/1443/5 2471/945/5 2322/943/5
f 46/1444/2 53/4013/2 78/396/2
f 1324/1446/1 1487/3286/1 1482/1447/1
f 1334/1449/4 1810/2131/4 1808/971/4
f 2864/2077/4 2839/5076/4 2838/5077/4
f 2864/2077/4 2838/5077/4 2722/5078/4
f 2213/5079/4 2734/5080/4 2721/5081/4
f 2721/5081/4 2864/2077/4 2722/5078/4
f 2721/5081/4 2722/5078/4 2521/5082/4
f 2202/1453/4 2213/5079/4 2721/5081/4
f 1864/5083/4 1870/5084/4 2202/1453/4
f 2352/5085/4 2020/5086/4 2045/1452/4
f 2045/1452/4 1864/5083/4 2202/1453/4
f 2202/1453/4 2721/5081/4 2521/5082/4
f 2351/1451/4 2352/5085/4 2045/1452/4
f 2202/1453/4 2521/5082/4 2351/1451/4
f 1598/1454/5 1599/3259/5 1460/1455/5
f 725/1166/6 727/4937/6 726/1457/6
f 3406/5087/6 3414/2140/6 3405/5088/6
f 3404/1459/6 3409/5089/6 3410/5090/6
f 3410/5090/6 3411/5091/6 3403/1460/6
f 3403/1460/6 3402/5092/6 3408/1461/6
f 3408/1461/6 3407/5093/6 3406/5087/6
f 3408/1461/6 3406/5087/6 3405/5088/6
f 3404/1459/6 3410/5090/6 3403/1460/6
f 3408/1461/6 3405/5088/6 3404/1459/6
f 2344/1462/4 2507/2801/4 2501/1463/4
f 1815/991/1 2001/3303/1 1996/1465/1
f 510/1467/6 509/5094/6 508/1468/6
f 3656/5095/4 3602/5096/4 3603/5097/4
f 3604/5098/4 3636/5099/4 3637/5100/4
f 3656/5095/4 3603/5097/4 3604/5098/4
f 3687/5101/4 3686/5102/4 3656/5095/4
f 3746/5103/4 3710/5104/4 3687/5101/4
f 3713/5105/4 3747/5106/4 3746/5103/4
f 3797/5107/4 3798/5108/4 3715/5109/4
f 3713/5105/4 3746/5103/4 3687/5101/4
f 3715/5109/4 3713/5105/4 3687/5101/4
f 3687/5101/19 3656/5095/19 3604/5098/19
f 3604/5098/4 3637/5100/4 3633/5110/4
f 3721/5111/4 3767/5112/4 3801/1469/4
f 3687/5101/4 3604/5098/4 3633/5110/4
f 3687/5101/4 3633/5110/4 3721/5111/4
f 3715/5109/4 3687/5101/4 3721/5111/4
f 3801/1469/4 3827/5113/4 3912/1470/4
f 3715/5109/4 3721/5111/4 3801/1469/4
f 3825/1471/4 3826/5114/4 3797/5107/4
f 3797/5107/4 3715/5109/4 3801/1469/4
f 3912/1470/4 3910/5115/4 3825/1471/4
f 3825/1471/4 3797/5107/4 3801/1469/4
f 1047/1472/5 1049/5116/5 1019/5117/5
f 1019/5117/5 902/5118/5 963/5119/5
f 962/5120/5 993/5121/5 992/1473/5
f 1019/5117/5 963/5119/5 962/5120/5
f 1067/1474/5 1069/5122/5 1047/1472/5
f 1047/1472/5 1019/5117/5 962/5120/5
f 992/1473/5 991/5123/5 1067/1474/5
f 1047/1472/5 962/5120/5 992/1473/5
f 1509/1017/1 2191/1015/1 2181/1475/1
f 611/1476/2 615/1660/2 675/1037/2
f 3040/1478/1 3041/2525/1 3090/1479/1
f 272/1481/3 271/2763/3 226/1185/3
f 2001/1482/6 2000/1995/6 2002/1483/6
f 1454/1485/4 3498/130/4 3496/1486/4
f 2012/1488/6 2011/1010/6 2013/1011/6
f 3442/1490/3 1316/2195/3 1296/441/3
f 2438/1492/4 2608/2443/4 2609/1493/4
f 1178/1494/2 1174/5124/2 1173/1495/2
f 3587/1497/6 3590/5125/6 3588/1498/6
f 617/1500/2 619/3193/2 677/1501/2
f 1233/1081/1 1234/5126/1 1240/1503/1
f 2035/1507/6 2033/3368/6 2034/1505/6
f 2034/1505/6 2024/1850/6 2037/1506/6
f 2037/1506/6 2036/5127/6 2035/1507/6
f 342/1508/3 344/3694/3 184/1509/3
f 3993/1511/6 3994/1576/6 3995/1207/6
f 785/1512/6 784/4062/6 783/1513/6
f 3985/1515/6 3984/2011/6 3986/1516/6
f 2494/368/4 2681/4567/4 2682/1518/4
f 2543/1522/3 2057/4178/3 2059/5128/3
f 2221/1520/3 2223/5129/3 2534/1521/3
f 2543/1522/3 2059/5128/3 2221/1520/3
f 2690/46/5 2828/2624/5 2827/1523/5
f 3764/1526/1 3755/5130/1 3720/1524/1
f 3720/1524/1 3719/5131/1 3691/5132/1
f 3691/5132/1 3690/5133/1 3655/5134/1
f 3714/1525/1 3715/5135/1 3798/5136/1
f 3691/5132/1 3655/5134/1 3714/1525/1
f 3798/5136/1 3799/2162/1 3764/1526/1
f 3720/1524/1 3691/5132/1 3714/1525/1
f 3714/1525/20 3798/5136/20 3764/1526/20
f 692/1527/4 746/1972/4 747/1528/4
f 3989/1529/2 3988/3166/2 3971/749/2
f 4044/1530/6 4045/1184/6 4042/1531/6
f 96/1533/3 163/4132/3 164/1534/3
f 3466/5137/6 3472/5138/6 3471/1536/6
f 3474/5139/6 3477/5140/6 3482/5141/6
f 3474/5139/6 3482/5141/6 3481/5142/6
f 3487/5143/6 3494/1374/6 3495/5144/6
f 3481/5142/6 3487/5143/6 3495/5144/6
f 3485/5145/6 3486/5146/6 3476/5147/6
f 3481/5142/6 3495/5144/6 3485/5145/6
f 3474/5139/6 3481/5142/6 3485/5145/6
f 3485/5145/6 3476/5147/6 3473/1537/6
f 3473/1537/6 1475/5148/6 3465/5149/6
f 3465/5149/6 3464/5150/6 3460/1538/6
f 3460/1538/6 3459/5151/6 3463/5152/6
f 3463/5152/6 3462/5153/6 3461/5154/6
f 3461/5154/6 3467/5155/6 3466/5137/6
f 3471/1536/6 3474/5139/6 3485/5145/6
f 3461/5154/6 3466/5137/6 3471/1536/6
f 3460/1538/6 3463/5152/6 3461/5154/6
f 3473/1537/6 3465/5149/6 3460/1538/6
f 3471/1536/6 3485/5145/6 3473/1537/6
f 3460/1538/6 3461/5154/6 3471/1536/6
f 1915/1539/4 2075/5156/4 2070/1540/4
f 1602/1542/3 1459/5157/3 1460/1543/3
f 3281/541/3 3282/282/3 3245/1545/3
f 1068/1547/6 1070/2445/6 1069/1548/6
f 2207/1599/4 2201/908/4 2043/1550/4
f 2043/1550/4 1878/4249/4 1879/1551/4
f 2049/1552/4 2207/1599/4 2043/1550/4
f 3384/1553/3 3381/621/3 3382/1554/3
f 2423/1378/5 2422/3093/5 2426/1556/5
f 3795/1558/4 3796/3687/4 3755/1559/4
f 3217/1561/5 3224/1131/5 3231/628/5
f 183/1379/3 182/1380/3 142/1562/3
f 2839/1563/4 2976/3609/4 2955/1564/4
f 2854/1566/4 2848/531/4 2507/532/4
f 758/1568/2 825/1128/2 768/710/2
f 3008/1569/4 3002/1888/4 2860/1570/4
f 4072/1572/6 4071/4185/6 4073/524/6
f 1124/1574/4 1125/3164/4 1126/1575/4
f 1570/1019/1 1371/5158/1 1372/1577/1
f 682/1579/6 681/979/6 680/981/6
f 4037/1581/5 4035/4129/5 4013/956/5
f 1441/1583/4 3494/3167/4 3487/944/4
f 2068/1585/3 1902/4019/3 1898/1586/3
f 3441/1588/6 3445/958/6 3444/959/6
f 644/1590/2 630/2152/2 631/1591/2
f 2418/1593/1 2415/2952/1 2431/818/1
f 1027/1594/6 1030/4219/6 1029/565/6
f 2702/1595/1 2703/1253/1 2695/1255/1
f 1960/26/5 1959/2553/5 1958/1597/5
f 2207/1599/3 2215/5159/3 2051/1600/3
f 1450/1601/4 1932/1842/4 1921/1602/4
f 4077/928/5 4089/2823/5 4090/1604/5
f 1664/1606/3 1665/1820/3 1566/1607/3
f 143/1609/4 144/3744/4 138/1610/4
f 954/1612/4 955/1751/4 956/1613/4
f 135/1615/3 112/3449/3 134/1616/3
f 1285/1618/1 3433/326/1 3430/1037/1
f 3139/1620/5 3195/4056/5 3196/1621/5
f 1162/1623/2 1158/4024/2 1157/1624/2
f 2102/411/5 2100/410/5 1781/264/5
f 1735/816/1 1760/4133/1 1752/201/1
f 1397/5160/6 1396/5161/6 1389/5162/6
f 1389/5162/6 1405/5163/6 1404/5164/6
f 1428/5165/6 1439/5166/6 1438/5167/6
f 1397/5160/6 1389/5162/6 1404/5164/6
f 1397/5160/6 1404/5164/6 1428/5165/6
f 1403/5168/6 1402/5169/6 1397/5160/6
f 1394/5170/6 1401/5171/6 1400/1627/6
f 1403/5168/6 1397/5160/6 1428/5165/6
f 1400/1627/6 1403/5168/6 1428/5165/6
f 1400/1627/6 1428/5165/6 1438/5167/6
f 1393/5172/6 1395/5173/6 1394/5170/6
f 1410/5174/6 1393/5172/6 1394/5170/6
f 1416/1626/6 1415/5175/6 1410/5174/6
f 1427/5176/6 1426/5177/6 1416/1626/6
f 1437/5178/6 1436/5179/6 1427/5176/6
f 1450/5180/6 1449/5181/6 1437/5178/6
f 1465/4226/6 1466/5182/6 1450/5180/6
f 1451/1625/6 1467/5183/6 1465/4226/6
f 1442/5184/6 1452/5185/6 1451/1625/6
f 1441/5186/6 1440/5187/6 1442/5184/6
f 1441/5186/6 1442/5184/6 1451/1625/6
f 1451/1625/6 1465/4226/6 1450/5180/6
f 1437/5178/6 1427/5176/6 1416/1626/6
f 1451/1625/6 1450/5180/6 1437/5178/6
f 1438/5167/6 1441/5186/6 1451/1625/6
f 1410/5174/6 1394/5170/6 1400/1627/6
f 1400/1627/6 1438/5167/6 1451/1625/6
f 1451/1625/6 1437/5178/6 1416/1626/6
f 1416/1626/6 1410/5174/6 1400/1627/6
f 983/1628/2 984/2392/2 979/1629/2
f 3321/1631/3 3249/280/3 3244/540/3
f 4047/1633/6 4046/3132/6 4048/169/6
f 434/1634/2 487/3940/2 481/1635/2
f 1502/766/3 1618/4800/3 1627/1637/3
f 244/1639/3 265/1545/3 266/1640/3
f 1307/5188/1 1308/5189/1 2137/1641/1
f 2136/1642/1 2133/3342/1 1965/5190/1
f 1969/1643/1 1307/5188/1 2137/1641/1
f 2136/1642/1 1965/5190/1 1969/1643/1
f 1960/1644/2 1792/599/2 1784/1497/2
f 402/1645/2 342/613/2 339/442/2
f 3533/184/5 3530/185/5 3554/1647/5
f 1650/1649/3 1651/2081/3 1553/837/3
f 2723/5191/2 2727/3600/2 2728/1651/2
f 2728/1651/2 2735/1637/2 2537/1652/2
f 2537/1652/2 2532/4183/2 2533/5192/2
f 2724/1653/2 2723/5191/2 2728/1651/2
f 2537/1652/2 2533/5192/2 2724/1653/2
f 2967/1654/1 3038/4134/1 3044/1655/1
f 3563/1657/4 3562/5193/4 3489/1658/4
f 3058/1660/4 3121/5194/4 3122/1661/4
f 2720/1662/1 2853/152/1 2858/212/1
f 3400/1664/2 3385/1352/2 3380/1665/2
f 919/1667/2 922/5195/2 932/1668/2
f 1151/1670/2 1154/4972/2 1177/1671/2
f 1525/1673/4 1514/661/4 1375/188/4
f 1950/1386/1 1271/960/1 1272/1675/1
f 2414/1677/3 2415/3529/3 2418/1678/3
f 1909/384/6 1914/784/6 1915/286/6
f 1349/1679/1 1700/3726/1 1543/1680/1
f 1236/913/5 1235/2921/5 1245/1682/5
f 184/1684/2 178/5196/2 176/1685/2
f 1229/1689/5 1225/5197/5 1237/3997/5
f 1205/5198/5 1201/5199/5 1217/5200/5
f 1205/5198/5 1217/5200/5 1218/1688/5
f 1229/1689/5 1237/3997/5 1238/1687/5
f 1238/1687/5 1205/5198/5 1218/1688/5
f 3497/128/3 3501/2199/3 1455/1690/3
f 1980/842/2 1972/864/2 1965/1691/2
f 2844/4633/2 2827/5201/2 2828/5202/2
f 2844/4633/2 2828/5202/2 2830/5203/2
f 2858/5204/2 2853/5205/2 2847/5206/2
f 2847/5206/2 2844/4633/2 2830/5203/2
f 2831/5207/2 2987/5208/2 2988/1693/2
f 2847/5206/2 2830/5203/2 2831/5207/2
f 2867/1695/2 2857/5209/2 2858/5204/2
f 2847/5206/2 2831/5207/2 2988/1693/2
f 2867/1695/2 2858/5204/2 2847/5206/2
f 2864/5210/2 2866/5211/2 2867/1695/2
f 2983/5212/2 2839/5213/2 2864/5210/2
f 2984/1694/2 2983/5212/2 2864/5210/2
f 2867/1695/2 2847/5206/2 2988/1693/2
f 2984/1694/2 2864/5210/2 2867/1695/2
f 1105/4008/5 1144/5214/5 1143/5215/5
f 1141/1696/5 1140/5216/5 1103/1697/5
f 1107/5217/5 1105/4008/5 1143/5215/5
f 1148/5218/5 1107/5217/5 1143/5215/5
f 1173/5219/5 1172/5220/5 1149/5221/5
f 1149/5221/5 1148/5218/5 1143/5215/5
f 1173/5219/5 1149/5221/5 1143/5215/5
f 1151/5222/5 1176/5223/5 1175/5224/5
f 1173/5219/5 1143/5215/5 1141/1696/5
f 603/5225/5 604/5226/5 121/5227/5
f 123/5228/5 202/5229/5 201/5230/5
f 201/5230/5 458/5231/5 457/5232/5
f 457/5232/5 776/5233/5 775/5234/5
f 775/5234/5 1044/5235/5 1043/4010/5
f 1043/4010/5 1083/4009/5 1085/5236/5
f 1085/5236/5 1067/1474/5 991/5123/5
f 991/5123/5 961/5237/5 901/5238/5
f 901/5238/5 719/5239/5 673/5240/5
f 673/5240/5 461/5241/5 395/5242/5
f 395/5242/5 239/5243/5 205/5244/5
f 205/5244/5 125/5245/5 91/5246/5
f 91/5246/5 42/5247/5 41/1855/5
f 41/1855/5 1237/3997/5 1225/5197/5
f 41/1855/5 1225/5197/5 1217/5200/5
f 395/5242/5 205/5244/5 91/5246/5
f 673/5240/5 395/5242/5 91/5246/5
f 41/1855/5 1217/5200/5 1201/5199/5
f 41/1855/5 1201/5199/5 1191/1698/5
f 1043/4010/5 1085/5236/5 991/5123/5
f 457/5232/5 775/5234/5 1043/4010/5
f 201/5230/21 457/5232/21 1043/4010/21
f 1043/4010/5 991/5123/5 901/5238/5
f 1043/4010/5 901/5238/5 673/5240/5
f 201/5230/5 1043/4010/5 673/5240/5
f 1192/5248/5 1205/5198/5 1238/1687/5
f 44/1854/5 129/5065/5 608/5249/5
f 44/1854/5 608/5249/5 607/5250/5
f 1192/5248/5 1238/1687/5 44/1854/5
f 201/5230/5 673/5240/5 91/5246/5
f 123/5228/5 201/5230/5 91/5246/5
f 44/1854/5 607/5250/5 1113/5251/5
f 1113/5251/5 1160/5252/5 1159/5253/5
f 1157/5254/5 1156/5255/5 1111/5256/5
f 1055/5257/5 1056/5258/5 783/5259/5
f 783/5259/5 784/5072/5 674/5071/5
f 674/5071/5 720/5260/5 906/5261/5
f 906/5261/5 966/5262/5 1000/5263/5
f 999/5264/5 998/5265/5 965/5266/5
f 965/5266/5 964/5267/5 905/5268/5
f 905/5268/5 904/5269/5 832/5270/5
f 832/5270/5 831/5271/5 782/5272/5
f 782/5272/5 781/5273/5 780/5274/5
f 779/5275/5 830/5276/5 829/5277/5
f 782/5272/5 780/5274/5 779/5275/5
f 965/5266/22 905/5268/22 832/5270/22
f 832/5270/5 782/5272/5 779/5275/5
f 829/5277/5 903/5278/5 902/5118/5
f 832/5270/5 779/5275/5 829/5277/5
f 999/5264/5 965/5266/5 832/5270/5
f 999/5264/5 832/5270/5 829/5277/5
f 829/5277/5 902/5118/5 1019/5117/5
f 1019/5117/5 1021/5279/5 994/5280/5
f 996/5281/5 1023/5282/5 1025/5283/5
f 829/5277/5 1019/5117/5 994/5280/5
f 829/5277/5 994/5280/5 996/5281/5
f 999/5264/5 829/5277/5 996/5281/5
f 1025/5283/5 1051/5284/5 1053/5285/5
f 999/5264/5 996/5281/5 1025/5283/5
f 1000/5263/5 999/5264/5 1025/5283/5
f 1053/5285/5 1071/5286/5 1073/5287/5
f 1000/5263/5 1025/5283/5 1053/5285/5
f 783/5259/5 674/5071/5 906/5261/5
f 1000/5263/5 1053/5285/5 1073/5287/5
f 783/5259/5 906/5261/5 1000/5263/5
f 1055/5257/5 783/5259/5 1000/5263/5
f 1000/5263/5 1073/5287/5 1087/5288/5
f 1000/5263/5 1087/5288/5 1089/5289/5
f 1111/5256/5 1055/5257/5 1000/5263/5
f 1111/5256/5 1000/5263/5 1089/5289/5
f 1109/5290/5 1152/5291/5 1151/5222/5
f 1111/5256/5 1089/5289/5 1109/5290/5
f 1157/5254/5 1111/5256/5 1109/5290/5
f 1157/5254/5 1109/5290/5 1151/5222/5
f 1157/5254/5 1151/5222/5 1175/5224/5
f 1159/5253/5 1157/5254/5 1175/5224/5
f 1192/5248/5 44/1854/5 1113/5251/5
f 1192/5248/5 1113/5251/5 1159/5253/5
f 123/5228/5 91/5246/5 41/1855/5
f 121/5227/5 123/5228/5 41/1855/5
f 1191/1698/5 1192/5248/5 1159/5253/5
f 1191/1698/5 1159/5253/5 1175/5224/5
f 603/5225/5 121/5227/5 41/1855/5
f 1103/1697/5 603/5225/5 41/1855/5
f 1191/1698/5 1175/5224/5 1173/5219/5
f 1191/1698/5 1173/5219/5 1141/1696/5
f 1103/1697/5 41/1855/5 1191/1698/5
f 375/1700/5 652/5292/5 651/5293/5
f 651/5293/5 881/5294/5 879/919/5
f 879/919/5 654/5295/5 585/1699/5
f 585/1699/5 440/5296/5 375/1700/5
f 375/1700/5 651/5293/5 879/919/5
f 1103/523/4 1104/3412/4 606/1701/4
f 590/1703/6 587/5297/6 588/1704/6
f 1772/1705/3 1943/88/3 1942/208/3
f 1842/5298/4 1356/5299/4 1364/5300/4
f 1364/5300/4 2340/5301/4 2323/1707/4
f 2323/1707/4 2476/221/4 2473/5302/4
f 2157/5303/4 2158/5304/4 2156/5305/4
f 2323/1707/4 2473/5302/4 2157/5303/4
f 1842/5298/4 1364/5300/4 2323/1707/4
f 1339/5306/4 1345/5307/4 1833/1706/4
f 1833/1706/4 1842/5298/4 2323/1707/4
f 2323/1707/4 2157/5303/4 2156/5305/4
f 2007/1708/4 1339/5306/4 1833/1706/4
f 2323/1707/4 2156/5305/4 2007/1708/4
f 3208/1709/6 3215/5308/6 3216/5309/6
f 3206/5310/6 3207/5311/6 3205/1710/6
f 3208/1709/6 3216/5309/6 3206/5310/6
f 3203/1711/6 3210/5312/6 3209/5313/6
f 3208/1709/6 3206/5310/6 3205/1710/6
f 3203/1711/6 3209/5313/6 3208/1709/6
f 2624/118/5 2775/117/5 2777/633/5
f 3787/555/1 3824/553/1 3816/1712/1
f 938/1713/2 873/1117/2 874/1118/2
f 2218/1715/4 2366/1337/4 2367/1412/4
f 3123/1717/3 3133/2105/3 3134/1718/3
f 1299/1719/5 1306/3017/5 3438/1720/5
f 1596/1722/5 1597/5314/5 1433/1723/5
f 3017/1725/3 3016/3801/3 2914/1726/3
f 1815/5315/1 1694/5316/1 1695/1728/1
f 1695/1728/1 1488/1399/1 1494/1729/1
f 1495/1730/1 1815/5315/1 1695/1728/1
f 1820/1466/5 1818/3274/5 1998/1731/5
f 874/1732/2 850/4233/2 848/1701/2
f 2347/1402/1 2189/875/1 2029/1336/1
f 817/562/3 818/4042/3 810/1734/3
f 3489/1737/5 3562/2840/5 3561/495/5
f 3532/1736/5 3492/1041/5 3489/1737/5
f 1488/1738/3 1695/5316/3 1690/1739/3
f 2339/1741/6 2338/1577/6 2327/1742/6
f 827/1743/2 895/71/2 894/69/2
f 3214/1744/3 3213/4186/3 3172/306/3
f 3093/1746/4 3094/5317/4 2962/5318/4
f 2962/5318/4 2963/5319/4 2656/2569/4
f 2669/5320/4 2481/5321/4 2477/5322/4
f 2962/5318/4 2656/2569/4 2669/5320/4
f 3159/5323/4 3160/5324/4 3093/1746/4
f 3093/1746/4 2962/5318/4 2669/5320/4
f 2669/5320/4 2477/5322/4 2674/5325/4
f 3043/1747/4 3047/5326/4 3105/5327/4
f 2669/5320/4 2674/5325/4 3043/1747/4
f 3099/1748/4 3159/5323/4 3093/1746/4
f 3043/1747/4 3105/5327/4 3099/1748/4
f 3093/1746/4 2669/5320/4 3043/1747/4
f 794/1749/1 836/2351/1 845/973/1
f 960/1751/3 957/1106/3 958/932/3
f 2142/4575/2 2139/5328/2 2138/1752/2
f 2138/1752/2 2132/375/2 2278/2664/2
f 2312/1753/2 2146/5329/2 2149/1754/2
f 2149/1754/2 2142/4575/2 2138/1752/2
f 2138/1752/2 2278/2664/2 2312/1753/2
f 3771/1755/3 3769/2038/3 3770/1756/3
f 433/1757/4 434/5330/4 428/824/4
f 1708/1759/4 1714/2731/4 1712/351/4
f 1275/552/4 1276/176/4 3268/174/4
f 2591/1761/2 2572/2167/2 2573/450/2
f 1228/869/1 1230/2283/1 1216/537/1
f 1628/585/5 1662/584/5 1663/1764/5
f 3242/1299/6 3241/1300/6 3240/1026/6
f 2604/1768/2 2590/2339/2 2585/2340/2
f 2602/5331/2 2603/5332/2 2615/5333/2
f 2604/1768/2 2585/2340/2 2602/5331/2
f 2638/5334/2 2627/4366/2 2607/1767/2
f 2602/5331/2 2615/5333/2 2767/1769/2
f 2767/1769/2 2638/5334/2 2607/1767/2
f 2604/1768/2 2602/5331/2 2767/1769/2
f 1982/1770/2 1988/5335/2 1809/1771/2
f 1809/1771/2 1807/755/2 1797/1772/2
f 1797/1772/2 1981/5336/2 1982/1770/2
f 2209/37/3 2208/3384/3 2047/1773/3
f 2896/5337/6 2895/5338/6 2902/5339/6
f 2902/5339/6 2909/5340/6 2908/5341/6
f 2902/5339/6 2908/5341/6 2907/5342/6
f 2897/5343/6 2896/5337/6 2902/5339/6
f 2901/5344/6 2900/5345/6 2897/5343/6
f 2906/5346/6 2905/5347/6 2901/5344/6
f 2911/5348/6 2910/5349/6 2906/5346/6
f 2917/5350/6 2916/5351/6 2911/5348/6
f 2927/5352/6 2928/5353/6 2917/5350/6
f 2918/5354/6 2929/5355/6 2927/5352/6
f 2912/5356/6 2919/5357/6 2918/5354/6
f 2921/1776/6 2920/5358/6 2913/1777/6
f 2912/5356/6 2918/5354/6 2927/5352/6
f 2912/5356/6 2927/5352/6 2917/5350/6
f 2901/5344/6 2897/5343/6 2902/5339/6
f 2901/5344/6 2902/5339/6 2907/5342/6
f 2906/5346/6 2901/5344/6 2907/5342/6
f 2906/5346/6 2907/5342/6 2914/1775/6
f 2912/5356/6 2917/5350/6 2911/5348/6
f 2912/5356/6 2911/5348/6 2906/5346/6
f 2913/1777/6 2912/5356/6 2906/5346/6
f 2915/5359/6 2922/5360/6 2921/1776/6
f 2913/1777/6 2906/5346/6 2914/1775/6
f 2914/1775/6 2915/5359/6 2921/1776/6
f 664/1778/2 595/2806/2 597/1779/2
f 2718/329/1 2719/2546/1 2733/678/1
f 278/1782/4 302/1705/4 303/1783/4
f 3305/1785/3 3313/2289/3 3272/1786/3
f 160/1788/2 147/1375/2 141/1789/2
f 3048/1226/3 2982/1122/3 2966/1791/3
f 1800/1430/5 1973/2565/5 2138/1792/5
f 2138/1792/5 2139/5361/5 1974/1793/5
f 1974/1793/5 1806/1420/5 1800/1430/5
f 4070/1794/4 4071/1572/4 4072/1573/4
f 3056/1660/3 3125/5194/3 3124/1796/3
f 769/1797/2 713/1475/2 715/1006/2
f 3446/1266/5 3514/2719/5 3512/1798/5
f 3354/1800/3 3362/2767/3 3336/1801/3
f 2502/5362/3 2339/5363/3 2330/1802/3
f 2482/1803/3 2685/2659/3 2684/5364/3
f 2495/1804/3 2502/5362/3 2330/1802/3
f 2482/1803/3 2684/5364/3 2495/1804/3
f 2798/1805/5 2927/5039/5 2929/1806/5
f 2032/1808/4 2187/1539/4 2188/1541/4
f 2435/1810/4 2441/332/4 2442/684/4
f 1162/761/3 1159/1824/3 1160/1812/3
f 2321/1267/6 2326/1331/6 2324/1813/6
f 1189/5365/4 6/3793/4 44/5366/4
f 1232/5367/4 1212/3792/4 1222/5368/4
f 1232/5367/4 1222/5368/4 1228/1816/4
f 1189/5365/4 44/5366/4 1238/1815/4
f 1204/5369/4 1189/5365/4 1238/1815/4
f 1238/1815/4 1232/5367/4 1228/1816/4
f 1215/1814/4 1204/5369/4 1238/1815/4
f 228/1817/2 253/4033/2 251/1818/2
f 1567/1820/4 1666/1167/4 1667/1302/4
f 3188/1821/3 3187/1144/3 3119/1822/3
f 1620/1824/1 1645/1889/1 1648/1825/1
f 585/763/2 654/742/2 653/676/2
f 2283/1332/2 2282/648/2 2278/1761/2
f 2282/1827/5 2281/1098/5 2279/1828/5
f 2341/757/6 2349/1087/6 2348/1088/6
f 368/1831/2 355/3377/2 356/1832/2
f 3817/5370/1 3812/689/1 3815/5371/1
f 3785/5372/1 3783/5373/1 3752/1833/1
f 3817/5370/1 3815/5371/1 3785/5372/1
f 3753/1835/1 3788/5374/1 3786/5375/1
f 3786/5375/1 3817/5370/1 3785/5372/1
f 3752/1833/1 3749/5376/1 3754/1834/1
f 3786/5375/1 3785/5372/1 3752/1833/1
f 3754/1834/1 3756/4672/1 3753/1835/1
f 3753/1835/1 3786/5375/1 3752/1833/1
f 1600/1836/5 1601/5377/5 1446/1837/5
f 2211/1839/4 2212/1937/4 1871/547/4
f 1928/1841/4 2089/2496/4 2080/1842/4
f 1977/1843/3 1978/5378/3 1982/1844/3
f 679/1845/3 680/5379/3 624/1846/3
f 1626/970/3 1635/968/3 1516/1848/3
f 3355/1852/6 3357/5380/6 3369/1506/6
f 3369/1506/6 3368/5381/6 3364/5382/6
f 3363/5383/6 3367/5384/6 3365/1850/6
f 3355/1852/6 3369/1506/6 3364/5382/6
f 3355/1852/6 3364/5382/6 3363/5383/6
f 3354/5385/6 3351/5386/6 3355/1852/6
f 3365/1850/6 3366/5387/6 3362/1851/6
f 3362/1851/6 3354/5385/6 3355/1852/6
f 3355/1852/6 3363/5383/6 3365/1850/6
f 1220/1853/1 1224/4760/1 1232/1854/1
f 3412/1140/5 3420/1153/5 3418/1856/5
f 3478/1858/4 3479/5388/4 3530/1859/4
f 2850/532/3 2851/1567/3 2510/1860/3
f 557/646/3 558/644/3 509/1861/3
f 1355/564/4 1840/2847/4 1834/1863/4
f 121/898/4 604/1817/4 605/1865/4
f 3973/1868/5 4009/3369/5 4010/1866/5
f 4010/1866/5 3993/5389/5 3990/1867/5
f 3990/1867/5 3978/5390/5 3973/1868/5
f 2963/1596/6 2962/1255/6 2965/1869/6
f 526/1871/2 515/2193/2 516/597/2
f 79/1873/3 108/3677/3 107/1874/3
f 1649/5391/6 1657/4790/6 1656/5392/6
f 1656/5392/6 1663/5393/6 1662/5394/6
f 1654/1876/6 1655/5395/6 1648/5396/6
f 1656/5392/6 1662/5394/6 1654/1876/6
f 1646/1878/6 1649/5391/6 1656/5392/6
f 1644/5397/6 1647/5398/6 1646/1878/6
f 1654/1876/6 1648/5396/6 1645/1877/6
f 1645/1877/6 1644/5397/6 1646/1878/6
f 1646/1878/6 1656/5392/6 1654/1876/6
f 2830/5399/4 2828/5400/4 2690/1879/4
f 2690/1879/4 2687/5401/4 2688/1880/4
f 2689/1881/4 2830/5399/4 2690/1879/4
f 4075/1882/4 4076/13/4 4073/15/4
f 437/1103/3 438/1104/3 430/1884/3
f 3046/1720/1 3111/2849/1 3105/1886/1
f 2300/1888/5 2449/2211/5 2448/808/5
f 1622/1889/1 1649/4066/1 1646/1890/1
f 337/1891/2 341/613/2 401/1645/2
f 2116/1031/1 1782/1030/1 1783/1155/1
f 3384/1892/2 3376/309/2 3377/311/2
f 1841/2223/6 1845/5402/6 1844/1894/6
f 1844/1894/6 1862/5403/6 1861/5404/6
f 1861/5404/6 1838/4932/6 1837/1895/6
f 1839/1896/6 1841/2223/6 1844/1894/6
f 1844/1894/6 1861/5404/6 1837/1895/6
f 612/1899/1 675/5405/1 834/4734/1
f 834/4734/1 1027/4737/1 724/1897/1
f 724/1897/1 721/5406/1 400/1898/1
f 400/1898/1 338/4753/1 401/5407/1
f 612/1899/1 834/4734/1 724/1897/1
f 400/1898/1 401/5407/1 612/1899/1
f 917/1900/1 968/2610/1 979/1901/1
f 1727/1316/5 1742/3853/5 1740/1903/5
f 2768/1905/3 2778/1409/3 2638/1410/3
f 3477/1907/5 3474/2697/5 3526/204/5
f 4064/1909/1 4084/5408/1 4078/1910/1
f 4078/1910/1 4050/3577/1 4051/5409/1
f 4054/1911/1 4065/5410/1 4067/5411/1
f 4078/1910/1 4051/5409/1 4054/1911/1
f 4054/1911/1 4067/5411/1 4064/1909/1
f 1510/1912/1 1511/3771/1 2199/324/1
f 1906/1914/4 2069/5412/4 2066/1915/4
f 2737/1917/3 2736/922/3 2537/848/3
f 1755/1918/4 1763/2336/4 1764/1919/4
f 2136/1921/6 2135/3512/6 2134/1922/6
f 2538/1880/6 2539/5401/6 2517/1234/6
f 1720/5413/2 1719/3724/2 1730/1924/2
f 1730/1924/2 1731/5414/2 1724/1925/2
f 1724/1925/2 1726/5415/2 1725/5416/2
f 1721/1926/2 1720/5413/2 1730/1924/2
f 1724/1925/2 1725/5416/2 1721/1926/2
f 1202/1927/1 1203/2263/1 1187/1928/1
f 3568/1808/2 3564/3287/2 3565/1930/2
f 1242/1932/1 1248/2558/1 1247/1933/1
f 1804/1934/1 1802/2145/1 1985/1935/1
f 1998/1763/6 1987/3920/6 1978/547/6
f 1991/1937/6 1997/870/6 1998/1763/6
f 4036/1938/6 4035/2431/6 4037/1939/6
f 1305/1941/5 1792/1450/5 1793/1449/5
f 1837/1143/5 1838/1425/5 2013/1943/5
f 295/5417/5 296/5418/5 335/1945/5
f 335/1945/5 336/5419/5 390/5420/5
f 390/5420/5 391/5421/5 453/5422/5
f 453/5422/5 454/5423/5 505/5424/5
f 505/5424/5 506/5425/5 545/5426/5
f 545/5426/5 546/5427/5 599/5428/5
f 599/5428/5 600/5429/5 667/5430/5
f 667/5430/5 668/5431/5 717/5432/5
f 717/5432/5 718/5433/5 773/5434/5
f 773/5434/5 774/5435/5 828/5436/5
f 894/5437/5 897/5438/5 953/1946/5
f 773/5434/5 828/5436/5 894/5437/5
f 599/5428/23 667/5430/23 717/5432/23
f 717/5432/5 773/5434/5 894/5437/5
f 953/1946/5 956/5439/5 960/5440/5
f 717/5432/5 894/5437/5 953/1946/5
f 599/5428/5 717/5432/5 953/1946/5
f 953/1946/5 960/5440/5 959/5441/5
f 959/5441/5 900/5442/5 671/1947/5
f 671/1947/5 602/5443/5 456/5444/5
f 456/5444/5 394/5445/5 264/4831/5
f 264/4831/5 262/5446/5 295/5417/5
f 335/1945/5 390/5420/5 453/5422/5
f 264/4831/5 295/5417/5 335/1945/5
f 456/5444/5 264/4831/5 335/1945/5
f 335/1945/24 453/5422/24 505/5424/24
f 545/5426/5 599/5428/5 953/1946/5
f 335/1945/5 505/5424/5 545/5426/5
f 671/1947/5 456/5444/5 335/1945/5
f 953/1946/5 959/5441/5 671/1947/5
f 335/1945/5 545/5426/5 953/1946/5
f 2738/27/5 2742/1056/5 2876/1948/5
f 620/5447/1 852/5448/1 849/5296/1
f 619/1949/1 617/5449/1 346/1950/1
f 620/5447/1 849/5296/1 619/1949/1
f 346/1950/1 409/5450/1 556/1951/1
f 556/1951/1 620/5447/1 619/1949/1
f 773/1952/6 772/579/6 771/577/6
f 3127/1113/5 3183/788/5 3184/1953/5
f 3279/1955/5 3280/2236/5 1294/1257/5
f 3877/5451/4 3875/5452/4 3852/1957/4
f 3852/1957/4 3850/5453/4 3851/5454/4
f 3909/5455/4 3938/5456/4 3971/1958/4
f 3852/1957/4 3851/5454/4 3909/5455/4
f 3876/5457/4 3877/5451/4 3852/1957/4
f 3968/5458/4 3969/5459/4 3876/5457/4
f 4000/1959/4 4001/5460/4 3968/5458/4
f 4038/3188/4 4037/3189/4 4000/1959/4
f 3971/1958/4 3988/5461/4 4038/3188/4
f 3852/1957/25 3909/5455/25 3971/1958/25
f 3968/5458/4 3876/5457/4 3852/1957/4
f 3971/1958/4 4038/3188/4 4000/1959/4
f 4000/1959/4 3968/5458/4 3852/1957/4
f 2939/1960/6 2951/4942/6 2967/5462/6
f 2966/1961/6 2982/5463/6 2981/3290/6
f 2939/1960/6 2967/5462/6 2966/1961/6
f 2972/5464/6 2950/5465/6 2939/1960/6
f 2966/1961/6 2981/3290/6 2971/1962/6
f 2971/1962/6 2972/5464/6 2939/1960/6
f 1948/254/4 1949/592/4 1272/1963/4
f 3786/1965/4 3789/5466/4 3816/1966/4
f 146/1968/3 198/5467/3 197/1969/3
f 1550/1018/3 1551/5468/3 1363/1036/3
f 1857/1970/3 1858/2394/3 1369/1971/3
f 2314/1973/6 2301/519/6 2313/1047/6
f 3714/1976/6 3709/1102/6 3712/5469/6
f 3711/1974/6 3713/4072/6 3715/1975/6
f 3714/1976/6 3712/5469/6 3711/1974/6
f 2296/1977/1 2134/3535/1 2135/1963/1
f 2135/1963/1 2621/5470/1 2631/1978/1
f 3727/405/2 3767/2505/2 3721/1979/2
f 3900/1980/2 3866/1716/2 3864/1715/2
f 2503/1617/6 2502/4084/6 2495/1981/6
f 1689/1739/1 1477/1740/1 1480/1673/1
f 2814/682/1 2948/2891/1 2959/923/1
f 2611/1982/1 2763/3947/1 2772/1983/1
f 1202/1929/2 1195/11/2 1197/1984/2
f 766/1129/2 821/1128/2 757/1568/2
f 2499/1986/2 2486/5471/2 2323/5472/2
f 2323/5472/2 2340/5473/2 2346/1987/2
f 2346/1987/2 2345/5474/2 2352/5475/2
f 2352/5475/2 2513/5476/2 2505/1988/2
f 2505/1988/2 2504/5477/2 2499/1986/2
f 2499/1986/2 2323/5472/2 2346/1987/2
f 2346/1987/2 2352/5475/2 2505/1988/2
f 2533/1406/3 2532/5030/3 1883/1989/3
f 1484/1991/1 1690/5478/1 1691/1992/1
f 1799/1993/6 1798/3789/6 1797/1181/6
f 2005/1489/6 2004/1011/6 2003/1995/6
f 3623/1996/4 3624/1559/4 3618/1997/4
f 2393/1569/5 2401/1888/5 2563/112/5
f 4024/1233/1 4028/1232/1 4029/2000/1
f 4027/2001/1 4026/3864/1 4024/1233/1
f 1136/2004/1 1137/5479/1 1133/5480/1
f 1132/5481/1 1099/5482/1 1042/5483/1
f 1136/2004/1 1133/5480/1 1132/5481/1
f 553/5484/1 1101/5485/1 1136/2004/1
f 100/2579/1 101/5486/1 552/5487/1
f 552/5487/1 553/5484/1 1136/2004/1
f 1136/2004/1 1132/5481/1 1042/5483/1
f 1040/5488/1 728/5489/1 726/2002/1
f 1136/2004/1 1042/5483/1 1040/5488/1
f 100/2579/1 552/5487/1 1136/2004/1
f 404/2003/1 174/5490/1 172/5491/1
f 172/5491/1 100/2579/1 1136/2004/1
f 1136/2004/1 1040/5488/1 726/2002/1
f 726/2002/1 406/5492/1 404/2003/1
f 404/2003/1 172/5491/1 1136/2004/1
f 1587/1543/5 1586/5157/5 1431/1400/5
f 2656/2006/6 2668/2696/6 2667/2007/6
f 2728/2009/1 2729/168/1 2737/589/1
f 2235/1516/5 2379/2441/5 2378/2010/5
f 1995/2012/2 2168/3330/2 2010/2013/2
f 2114/2014/4 1783/409/4 1786/709/4
f 1083/217/4 1107/2300/4 1108/2015/4
f 754/5493/1 803/5494/1 812/5495/1
f 812/5495/1 866/5496/1 864/5497/1
f 864/5497/1 863/5498/1 811/5499/1
f 811/5499/1 810/5500/1 753/5501/1
f 753/5501/1 752/5502/1 697/5503/1
f 697/5503/1 696/5504/1 643/5505/1
f 643/5505/1 642/5506/1 577/5507/1
f 577/5507/1 576/5508/1 525/5509/1
f 525/5509/1 524/5510/1 485/5511/1
f 485/5511/1 484/5512/1 431/5513/1
f 431/5513/1 430/5514/1 367/5515/1
f 367/5515/1 366/5516/1 315/5517/1
f 315/5517/1 314/5518/1 279/5519/1
f 279/5519/1 252/5520/1 225/5521/1
f 225/5521/1 224/5522/1 187/2016/1
f 187/2016/1 158/5523/1 141/5524/1
f 141/5524/1 140/5525/1 111/5526/1
f 111/5526/1 82/5527/1 55/5528/1
f 55/5528/1 54/5529/1 23/2017/1
f 23/2017/1 22/5530/1 16/5531/1
f 16/5531/1 17/5532/1 24/5533/1
f 24/5533/1 49/5534/1 56/5535/1
f 56/5535/1 107/5536/1 112/5537/1
f 112/5537/1 135/5538/1 142/5539/1
f 142/5539/1 182/5540/1 188/5541/1
f 188/5541/1 219/5542/1 226/5543/1
f 226/5543/1 271/5544/1 280/5545/1
f 280/5545/1 305/5546/1 316/5547/1
f 316/5547/1 355/5548/1 368/2018/1
f 368/2018/1 419/5549/1 432/5550/1
f 432/5550/1 475/5551/1 486/5552/1
f 486/5552/1 515/5553/1 526/5554/1
f 526/5554/1 565/5555/1 578/5556/1
f 578/5556/1 630/5557/1 644/5558/1
f 644/5558/1 687/5559/1 698/5560/1
f 698/5560/1 743/5561/1 754/5493/1
f 754/5493/1 812/5495/1 864/5497/1
f 754/5493/1 864/5497/1 811/5499/1
f 578/5556/1 644/5558/1 698/5560/1
f 698/5560/1 754/5493/1 811/5499/1
f 698/5560/1 811/5499/1 753/5501/1
f 526/5554/1 578/5556/1 698/5560/1
f 368/2018/1 432/5550/1 486/5552/1
f 486/5552/1 526/5554/1 698/5560/1
f 698/5560/1 753/5501/1 697/5503/1
f 697/5503/1 643/5505/1 577/5507/1
f 525/5509/5 485/5511/5 431/5513/5
f 698/5560/1 697/5503/1 577/5507/1
f 525/5509/24 431/5513/24 367/5515/24
f 698/5560/26 577/5507/26 525/5509/26
f 368/2018/1 486/5552/1 698/5560/1
f 280/5545/1 316/5547/1 368/2018/1
f 142/5539/1 188/5541/1 226/5543/1
f 226/5543/1 280/5545/1 368/2018/1
f 368/2018/1 698/5560/1 525/5509/1
f 368/2018/1 525/5509/1 367/5515/1
f 142/5539/1 226/5543/1 368/2018/1
f 56/5535/1 112/5537/1 142/5539/1
f 23/2017/1 16/5531/1 24/5533/1
f 56/5535/1 142/5539/1 368/2018/1
f 23/2017/1 24/5533/1 56/5535/1
f 111/5526/1 55/5528/1 23/2017/1
f 187/2016/1 141/5524/1 111/5526/1
f 279/5519/1 225/5521/1 187/2016/1
f 368/2018/1 367/5515/1 315/5517/1
f 368/2018/1 315/5517/1 279/5519/1
f 23/2017/1 56/5535/1 368/2018/1
f 187/2016/5 111/5526/5 23/2017/5
f 368/2018/1 279/5519/1 187/2016/1
f 269/1705/2 278/303/2 301/305/2
f 2507/2021/5 2848/2455/5 2849/5562/5
f 2709/2019/5 2711/5563/5 2710/2188/5
f 2507/2021/5 2849/5562/5 2709/2019/5
f 2709/2019/5 2710/2188/5 2518/2020/5
f 699/2022/4 700/5188/4 694/2023/4
f 3135/2025/3 3126/1954/3 3182/1953/3
f 1461/1542/4 1603/5564/4 1600/2026/4
f 583/2027/3 584/5009/3 576/1347/3
f 148/2029/2 116/3981/2 111/2030/2
f 3473/2031/3 1405/2640/3 1389/2032/3
f 369/825/4 370/826/4 364/1250/4
f 4080/2035/1 4095/2006/1 4097/2036/1
f 3806/843/6 3805/841/6 3803/2038/6
f 3665/871/6 3667/3905/6 3666/361/6
f 3116/2040/1 3190/3725/1 3188/2041/1
f 2689/1881/3 2699/5565/3 2701/262/3
f 2484/444/1 2675/3477/1 2685/369/1
f 1453/2043/5 3496/1050/5 3497/2044/5
f 963/1679/3 882/3147/3 950/2046/3
f 3914/2048/6 3913/1070/6 3916/1071/6
f 1978/2052/3 2310/1781/3 2309/5566/3
f 2143/2050/3 2154/330/3 1991/2051/3
f 1978/2052/3 2309/5566/3 2143/2050/3
f 67/1198/2 38/2240/2 40/2053/2
f 3482/1859/1 3531/5567/1 3536/831/1
f 85/1091/4 125/2570/4 205/2055/4
f 3643/2056/6 3642/694/6 3644/1069/6
f 295/2057/6 294/30/6 291/28/6
f 3258/1039/6 3259/4090/6 3255/2059/6
f 2656/2062/1 2963/5568/1 2964/1563/1
f 2815/2061/1 2658/2540/1 2656/2062/1
f 2530/1053/3 2529/2398/3 2205/719/3
f 4010/2065/6 4009/5569/6 4002/2063/6
f 4008/2064/6 4011/659/6 4010/2065/6
f 2188/2066/6 2187/4239/6 2185/2067/6
f 562/2068/2 575/3050/2 626/2069/2
f 764/1486/6 761/1371/6 762/1718/6
f 2764/2047/4 2903/5570/4 2898/1388/4
f 668/2072/4 662/1585/4 716/2073/4
f 2281/278/1 2437/4191/1 2444/2075/1
f 3666/2077/1 3703/5571/1 3697/2078/1
f 3837/2080/1 3839/3898/1 3832/2081/1
f 1985/1144/6 1984/1143/6 1986/1425/6
f 1604/2082/3 1605/2747/3 1490/2083/3
f 3967/5572/3 3933/5573/3 3934/2085/3
f 3934/2085/3 3947/5574/3 3948/5575/3
f 3949/2086/3 3975/5576/3 3983/5577/3
f 3934/2085/3 3948/5575/3 3949/2086/3
f 3952/2087/3 3967/5572/3 3934/2085/3
f 3949/2086/3 3983/5577/3 3952/2087/3
f 1299/2088/4 3439/2195/4 3434/441/4
f 2698/2090/2 2706/5578/2 2662/2091/2
f 1606/2093/1 1491/3465/1 1492/430/1
f 235/2095/2 234/2601/2 259/691/2
f 1500/2096/4 1337/492/4 1343/491/4
f 1895/2098/5 1900/634/5 2061/2099/5
f 905/2102/2 964/479/2 893/5579/2
f 890/2100/2 892/5580/2 878/2101/2
f 905/2102/2 893/5579/2 890/2100/2
f 3630/2103/6 3631/1736/6 3626/2104/6
f 3065/1718/4 3070/1371/4 3140/1370/4
f 1696/763/5 1811/4797/5 1810/2106/5
f 3326/2107/3 3361/1477/3 3360/1037/3
f 2162/1990/4 1814/1771/4 1817/5581/4
f 1996/2108/4 2002/4795/4 2166/238/4
f 2162/1990/4 1817/5581/4 1996/2108/4
f 2445/2109/1 2793/5582/1 2783/500/1
f 2630/501/1 2446/5583/1 2445/2109/1
f 2466/2007/4 2656/3647/4 2657/2110/4
f 1004/2111/2 1005/4091/2 1002/1173/2
f 3955/2113/5 3952/4030/5 3983/928/5
f 1279/245/1 3434/2088/1 3432/2089/1
f 1387/2114/5 1885/5584/5 1884/2115/5
f 2123/2116/6 2122/5585/6 2124/2117/6
f 2627/628/3 2626/1131/3 2606/2119/3
f 1627/2121/5 1626/2646/5 1517/2122/5
f 1294/2015/4 3280/3554/4 3277/2124/4
f 1399/2125/5 1391/4945/5 1888/1232/5
f 985/2127/2 986/5586/2 982/2128/2
f 2687/2130/1 2690/3405/1 2693/2131/1
f 337/2132/4 338/5587/4 211/2133/4
f 499/2135/2 498/3704/2 537/2136/2
f 36/2138/2 35/1199/2 63/1198/2
f 3416/498/6 3409/5089/6 3404/1459/6
f 3416/498/6 3404/1459/6 3412/5588/6
f 3407/5093/6 3408/1461/6 3417/2141/6
f 3415/5589/6 3407/5093/6 3417/2141/6
f 3417/2141/6 3416/498/6 3412/5588/6
f 3413/2139/6 3405/5088/6 3414/2140/6
f 3417/2141/6 3412/5588/6 3413/2139/6
f 3414/2140/6 3415/5589/6 3417/2141/6
f 1675/2142/5 1674/930/5 1583/2143/5
f 1812/2145/5 1995/1935/5 1994/1483/5
f 3524/307/1 3517/308/1 3468/2146/1
f 1519/5590/6 1518/5591/6 1513/2148/6
f 1505/5592/6 1504/5593/6 1499/5594/6
f 1499/5594/6 1498/5595/6 1492/5596/6
f 1492/5596/6 1491/5597/6 1486/5598/6
f 1485/5599/6 1490/5600/6 1489/5601/6
f 1499/5594/6 1492/5596/6 1486/5598/6
f 1505/5592/27 1499/5594/27 1486/5598/27
f 1489/5601/6 1497/5602/6 1496/5603/6
f 1496/5603/6 1503/5604/6 1502/5605/6
f 1512/5606/6 1517/5607/6 1516/5608/6
f 1516/5608/6 1521/5609/6 1520/5002/6
f 1520/5002/6 1531/5001/6 1530/5610/6
f 1511/5611/6 1510/5612/6 1509/5613/6
f 1520/5002/6 1530/5610/6 1511/5611/6
f 1516/5608/6 1520/5002/6 1511/5611/6
f 1509/5613/6 1508/5614/6 1501/5615/6
f 1516/5608/6 1511/5611/6 1509/5613/6
f 1512/5606/6 1516/5608/6 1509/5613/6
f 1509/5613/6 1501/5615/6 1494/5616/6
f 1488/5617/6 1484/5618/6 1481/5619/6
f 1509/5613/6 1494/5616/6 1488/5617/6
f 1502/5605/6 1512/5606/6 1509/5613/6
f 1502/5605/6 1509/5613/6 1488/5617/6
f 1481/5619/6 1480/5620/6 1477/5621/6
f 1502/5605/6 1488/5617/6 1481/5619/6
f 1496/5603/6 1502/5605/6 1481/5619/6
f 1477/5621/6 1476/5622/6 1479/5623/6
f 1496/5603/6 1481/5619/6 1477/5621/6
f 1489/5601/6 1496/5603/6 1477/5621/6
f 1477/5621/6 1479/5623/6 1478/5624/6
f 1478/5624/6 1483/5625/6 1482/5626/6
f 1482/5626/6 1487/5627/6 1493/5628/6
f 1493/5628/6 1500/5629/6 1506/2149/6
f 1506/2149/6 1507/5630/6 1515/5631/6
f 1514/5632/6 1525/5633/6 1524/2150/6
f 1506/2149/6 1515/5631/6 1514/5632/6
f 1482/5626/6 1493/5628/6 1506/2149/6
f 1477/5621/6 1478/5624/6 1482/5626/6
f 1485/5599/6 1489/5601/6 1477/5621/6
f 1486/5598/6 1485/5599/6 1477/5621/6
f 1506/2149/6 1514/5632/6 1524/2150/6
f 1524/2150/6 1533/5634/6 1532/5005/6
f 1532/5005/6 1529/5004/6 1528/5635/6
f 1523/5636/6 1522/5637/6 1519/5590/6
f 1532/5005/6 1528/5635/6 1523/5636/6
f 1486/5598/6 1477/5621/6 1482/5626/6
f 1505/5592/6 1486/5598/6 1482/5626/6
f 1524/2150/6 1532/5005/6 1523/5636/6
f 1524/2150/6 1523/5636/6 1519/5590/6
f 1505/5592/6 1482/5626/6 1506/2149/6
f 1524/2150/6 1519/5590/6 1513/2148/6
f 1513/2148/6 1505/5592/6 1506/2149/6
f 1079/1134/3 1080/1133/3 1065/2151/3
f 557/569/6 560/4637/6 559/239/6
f 1354/2152/5 1834/5638/5 1833/2153/5
f 2621/921/5 2771/4858/5 2770/1983/5
f 2617/2155/1 2782/4020/1 2769/2156/1
f 970/2157/4 971/3558/4 1008/849/4
f 2878/2160/3 2873/5639/3 3004/2158/3
f 3004/2158/3 2999/2132/3 3062/2853/3
f 3068/5640/3 3076/5641/3 3009/2159/3
f 3004/2158/3 3062/2853/3 3068/5640/3
f 3009/2159/3 3014/5642/3 2878/2160/3
f 3004/2158/3 3068/5640/3 3009/2159/3
f 747/2161/6 746/1971/6 748/1972/6
f 1198/2164/5 1184/5136/5 1182/2162/5
f 1194/2163/5 1199/4846/5 1198/2164/5
f 2991/2165/1 3055/3935/1 3050/2166/1
f 800/2168/2 809/3347/2 858/1278/2
f 102/2169/6 101/161/6 100/2170/6
f 1295/1287/5 3427/3840/5 3426/2172/5
f 863/2174/4 864/5643/4 847/2175/4
f 1816/2176/6 1815/2237/6 1817/2177/6
f 1792/3502/3 1305/5644/3 1271/2179/3
f 1271/2179/3 1950/131/3 1951/2180/3
f 1784/2181/3 1792/3502/3 1271/2179/3
f 2880/2182/4 3015/69/4 3012/711/4
f 852/2184/2 851/5645/2 924/1713/2
f 1725/2185/4 1726/3224/4 1727/2186/4
f 1632/2187/5 1633/5646/5 1513/1581/5
f 2106/1321/6 2098/5647/6 2097/5648/6
f 2096/2189/6 2110/5649/6 2109/5650/6
f 2106/1321/6 2097/5648/6 2096/2189/6
f 2096/2189/6 2109/5650/6 2105/1320/6
f 548/2190/4 549/1470/4 93/2191/4
f 538/2193/2 591/2795/2 529/809/2
f 3750/2194/1 3751/3914/1 3761/1490/1
f 1913/1914/5 2072/5412/5 2071/1540/5
f 1693/439/5 3453/3071/5 3454/40/5
f 3597/546/5 3596/545/5 3581/2197/5
f 3581/2197/5 3614/2060/5 3615/2198/5
f 796/308/4 839/306/4 840/1745/4
f 1144/878/2 1105/3016/2 1106/1001/2
f 1901/2202/6 1899/3685/6 1900/3684/6
f 1895/2200/6 1894/5651/6 1890/2201/6
f 1901/2202/6 1900/3684/6 1895/2200/6
f 439/5652/5 586/5653/5 653/5654/5
f 653/5654/5 880/5655/5 941/5656/5
f 941/5656/5 944/5657/5 949/5658/5
f 948/5659/5 886/5660/5 885/5661/5
f 941/5656/5 949/5658/5 948/5659/5
f 653/5654/5 941/5656/5 948/5659/5
f 885/5661/5 820/3053/5 764/5662/5
f 653/5654/5 948/5659/5 885/5661/5
f 256/2205/5 376/5663/5 439/5652/5
f 439/5652/5 653/5654/5 885/5661/5
f 885/5661/5 764/5662/5 763/5664/5
f 763/5664/5 708/5665/5 707/5666/5
f 707/5666/5 658/5667/5 657/5668/5
f 657/5668/5 590/5669/5 589/2203/5
f 589/2203/5 536/5670/5 535/5671/5
f 535/5671/5 496/5672/5 495/5673/5
f 495/5673/5 444/5674/5 443/5675/5
f 443/5675/5 381/5676/5 380/5677/5
f 380/5677/5 326/5678/5 325/2204/5
f 325/2204/5 288/5679/5 287/5680/5
f 287/5680/5 258/5681/5 256/2205/5
f 256/2205/5 439/5652/5 885/5661/5
f 885/5661/5 763/5664/5 707/5666/5
f 707/5666/23 657/5668/23 589/2203/23
f 535/5671/1 495/5673/1 443/5675/1
f 885/5661/5 707/5666/5 589/2203/5
f 589/2203/2 535/5671/2 443/5675/2
f 443/5675/5 380/5677/5 325/2204/5
f 325/2204/5 287/5680/5 256/2205/5
f 256/2205/5 885/5661/5 589/2203/5
f 589/2203/5 443/5675/5 325/2204/5
f 2738/2206/6 2741/852/6 2739/854/6
f 3756/2207/6 3755/5682/6 3757/2088/6
f 1082/2208/3 1098/1303/3 1097/2209/3
f 2471/2210/6 2467/4783/6 2469/729/6
f 2462/1764/6 2472/3235/6 2471/2210/6
f 2983/1570/1 2986/1888/1 2976/2211/1
f 313/29/4 352/2276/4 353/2213/4
f 2232/2216/6 2230/5683/6 2231/5684/6
f 2227/2215/6 2226/5685/6 2228/2311/6
f 2232/2216/6 2231/5684/6 2227/2215/6
f 2243/1392/6 2244/4165/6 2232/2216/6
f 2227/2215/6 2228/2311/6 2243/1392/6
f 179/1510/4 343/1508/4 341/2217/4
f 4052/2219/4 4053/533/4 4054/2011/4
f 3343/2009/6 3338/732/6 3341/170/6
f 1639/2202/5 1638/113/5 1527/2220/5
f 3612/2222/3 3620/5686/3 3621/4796/3
f 3611/2223/3 3664/5015/3 3663/5687/3
f 3663/5687/3 3676/5016/3 3677/5688/3
f 3663/5687/3 3677/5688/3 3640/2221/3
f 3612/2222/3 3621/4796/3 3611/2223/3
f 3611/2223/3 3663/5687/3 3640/2221/3
f 2644/2008/1 2645/2110/1 2643/2224/1
f 1712/416/6 1714/790/6 1713/2226/6
f 2743/1727/4 2886/1725/4 2881/2228/4
f 3805/2230/4 3806/237/4 3733/1248/4
f 426/2232/2 361/3033/2 362/2233/2
f 3458/2235/5 1338/5689/5 1332/1257/5
f 1277/2237/4 1284/2533/4 3430/2238/4
f 132/2240/2 139/1994/2 155/2241/2
f 1507/1233/1 1506/2637/1 1343/814/1
f 3452/2243/3 3457/482/3 1332/483/3
f 3863/2245/5 3865/4072/5 3920/2246/5
f 2490/5690/1 2480/5691/1 2324/5692/1
f 2326/5693/1 2169/5694/1 2170/2248/1
f 2490/5690/1 2324/5692/1 2326/5693/1
f 2682/5695/1 2679/5696/1 2490/5690/1
f 1501/5697/1 2493/5698/1 2491/2249/1
f 2491/2249/1 2682/5695/1 2490/5690/1
f 2490/5690/1 2326/5693/1 2170/2248/1
f 2170/2248/1 1699/5699/1 1471/657/1
f 1471/657/1 1501/5697/1 2491/2249/1
f 2491/2249/1 2490/5690/1 2170/2248/1
f 395/2250/2 461/2112/2 375/1175/2
f 2486/1464/1 2487/1463/1 2476/2252/1
f 2397/5700/3 2250/2504/3 2072/5701/3
f 2397/5700/3 2072/5701/3 2243/2253/3
f 2884/5702/3 2889/5703/3 2384/2255/3
f 2384/2255/3 2397/5700/3 2243/2253/3
f 2228/2254/3 2884/5702/3 2384/2255/3
f 3136/2256/6 3138/3613/6 3143/2257/6
f 3213/5704/5 3211/3268/5 3112/2259/5
f 3112/2259/5 3114/5705/5 3171/2260/5
f 3172/2261/5 3213/5704/5 3112/2259/5
f 2144/5706/4 2159/5707/4 2463/5708/4
f 2457/5709/4 2643/5710/4 2633/5711/4
f 2144/5706/4 2463/5708/4 2457/5709/4
f 1811/5712/4 1992/5713/4 1989/5714/4
f 2144/5706/4 2457/5709/4 2633/5711/4
f 1805/2264/4 1811/5712/4 1989/5714/4
f 1989/5714/4 2144/5706/4 2633/5711/4
f 2447/2262/4 2440/5715/4 2137/5716/4
f 1989/5714/4 2633/5711/4 2447/2262/4
f 1308/2263/4 1321/5717/4 1805/2264/4
f 1805/2264/4 1989/5714/4 2447/2262/4
f 2447/2262/4 2137/5716/4 1308/2263/4
f 1013/2265/6 1012/5718/6 1011/2266/6
f 1637/1386/5 1519/960/5 1522/695/5
f 3677/5719/5 3676/5720/5 3675/5721/5
f 3675/5721/5 3704/5722/5 3702/5723/5
f 3678/5724/5 3679/5725/5 3558/2268/5
f 3675/5721/5 3702/5723/5 3678/5724/5
f 3647/5726/5 3677/5719/5 3675/5721/5
f 3621/5727/5 3620/5728/5 3619/5729/5
f 3647/5726/5 3675/5721/5 3678/5724/5
f 3599/5730/5 3621/5727/5 3619/5729/5
f 3619/5729/5 3647/5726/5 3678/5724/5
f 3558/2268/5 3559/5731/5 3444/2269/5
f 3619/5729/5 3678/5724/5 3558/2268/5
f 3557/5732/5 3566/5733/5 3599/5730/5
f 3599/5730/5 3619/5729/5 3558/2268/5
f 3444/2269/5 3445/5734/5 1317/1033/5
f 3557/5732/5 3599/5730/5 3558/2268/5
f 3544/2270/5 3543/5735/5 3557/5732/5
f 3444/2269/5 1317/1033/5 1320/5736/5
f 3544/2270/5 3557/5732/5 3558/2268/5
f 3444/2269/5 1320/5736/5 3544/2270/5
f 1866/35/6 1877/3581/6 1875/2271/6
f 2980/5737/1 2975/3586/1 2680/2030/1
f 2680/2030/1 2681/2144/1 2834/2273/1
f 2832/2274/1 2980/5737/1 2680/2030/1
f 356/2275/3 355/5738/3 316/2276/3
f 2111/2277/6 2117/5739/6 2118/2278/6
f 3429/2282/6 3436/5740/6 3435/5741/6
f 3426/2280/6 3427/5742/6 3428/823/6
f 3429/2282/6 3435/5741/6 3426/2280/6
f 3431/2281/6 3430/5743/6 3429/2282/6
f 3426/2280/6 3428/823/6 3431/2281/6
f 3840/2284/5 3779/869/5 3741/2283/5
f 3741/2283/3 3775/5744/3 3841/535/3
f 2180/440/1 2182/5745/1 1844/2285/1
f 2155/2286/6 2153/649/6 2154/2287/6
f 3276/2289/4 3314/905/4 3310/903/4
f 1171/1671/2 1150/2175/2 1149/2290/2
f 2004/1809/1 2167/1541/1 2173/1914/1
f 3087/2292/2 3090/3025/2 3091/616/2
f 1967/843/2 1968/842/2 2126/1692/2
f 1831/893/1 2012/892/1 2014/1944/1
f 779/2294/3 780/4617/3 729/2295/3
f 2247/411/3 2237/5400/3 2378/2297/3
f 2386/2298/3 2394/5746/3 2247/411/3
f 2654/1742/2 2663/1053/2 2624/2299/2
f 1110/2300/3 1109/949/3 1089/1206/3
f 362/1501/2 344/1138/2 342/680/2
f 1904/2302/3 1911/2321/3 1420/1743/3
f 1857/5747/1 1366/3812/1 1367/2303/1
f 1367/2303/1 2016/1650/1 2029/2304/1
f 1860/2305/1 1857/5747/1 1367/2303/1
f 1918/356/3 1925/1602/3 1447/1603/3
f 2207/1269/6 2208/2903/6 2209/2306/6
f 3059/2815/6 3060/5748/6 3052/2307/6
f 3052/2307/6 3048/5749/6 3057/2308/6
f 3056/2309/6 3059/2815/6 3052/2307/6
f 1713/2310/3 1264/2726/3 1251/2311/3
f 65/2312/2 64/3146/2 87/2313/2
f 2489/2315/6 2488/318/6 2480/2316/6
f 717/2318/6 716/3117/6 712/2319/6
f 1423/71/4 1912/3903/4 1906/2321/4
f 4059/2322/4 4066/1794/4 4067/1795/4
f 1858/2326/1 1859/5750/1 2028/5751/1
f 2037/2324/1 2024/715/1 1856/716/1
f 1858/2326/1 2028/5751/1 2037/2324/1
f 1368/2325/1 1369/5752/1 1858/2326/1
f 2037/2324/1 1856/716/1 1368/2325/1
f 3059/2327/5 3124/5753/5 3123/3119/5
f 3061/2328/5 3062/5754/5 2999/3565/5
f 3059/2327/5 3123/3119/5 3061/2328/5
f 2995/2329/5 3060/3613/5 3059/2327/5
f 3061/2328/5 2999/3565/5 2995/2329/5
f 25/1393/4 34/5027/4 35/397/4
f 472/2330/2 483/3939/2 511/2331/2
f 2863/1221/5 2998/3027/5 2997/1985/5
f 1718/1638/6 1717/766/6 1715/2334/6
f 1652/750/4 1653/491/4 1547/1649/4
f 474/2336/3 476/1349/3 475/367/3
f 2172/159/5 2328/520/5 2327/911/5
f 2583/2341/6 2591/5755/6 2590/2339/6
f 2585/2340/6 2584/5756/6 2583/2341/6
f 488/2342/2 527/1407/2 521/1990/2
f 438/2343/2 373/2579/2 367/2344/2
f 3530/5757/4 3532/5758/4 3561/2346/4
f 3561/2346/4 3573/5759/4 3606/5760/4
f 3606/5760/4 3605/5761/4 3591/2347/4
f 3583/5762/4 3584/5763/4 3523/5764/4
f 3561/2346/4 3606/5760/4 3591/2347/4
f 3591/2347/4 3583/5762/4 3523/5764/4
f 3523/5764/4 3529/5765/4 3551/2348/4
f 3554/5766/4 3530/5757/4 3561/2346/4
f 3591/2347/4 3523/5764/4 3551/2348/4
f 3551/2348/4 3554/5766/4 3561/2346/4
f 2275/2349/2 2289/5767/2 2136/5768/2
f 2137/2350/2 2291/5769/2 2272/2351/2
f 2275/2349/2 2136/5768/2 2137/2350/2
f 2272/2351/2 2274/5770/2 2275/2349/2
f 304/304/2 280/713/2 271/1934/2
f 3285/2353/2 3282/2452/2 3281/2354/2
f 322/2355/2 284/2667/2 279/2356/2
f 2111/5771/3 2268/5772/3 2285/5773/3
f 2132/2357/3 2138/5774/3 1973/5775/3
f 2117/2359/3 2111/5771/3 2285/5773/3
f 1958/2358/3 1961/5776/3 2117/2359/3
f 1973/5775/3 1792/5777/3 1958/2358/3
f 2117/2359/3 2285/5773/3 2132/2357/3
f 2132/2357/3 1973/5775/3 1958/2358/3
f 1523/2360/5 1528/2303/5 1640/1650/5
f 709/2361/4 710/5778/4 711/2362/4
f 3895/2364/1 3897/3444/1 3898/606/1
f 3157/2365/4 3201/5779/4 3202/2366/4
f 3243/2367/3 3244/5780/3 1260/2368/3
f 3710/198/2 3683/4089/2 3682/277/2
f 1194/2163/1 1193/3420/1 1181/2369/1
f 3455/5781/6 3456/5782/6 3447/5783/6
f 3442/2370/6 3440/5784/6 3435/5785/6
f 3451/5786/6 3455/5781/6 3447/5783/6
f 3458/5787/6 3457/5788/6 3452/5789/6
f 3452/5789/6 3451/5786/6 3447/5783/6
f 3442/2370/6 3435/5785/6 3443/5790/6
f 3452/5789/6 3447/5783/6 3442/2370/6
f 3453/2372/6 3458/5787/6 3452/5789/6
f 3450/5791/6 3454/5792/6 3453/2372/6
f 3443/5790/6 3449/5793/6 3448/2371/6
f 3448/2371/6 3450/5791/6 3453/2372/6
f 3453/2372/6 3452/5789/6 3442/2370/6
f 3442/2370/6 3443/5790/6 3448/2371/6
f 1029/5794/1 1093/5795/1 1120/2373/1
f 1120/2373/1 1121/2345/1 1117/5796/1
f 1116/5797/1 1091/5798/1 550/5799/1
f 1120/2373/1 1117/5796/1 1116/5797/1
f 1028/5800/1 1029/5794/1 1120/2373/1
f 722/2375/1 723/5801/1 1028/5800/1
f 398/5802/1 399/5803/1 722/2375/1
f 164/5804/1 165/5805/1 398/5802/1
f 94/5806/1 95/5807/1 164/5804/1
f 1116/5797/1 550/5799/1 548/2374/1
f 548/2374/1 94/5806/1 164/5804/1
f 164/5804/1 398/5802/1 722/2375/1
f 722/2375/1 1028/5800/1 1120/2373/1
f 1120/2373/1 1116/5797/1 548/2374/1
f 548/2374/1 164/5804/1 722/2375/1
f 3256/2376/5 3257/319/5 3295/2377/5
f 2691/2380/5 2831/5808/5 2830/2379/5
f 2830/2379/6 2689/1073/6 2688/1074/6
f 1468/617/4 3502/618/4 3499/2381/4
f 2595/2383/3 2596/3522/3 2899/2384/3
f 2899/2384/3 2904/2536/3 2763/2385/3
f 2763/2385/3 2611/5809/3 2595/2383/3
f 1164/2386/2 1163/5810/2 1126/657/2
f 1869/2388/6 1866/483/6 1867/2244/6
f 2293/2392/4 1976/5811/4 1974/2390/4
f 2139/2391/4 2297/5812/4 2293/2392/4
f 48/2393/2 24/2607/2 17/1199/2
f 1381/924/5 1376/1971/5 1867/2394/5
f 68/2396/3 66/3842/3 67/2397/3
f 1224/2399/3 1223/5813/3 1210/1387/3
f 492/666/2 437/665/2 431/2400/2
f 1063/2401/6 1066/2735/6 1065/2402/6
f 27/2404/2 57/2664/2 51/2405/2
f 2903/1545/6 2904/1546/6 2899/1035/6
f 2949/1255/1 3037/1254/1 3034/2407/1
f 3506/784/6 3505/3845/6 3508/2408/6
f 2373/5814/5 2539/5815/5 2538/5816/5
f 2375/2409/5 2376/5817/5 1530/2410/5
f 2373/5814/5 2538/5816/5 2375/2409/5
f 2054/5818/5 2374/4659/5 2373/5814/5
f 2219/5819/5 2056/5820/5 2054/5818/5
f 1395/5309/5 1393/5821/5 2220/2411/5
f 2219/5819/5 2054/5818/5 2373/5814/5
f 2220/2411/5 2219/5819/5 2373/5814/5
f 1530/2410/5 1531/5822/5 1395/5309/5
f 2220/2411/5 2373/5814/5 2375/2409/5
f 1530/2410/5 1395/5309/5 2220/2411/5
f 150/196/4 151/197/4 114/2412/4
f 1542/2414/4 1543/3955/4 1700/2415/4
f 1009/2417/6 1008/5823/6 1007/2418/6
f 3414/342/5 3424/1304/5 3422/1362/5
f 2155/2421/5 2143/24/5 2309/23/5
f 3393/2422/5 3410/5824/5 3409/1180/5
f 2078/5825/5 2250/5826/5 2397/5827/5
f 2398/5828/5 2565/5829/5 2566/5830/5
f 2249/5831/5 2078/5825/5 2397/5827/5
f 2080/2695/5 2086/5832/5 2251/5833/5
f 2251/5833/5 2249/5831/5 2397/5827/5
f 2398/5828/5 2566/5830/5 2400/5834/5
f 2251/5833/5 2397/5827/5 2398/5828/5
f 2252/5835/5 2080/2695/5 2251/5833/5
f 1930/5836/5 2079/2693/5 2254/2425/5
f 2252/5835/5 2251/5833/5 2398/5828/5
f 2081/5837/5 1930/5836/5 2254/2425/5
f 2254/2425/5 2252/5835/5 2398/5828/5
f 2400/5834/5 2402/5838/5 2253/2423/5
f 2254/2425/5 2398/5828/5 2400/5834/5
f 2082/2424/5 2081/5837/5 2254/2425/5
f 2253/2423/5 2255/5839/5 2082/2424/5
f 2254/2425/5 2400/5834/5 2253/2423/5
f 3761/506/2 3751/505/2 3752/2426/2
f 1244/2428/4 1250/5840/4 1248/2429/4
f 4030/2431/5 4025/1939/5 4045/732/5
f 1771/2432/5 1942/3443/5 1940/2433/5
f 3624/2435/2 3651/5841/2 3646/2436/2
f 2056/2438/3 2219/2288/3 2225/2286/3
f 2614/2010/4 2615/3150/4 2603/2440/4
f 3265/2442/3 3271/3742/3 1685/2443/3
f 3650/539/6 3648/3/6 3649/694/6
f 1074/2444/6 1073/3973/6 1071/1548/6
f 3972/1736/2 3977/495/2 3949/493/2
f 3786/2446/6 3788/3513/6 3787/2447/6
f 549/2448/6 548/5842/6 550/2449/6
f 1955/1329/5 2124/4094/5 2122/2450/5
f 3284/751/6 3283/5019/6 3282/2452/6
f 2439/2455/4 2446/2187/4 2630/2453/4
f 2630/2453/4 2783/3696/4 2784/3251/4
f 2619/2454/4 2620/4926/4 2439/2455/4
f 2630/2453/4 2784/3251/4 2619/2454/4
f 2586/2458/1 2571/4105/1 2572/2456/1
f 2591/2457/1 2583/5843/1 2586/2458/1
f 91/2459/4 86/3074/4 33/2460/4
f 3583/2464/1 3602/3389/1 3656/5844/1
f 3656/5844/1 3652/3975/1 3601/2462/1
f 3601/2462/1 3600/5411/1 3576/5845/1
f 3576/5845/1 3577/5846/1 3586/2463/1
f 3583/2464/1 3656/5844/1 3601/2462/1
f 3601/2462/1 3576/5845/1 3586/2463/1
f 3061/2377/2 3134/3178/2 3068/1179/2
f 258/2465/6 257/116/6 255/2466/6
f 3698/2468/3 3706/1172/3 3648/5847/3
f 3648/5847/3 3650/2845/3 3669/2469/3
f 3669/2469/3 3672/5380/3 3737/1506/3
f 3737/1506/3 3736/5848/3 3698/2468/3
f 3698/2468/3 3648/5847/3 3669/2469/3
f 1941/1821/6 1940/1425/6 1942/993/6
f 3323/583/1 3351/4643/1 3354/2470/1
f 426/5849/1 571/5850/1 637/5851/1
f 637/5851/1 873/5852/1 938/5853/1
f 938/5853/1 939/5854/1 935/5855/1
f 934/5856/1 871/5857/1 870/5858/1
f 938/5853/1 935/5855/1 934/5856/1
f 637/5851/1 938/5853/1 934/5856/1
f 870/5858/1 805/5859/1 748/5860/1
f 637/5851/1 934/5856/1 870/5858/1
f 249/2474/1 361/5861/1 426/5849/1
f 426/5849/1 637/5851/1 870/5858/1
f 870/5858/1 748/5860/1 746/5862/1
f 746/5862/1 692/5863/1 690/5864/1
f 690/5864/1 635/5865/1 633/5866/1
f 633/5866/1 570/5867/1 568/2472/1
f 568/2472/1 520/5868/1 518/5869/1
f 518/5869/1 480/5870/1 478/5871/1
f 478/5871/1 424/5872/1 422/5873/1
f 422/5873/1 360/5874/1 358/5875/1
f 358/5875/1 310/5876/1 308/2473/1
f 308/2473/1 276/5877/1 274/5878/1
f 274/5878/1 248/5879/1 249/2474/1
f 249/2474/1 426/5849/1 870/5858/1
f 870/5858/1 746/5862/1 690/5864/1
f 690/5864/28 633/5866/28 568/2472/28
f 518/5869/5 478/5871/5 422/5873/5
f 870/5858/1 690/5864/1 568/2472/1
f 568/2472/2 518/5869/2 422/5873/2
f 422/5873/1 358/5875/1 308/2473/1
f 308/2473/1 274/5878/1 249/2474/1
f 249/2474/1 870/5858/1 568/2472/1
f 568/2472/1 422/5873/1 308/2473/1
f 3027/649/6 3026/647/6 3028/2475/6
f 3419/1352/6 3418/1351/6 3420/1229/6
f 1373/17/1 1374/5880/1 1861/2476/1
f 1861/2476/1 1862/5881/1 2030/2494/1
f 2041/5882/1 2040/5883/1 1869/2477/1
f 1861/2476/1 2030/2494/1 2041/5882/1
f 1869/2477/1 1868/5884/1 1373/17/1
f 1861/2476/1 2041/5882/1 1869/2477/1
f 1672/1648/5 1673/4214/5 1573/2478/5
f 2786/2480/3 2785/4663/3 2629/670/3
f 120/2481/3 119/1184/3 88/1531/3
f 818/522/2 759/2342/2 753/192/2
f 328/2483/2 382/3472/2 319/2484/2
f 330/1312/4 389/1191/4 390/1192/4
f 2399/5885/5 2391/5886/5 2558/5750/5
f 2557/2487/5 2893/5887/5 2894/2488/5
f 2399/5885/5 2558/5750/5 2557/2487/5
f 2894/2488/5 2562/1681/5 2560/2489/5
f 2560/2489/5 2399/5885/5 2557/2487/5
f 1327/2131/1 1807/484/1 1809/2490/1
f 1097/2491/2 1098/3248/2 1127/253/2
f 2400/2492/4 2566/1595/4 2563/1596/4
f 2193/2495/5 2196/5888/5 2044/2493/5
f 2030/2494/5 2041/5882/5 2193/2495/5
f 4060/2496/2 4063/1726/2 4075/2272/2
f 3120/2497/4 3189/1142/4 3190/1144/4
f 341/2498/1 337/4113/1 175/1323/1
f 614/2022/3 613/5889/3 342/2500/3
f 1718/2504/4 1716/5890/4 1709/5891/4
f 1710/2502/4 1301/5892/4 1302/2503/4
f 1718/2504/4 1709/5891/4 1710/2502/4
f 2152/1973/4 2306/1462/4 2307/1464/4
f 75/1421/2 77/4232/2 103/1732/2
f 3366/2506/3 3365/959/3 3339/1589/3
f 1908/438/6 1905/436/6 1906/2165/6
f 3048/2508/6 3044/2091/6 3038/2482/6
f 380/72/3 379/4279/3 323/2510/3
f 3647/2512/2 3639/1317/2 3640/47/2
f 1380/2513/5 1876/4945/5 1875/2125/5
f 3999/2515/6 3996/1350/6 3997/1352/6
f 748/2516/4 805/3948/4 806/2517/4
f 2035/2519/3 2046/5893/3 1873/2520/3
f 2107/2522/5 2106/4977/5 2105/1322/5
f 1283/2524/5 1293/5894/5 3277/942/5
f 3104/1476/6 3103/1661/6 3102/1479/6
f 1608/2526/1 1489/2864/1 1490/2527/1
f 1572/2528/5 1671/141/5 1670/421/5
f 4099/2530/6 4098/297/6 4100/299/6
f 2637/846/3 2789/3264/3 2800/2532/3
f 1278/2533/3 3432/2238/3 3433/2534/3
f 340/1323/3 339/2499/3 176/535/3
f 239/2250/2 193/2251/2 194/990/2
f 2269/2537/1 2428/3226/1 2412/2538/1
f 676/2539/3 842/5895/3 841/2540/3
f 66/5896/5 88/5897/5 119/5898/5
f 119/5898/5 153/5899/5 152/5900/5
f 152/5900/5 162/5901/5 197/5902/5
f 197/5902/5 237/5903/5 236/5904/5
f 236/5904/5 260/5905/5 292/5906/5
f 292/5906/5 332/5907/5 331/5908/5
f 331/5908/5 387/5909/5 386/5910/5
f 386/5910/5 450/5911/5 449/5912/5
f 449/5912/5 502/5913/5 501/5914/5
f 501/5914/5 542/5915/5 541/5916/5
f 541/5916/5 596/5917/5 595/5918/5
f 595/5918/5 664/5919/5 663/5920/5
f 663/5920/5 714/5921/5 713/5922/5
f 713/5922/5 769/5923/5 768/5924/5
f 768/5924/5 825/5925/5 824/2541/5
f 824/2541/5 891/5926/5 890/5927/5
f 893/2542/5 951/5928/5 952/5929/5
f 824/2541/5 890/5927/5 893/2542/5
f 713/5922/5 768/5924/5 824/2541/5
f 595/5918/5 663/5920/5 713/5922/5
f 541/5916/1 595/5918/1 713/5922/1
f 952/5929/5 989/5930/5 990/5931/5
f 990/5931/5 899/5932/5 958/5933/5
f 990/5931/5 958/5933/5 957/5934/5
f 990/5931/5 957/5934/5 955/5935/5
f 955/5935/5 954/5936/5 896/2543/5
f 896/2543/5 895/5937/5 827/5938/5
f 771/5939/5 772/5940/5 712/5941/5
f 712/5941/5 716/5942/5 662/5943/5
f 662/5943/5 666/5944/5 594/5945/5
f 594/5945/5 598/5946/5 540/5947/5
f 540/5947/5 544/5948/5 500/5949/5
f 500/5949/5 504/5950/5 448/5951/5
f 448/5951/5 452/5952/5 385/5953/5
f 385/5953/5 389/5954/5 330/5955/5
f 330/5955/5 334/5956/5 291/5957/5
f 291/5957/5 294/5958/5 261/5959/5
f 263/5960/5 393/5961/5 392/5962/5
f 330/5955/29 291/5957/29 261/5959/29
f 263/5960/5 392/5962/5 199/5963/5
f 385/5953/5 330/5955/5 261/5959/5
f 261/5959/5 263/5960/5 199/5963/5
f 199/5963/5 200/5964/5 89/5965/5
f 89/5965/5 90/5966/5 37/5967/5
f 37/5967/5 39/5968/5 38/5969/5
f 38/5969/5 67/5970/5 66/5896/5
f 119/5898/5 152/5900/5 197/5902/5
f 38/5969/5 66/5896/5 119/5898/5
f 89/5965/5 37/5967/5 38/5969/5
f 261/5959/5 199/5963/5 89/5965/5
f 385/5953/5 261/5959/5 89/5965/5
f 89/5965/5 38/5969/5 119/5898/5
f 197/5902/5 236/5904/5 292/5906/5
f 89/5965/5 119/5898/5 197/5902/5
f 448/5951/5 385/5953/5 89/5965/5
f 594/5945/30 540/5947/30 500/5949/30
f 500/5949/5 448/5951/5 89/5965/5
f 89/5965/5 197/5902/5 292/5906/5
f 331/5908/31 386/5910/31 449/5912/31
f 500/5949/5 89/5965/5 292/5906/5
f 331/5908/32 449/5912/32 501/5914/32
f 500/5949/5 292/5906/5 331/5908/5
f 662/5943/5 594/5945/5 500/5949/5
f 771/5939/5 712/5941/5 662/5943/5
f 662/5943/5 500/5949/5 331/5908/5
f 501/5914/5 541/5916/5 713/5922/5
f 662/5943/5 331/5908/5 501/5914/5
f 771/5939/5 662/5943/5 501/5914/5
f 771/5939/5 501/5914/5 713/5922/5
f 771/5939/5 713/5922/5 824/2541/5
f 952/5929/5 990/5931/5 955/5935/5
f 952/5929/5 955/5935/5 896/2543/5
f 827/5938/5 771/5939/5 824/2541/5
f 893/2542/5 952/5929/5 896/2543/5
f 896/2543/5 827/5938/5 824/2541/5
f 3000/2544/5 3066/1267/5 3067/1052/5
f 2658/2540/5 2655/5895/5 2816/2545/5
f 2788/2546/1 2917/1285/1 2928/1286/1
f 2114/489/6 2113/1756/6 2115/830/6
f 517/1468/6 519/5094/6 518/2548/6
f 381/2550/3 443/4135/3 442/2551/3
f 2749/1948/4 2747/26/4 2892/2553/4
f 2108/2555/1 2110/179/1 2096/2556/1
f 2984/1932/1 2988/5971/1 2989/2557/1
f 2351/520/5 2521/4902/5 2524/910/5
f 3532/2559/3 3538/3867/3 3491/1936/3
f 986/5972/1 985/5973/1 932/5974/1
f 932/5974/1 922/5975/1 868/2561/1
f 868/2561/1 867/5976/1 865/5977/1
f 804/5978/1 802/5979/1 744/2562/1
f 868/2561/1 865/5977/1 804/5978/1
f 868/2561/1 804/5978/1 744/2562/1
f 744/2562/1 742/5980/1 688/5981/1
f 688/5981/1 686/5982/1 631/5983/1
f 631/5983/1 629/5984/1 566/5985/1
f 566/5985/1 564/5986/1 516/5987/1
f 516/5987/1 514/5988/1 476/5989/1
f 476/5989/1 474/5990/1 420/5991/1
f 420/5991/1 418/5992/1 356/5993/1
f 356/5993/1 354/5994/1 306/5995/1
f 306/5995/1 304/5996/1 272/5997/1
f 272/5997/1 246/5998/1 220/5999/1
f 220/5999/1 218/6000/1 183/6001/1
f 183/6001/1 156/6002/1 136/6003/1
f 136/6003/1 134/6004/1 108/6005/1
f 108/6005/1 79/6006/1 50/6007/1
f 50/6007/1 48/6008/1 18/6009/1
f 18/6009/1 15/6010/1 10/1950/1
f 10/1950/1 76/6011/1 80/6012/1
f 80/6012/1 178/6013/1 184/6014/1
f 184/6014/1 344/6015/1 362/6016/1
f 184/6014/1 362/6016/1 250/6017/1
f 18/6009/1 10/1950/1 80/6012/1
f 80/6012/1 184/6014/1 250/6017/1
f 247/6018/1 275/6019/1 273/6020/1
f 80/6012/1 250/6017/1 247/6018/1
f 50/6007/1 18/6009/1 80/6012/1
f 183/6001/1 136/6003/1 108/6005/1
f 108/6005/1 50/6007/1 80/6012/1
f 80/6012/1 247/6018/1 273/6020/1
f 273/6020/1 309/6021/1 307/6022/1
f 307/6022/1 359/6023/1 357/6024/1
f 357/6024/1 423/6025/1 421/6026/1
f 421/6026/1 479/6027/1 477/6028/1
f 477/6028/1 519/6029/1 517/6030/1
f 517/6030/1 569/6031/1 567/6032/1
f 567/6032/1 634/6033/1 632/6034/1
f 632/6034/1 691/6035/1 689/6036/1
f 689/6036/1 747/6037/1 745/6038/1
f 806/6039/1 869/6040/1 872/2563/1
f 632/6034/1 689/6036/1 745/6038/1
f 477/6028/33 517/6030/33 567/6032/33
f 421/6026/34 477/6028/34 567/6032/34
f 421/6026/35 567/6032/35 632/6034/35
f 273/6020/6 307/6022/6 357/6024/6
f 357/6024/1 421/6026/1 632/6034/1
f 80/6012/1 273/6020/1 357/6024/1
f 183/6001/1 108/6005/1 80/6012/1
f 272/5997/1 220/5999/1 183/6001/1
f 420/5991/6 356/5993/6 306/5995/6
f 272/5997/1 183/6001/1 80/6012/1
f 476/5989/36 420/5991/36 306/5995/36
f 272/5997/1 80/6012/1 357/6024/1
f 476/5989/1 306/5995/1 272/5997/1
f 476/5989/1 272/5997/1 357/6024/1
f 476/5989/1 357/6024/1 632/6034/1
f 516/5987/1 476/5989/1 632/6034/1
f 516/5987/1 632/6034/1 745/6038/1
f 688/5981/1 631/5983/1 566/5985/1
f 566/5985/1 516/5987/1 745/6038/1
f 688/5981/1 566/5985/1 745/6038/1
f 937/6041/1 874/6042/1 986/5972/1
f 940/6043/1 937/6041/1 986/5972/1
f 936/6044/1 940/6043/1 986/5972/1
f 872/2563/1 933/6045/1 936/6044/1
f 936/6044/1 986/5972/1 932/5974/1
f 744/2562/1 688/5981/1 745/6038/1
f 744/2562/1 745/6038/1 806/6039/1
f 936/6044/1 932/5974/1 868/2561/1
f 744/2562/1 806/6039/1 872/2563/1
f 872/2563/1 936/6044/1 868/2561/1
f 3329/791/5 3357/4819/5 3356/2012/5
f 3356/2012/5 3292/1125/5 3294/2564/5
f 673/2565/2 719/1430/2 651/1432/2
f 127/2567/4 208/6046/4 209/2568/4
f 2643/1116/2 2645/1115/2 2636/815/2
f 206/2569/3 126/6047/3 89/2570/3
f 112/2412/2 107/2413/2 108/1615/2
f 3107/2571/4 3165/3456/4 3158/2572/4
f 1495/1281/6 1472/991/6 1827/1466/6
f 2541/1750/5 2545/6048/5 2740/6049/5
f 2740/6049/5 2745/6050/5 2881/2574/5
f 2881/2574/5 2882/109/5 2739/2575/5
f 2739/2575/5 2741/973/5 2541/1750/5
f 2541/1750/5 2740/6049/5 2881/2574/5
f 2491/2317/6 2493/2036/6 2492/2225/6
f 3694/2576/2 3663/279/2 3664/2577/2
f 931/2579/2 921/2266/2 917/2580/2
f 928/189/2 855/3455/2 856/2582/2
f 1746/1203/6 1742/1871/6 1745/2584/6
f 175/2586/1 167/4293/1 73/1403/1
f 1314/2588/1 1479/3542/1 1476/2589/1
f 1225/2591/4 1226/1534/4 1213/1535/4
f 908/1512/3 910/4062/3 909/2507/3
f 2049/2288/6 2051/2287/6 2052/353/6
f 735/2154/3 736/1864/3 681/2595/3
f 3352/2090/6 3353/1183/6 3356/1481/6
f 3356/1481/6 3357/6051/6 3350/2596/6
f 3350/2596/6 3351/6052/6 3352/2090/6
f 470/2597/3 507/591/3 508/2598/3
f 1373/924/3 1868/2395/3 1867/2599/3
f 1886/2601/6 1884/124/6 1885/122/6
f 3790/2603/3 3791/41/3 3792/42/3
f 721/2604/3 722/315/3 399/2605/3
f 1172/1199/4 1173/1197/4 1174/2606/4
f 1111/2592/4 1112/1535/4 1058/2608/4
f 796/850/2 838/851/2 792/1900/2
f 1698/2611/5 1827/2533/5 1472/2535/5
f 3513/849/6 3512/848/6 3514/958/6
f 3085/1021/1 3145/1662/1 3152/1663/1
f 520/2613/4 568/1314/4 569/1315/4
f 821/2615/4 822/2861/4 823/2616/4
f 658/1286/6 655/744/6 656/742/6
f 2286/60/4 2271/1806/4 2270/1807/4
f 2286/60/4 2270/1807/4 2125/6053/4
f 1955/2619/4 1964/59/4 2286/60/4
f 2286/60/4 2125/6053/4 2124/2618/4
f 4053/2229/2 4059/1727/2 4065/1842/2
f 2223/2323/6 2221/1795/6 2222/2620/6
f 1792/193/2 1973/6054/2 1800/5336/2
f 1801/2622/2 1796/3652/2 1793/2623/2
f 1792/193/2 1800/5336/2 1801/2622/2
f 2675/1/5 2825/4248/5 2824/2624/5
f 2957/1870/2 2819/1596/2 2814/513/2
f 1541/540/3 1348/5468/3 1349/1018/3
f 451/1714/3 449/1118/3 450/2073/3
f 3428/2626/3 3427/2239/3 1295/2237/3
f 3287/2627/6 3290/321/6 3289/320/6
f 2343/2628/5 2501/2881/5 2500/1677/5
f 1593/1455/4 1580/1456/4 1412/2629/4
f 2368/1337/3 2369/1339/3 2217/260/3
f 3356/1837/4 3353/1838/4 3283/2631/4
f 3283/2631/4 3284/6055/4 3241/6056/4
f 3241/6056/4 3251/3504/4 3286/2632/4
f 3286/2632/4 3292/6057/4 3356/1837/4
f 3283/2631/4 3241/6056/4 3286/2632/4
f 1907/2633/5 2066/3790/5 2065/2634/5
f 4073/2636/4 4090/756/4 4091/758/4
f 1515/2360/5 1370/1233/5 1375/2637/5
f 1466/6058/5 1929/6059/5 2090/2638/5
f 2090/2638/5 2091/2123/5 1931/2639/5
f 1931/2639/5 1932/734/5 1450/735/5
f 1450/735/5 1466/6058/5 2090/2638/5
f 2981/32/3 2836/4262/3 2829/2640/3
f 3540/2641/1 3560/5125/1 3556/1497/1
f 3425/1362/3 3424/1364/3 3414/2643/3
f 1170/2644/3 1169/47/3 1168/2645/3
f 3709/2647/5 3745/247/5 3744/246/5
f 2647/2649/3 2933/3503/3 2948/6060/3
f 2814/2650/3 2819/6061/3 2820/2651/3
f 2647/2649/3 2948/6060/3 2814/2650/3
f 1988/6062/3 1987/6063/3 1998/6064/3
f 1809/6065/3 1988/6062/3 1998/6064/3
f 1374/2654/3 1326/6066/3 1809/6065/3
f 1838/6067/3 1861/6068/3 1374/2654/3
f 2014/1369/3 2013/6069/3 1838/6067/3
f 1830/2653/3 2014/1369/3 1838/6067/3
f 1809/6065/3 1998/6064/3 1818/2652/3
f 1830/2653/3 1838/6067/3 1374/2654/3
f 1374/2654/3 1809/6065/3 1818/2652/3
f 1797/6070/3 1807/6071/3 1327/6072/3
f 1967/6073/3 2131/6074/3 2129/6075/3
f 2130/6076/3 2288/6077/3 2298/2656/3
f 1967/6073/3 2129/6075/3 2130/6076/3
f 1797/6070/3 1327/6072/3 1303/6078/3
f 1794/6079/3 1797/6070/3 1303/6078/3
f 1967/6073/3 2130/6076/3 2298/2656/3
f 1794/6079/3 1303/6078/3 1967/6073/3
f 1966/2655/3 1794/6079/3 1967/6073/3
f 2298/2656/3 1979/6080/3 1980/2657/3
f 1966/2655/3 1967/6073/3 2298/2656/3
f 61/1758/3 62/2495/3 54/2658/3
f 3546/6081/4 3544/6082/4 1320/2659/4
f 1320/2659/4 1325/3534/4 3454/2660/4
f 3450/2661/4 3546/6081/4 1320/2659/4
f 804/2518/3 803/2516/3 754/2662/3
f 74/2664/1 169/1753/1 176/2665/1
f 318/2666/2 369/242/2 363/2667/2
f 862/2668/3 861/5691/3 844/2669/3
f 3628/2671/2 3600/6083/2 3601/2672/2
f 1086/2674/6 1085/6084/6 1083/2675/6
f 3395/941/5 3394/3916/5 3393/2676/5
f 2686/2090/6 2705/5749/6 2704/6085/6
f 2683/2678/6 2684/6086/6 2685/511/6
f 2686/2090/6 2704/6085/6 2683/2678/6
f 2683/2678/6 2685/511/6 2675/2679/6
f 2655/2907/2 2648/6087/2 2647/6088/2
f 2647/6088/2 2820/4273/2 2818/2681/2
f 2818/2681/2 2826/6089/2 2693/2682/2
f 2690/3917/2 2678/3129/2 2674/1836/2
f 2655/2907/2 2647/6088/2 2818/2681/2
f 2665/2909/2 2655/2907/2 2818/2681/2
f 2693/2682/2 2690/3917/2 2674/1836/2
f 2672/2680/2 2665/2909/2 2818/2681/2
f 2693/2682/2 2674/1836/2 2672/2680/2
f 2905/1872/3 2906/597/3 2766/598/3
f 3382/2684/5 3381/3703/5 3380/1553/5
f 2173/2685/2 2167/14/2 2163/15/2
f 3735/2687/6 3734/310/6 3732/311/6
f 3010/2689/5 3074/6090/5 3075/2690/5
f 1394/2692/5 1534/3499/5 1535/1606/5
f 2079/2693/5 1930/5836/5 1927/2694/5
f 2691/2007/2 2688/1308/2 2687/1096/2
f 3077/2697/3 3072/3040/3 3136/206/3
f 3834/2700/3 3841/2022/3 3775/6091/3
f 3776/2698/3 3810/6092/3 3811/2699/3
f 3834/2700/3 3775/6091/3 3776/2698/3
f 3811/2699/3 3835/6093/3 3834/2700/3
f 1031/2701/4 1032/1215/4 1061/2702/4
f 1729/1871/2 1732/2584/2 1744/2704/2
f 2479/2705/2 2325/1164/2 2318/2706/2
f 1072/175/3 1071/2015/3 1053/216/3
f 1132/669/4 1133/667/4 1134/2708/4
f 3456/2709/3 1329/4235/3 1315/1735/3
f 2610/2711/6 2597/3157/6 2596/1082/6
f 2595/2710/6 2611/6094/6 2610/2711/6
f 2601/2712/4 2602/472/4 2585/473/4
f 3822/2713/4 3846/4127/4 3847/1839/4
f 2000/2291/1 2171/1914/1 2166/1916/1
f 3050/6095/6 3055/6096/6 3067/6097/6
f 3066/2716/6 3071/3728/6 3070/3005/6
f 3046/6098/6 3051/6099/6 3050/6095/6
f 3054/6100/6 3053/6101/6 3046/6098/6
f 3064/6102/6 3063/6103/6 3058/2718/6
f 3054/6100/6 3046/6098/6 3050/6095/6
f 3065/2717/6 3064/6102/6 3058/2718/6
f 3054/6100/6 3050/6095/6 3067/6097/6
f 3058/2718/6 3054/6100/6 3067/6097/6
f 3066/2716/6 3070/3005/6 3065/2717/6
f 3058/2718/6 3067/6097/6 3066/2716/6
f 3462/1798/1 3518/1907/1 3519/2697/1
f 2555/2720/4 2553/1825/4 2748/1890/4
f 3560/2703/6 3559/1906/6 3558/1982/6
f 1485/2722/1 1486/210/1 1607/2723/1
f 1781/6104/6 1779/6105/6 1780/3589/6
f 1780/3589/6 1787/3423/6 1786/6106/6
f 1780/3589/6 1786/6106/6 1783/6107/6
f 1781/6104/6 1780/3589/6 1783/6107/6
f 1782/2725/6 1785/6108/6 1710/2310/6
f 1781/6104/6 1783/6107/6 1782/2725/6
f 1709/2726/6 1778/6109/6 1777/2724/6
f 1777/2724/6 1781/6104/6 1782/2725/6
f 1782/2725/6 1710/2310/6 1709/2726/6
f 686/2727/3 688/2963/3 687/2728/3
f 3587/352/5 3631/4560/5 3630/2730/5
f 1495/887/3 1494/2692/3 1501/1608/3
f 1501/1608/3 1471/2097/3 1470/2732/3
f 1472/2733/3 1495/887/3 1501/1608/3
f 2073/872/5 2234/902/5 2233/900/5
f 1022/2734/6 1021/6110/6 1019/2402/6
f 1390/2310/1 3465/6111/1 1475/1391/1
f 2462/2315/5 2651/6112/5 2650/2224/5
f 1887/6113/6 1888/6114/6 1884/6115/6
f 1884/6115/6 1889/2665/6 1893/2737/6
f 1893/2737/6 1898/6116/6 1902/6117/6
f 1902/6117/6 1903/4968/6 1896/2738/6
f 1896/2738/6 1897/6118/6 1891/2739/6
f 1891/2739/6 1892/6119/6 1887/6113/6
f 1887/6113/6 1884/6115/6 1893/2737/6
f 1893/2737/6 1902/6117/6 1896/2738/6
f 1891/2739/6 1887/6113/6 1893/2737/6
f 2953/2740/4 2954/2161/4 2943/1527/4
f 1428/2741/5 3486/1048/5 3485/1486/5
f 2190/38/6 2192/5156/6 2181/1539/6
f 2952/2740/5 2955/2161/5 2954/925/5
f 105/1875/4 106/1873/4 78/236/4
f 930/2744/2 926/4820/2 925/795/2
f 1607/2746/4 1486/2082/4 1491/2747/4
f 739/2749/2 685/4238/2 684/2750/2
f 2077/1142/6 2070/4056/6 2075/891/6
f 3772/2752/6 3768/2961/6 3769/398/6
f 816/6120/5 826/6121/5 758/6122/5
f 758/6122/5 770/6123/5 702/6124/5
f 702/6124/5 715/6125/5 650/6126/5
f 650/6126/5 665/6127/5 582/6128/5
f 582/6128/5 597/6129/5 530/6130/5
f 530/6130/5 543/6131/5 490/6132/5
f 490/6132/5 503/6133/5 436/6134/5
f 436/6134/5 451/6135/5 372/2753/5
f 372/2753/5 388/6136/5 320/6137/5
f 320/6137/5 333/6138/5 283/6139/5
f 283/6139/5 293/6140/5 230/6141/5
f 230/6141/5 238/6142/5 191/6143/5
f 191/6143/5 198/6144/5 146/6145/5
f 146/6145/5 154/6146/5 115/6147/5
f 115/6147/5 120/6148/5 60/6149/5
f 60/6149/5 68/6150/5 29/6151/5
f 29/6151/5 40/6152/5 32/6153/5
f 32/6153/5 31/6154/5 30/6155/5
f 30/6155/5 62/6156/5 61/6157/5
f 61/6157/5 84/6158/5 116/6159/5
f 116/6159/5 148/6160/5 147/6161/5
f 147/6161/5 160/6162/5 192/6163/5
f 192/6163/5 232/6164/5 231/6165/5
f 231/6165/5 254/6166/5 284/6167/5
f 284/6167/5 322/6168/5 321/2754/5
f 321/2754/5 374/6169/5 373/2755/5
f 373/2755/5 438/6170/5 437/6171/5
f 437/6171/5 492/6172/5 491/6173/5
f 491/6173/5 532/6174/5 531/6175/5
f 531/6175/5 584/6176/5 583/6177/5
f 583/6177/5 649/6178/5 648/6179/5
f 648/6179/5 704/6180/5 703/6181/5
f 703/6181/5 760/6182/5 759/6183/5
f 759/6183/5 818/6184/5 817/6185/5
f 817/6185/5 877/6186/5 878/4554/5
f 878/4554/5 892/6187/5 816/6120/5
f 816/6120/5 758/6122/5 702/6124/5
f 702/6124/5 650/6126/5 582/6128/5
f 702/6124/5 582/6128/5 530/6130/5
f 878/4554/5 816/6120/5 702/6124/5
f 817/6185/5 878/4554/5 702/6124/5
f 702/6124/5 530/6130/5 490/6132/5
f 490/6132/5 436/6134/5 372/2753/5
f 372/2753/5 320/6137/5 283/6139/5
f 230/6141/5 191/6143/5 146/6145/5
f 372/2753/5 283/6139/5 230/6141/5
f 702/6124/5 490/6132/5 372/2753/5
f 759/6183/5 817/6185/5 702/6124/5
f 583/6177/5 648/6179/5 703/6181/5
f 703/6181/5 759/6183/5 702/6124/5
f 372/2753/5 230/6141/5 146/6145/5
f 146/6145/5 115/6147/5 60/6149/5
f 29/6151/5 32/6153/5 30/6155/5
f 372/2753/5 146/6145/5 60/6149/5
f 60/6149/5 29/6151/5 30/6155/5
f 30/6155/5 61/6157/5 116/6159/5
f 116/6159/5 147/6161/5 192/6163/5
f 192/6163/5 231/6165/5 284/6167/5
f 30/6155/1 116/6159/1 192/6163/1
f 372/2753/5 60/6149/5 30/6155/5
f 583/6177/5 703/6181/5 702/6124/5
f 437/6171/1 491/6173/1 531/6175/1
f 531/6175/37 583/6177/37 702/6124/37
f 372/2753/5 30/6155/5 192/6163/5
f 372/2753/5 192/6163/5 284/6167/5
f 531/6175/5 702/6124/5 372/2753/5
f 373/2755/14 437/6171/14 531/6175/14
f 372/2753/5 284/6167/5 321/2754/5
f 373/2755/5 531/6175/5 372/2753/5
f 3528/2756/1 3553/2479/1 3551/183/1
f 3601/2758/4 3652/2436/4 3653/2437/4
f 1643/2143/4 1640/2144/4 1528/2759/4
f 3608/1657/4 3592/3890/4 3580/1997/4
f 1790/2760/3 1791/3808/3 1304/2761/3
f 1109/2762/2 1110/3218/2 1153/2763/2
f 3388/2765/3 3389/879/3 3384/667/3
f 2272/1801/4 2291/3162/4 2292/2766/4
f 760/2768/2 703/6188/2 697/2769/2
f 1434/1220/5 1917/2859/5 1918/2183/5
f 2836/2393/6 2835/1002/6 2824/1976/6
f 1194/2771/3 1182/3091/3 1183/2772/3
f 1183/2772/3 1200/2205/3 1199/2773/3
f 2335/758/5 2179/3473/5 2337/1830/5
f 1831/96/6 1830/4288/6 1818/95/6
f 1820/2774/6 1819/4803/6 1821/2775/6
f 1831/96/6 1818/95/6 1820/2774/6
f 1821/2775/6 1832/3833/6 1831/96/6
f 3717/2648/3 3718/5567/3 3719/831/3
f 1122/2776/3 1121/1575/3 1120/1576/3
f 1819/1772/5 1991/6189/5 2154/755/5
f 2154/755/5 2153/1248/5 1821/2777/5
f 2822/6190/5 2821/1644/5 2485/1031/5
f 2485/1031/5 2475/4899/5 2671/2778/5
f 2670/2779/5 2822/6190/5 2485/1031/5
f 2481/852/5 2669/4836/5 2667/2780/5
f 555/2782/2 621/652/2 620/2783/2
f 2128/488/6 2127/843/6 2130/1756/6
f 1007/1413/4 1033/2368/4 1034/1383/4
f 3145/6191/6 3144/6192/6 3147/1984/6
f 3146/6193/6 3155/6194/6 3154/6195/6
f 3145/6191/6 3147/1984/6 3146/6193/6
f 3153/6196/6 3152/6197/6 3145/6191/6
f 3162/6198/6 3163/6199/6 3153/6196/6
f 3161/6200/6 3162/6198/6 3153/6196/6
f 3153/6196/6 3145/6191/6 3146/6193/6
f 3153/6196/6 3146/6193/6 3154/6195/6
f 3161/6200/6 3153/6196/6 3154/6195/6
f 3168/6201/6 3177/6202/6 3176/6203/6
f 3161/6200/6 3154/6195/6 3168/6201/6
f 3174/6204/6 3173/6205/6 3167/6206/6
f 3167/6206/6 3161/6200/6 3168/6201/6
f 3167/6206/6 3168/6201/6 3176/6203/6
f 3175/6207/6 3174/6204/6 3167/6206/6
f 3182/6208/6 3181/6209/6 3175/6207/6
f 3192/6210/6 3198/6211/6 3197/6212/6
f 3191/6213/6 3192/6210/6 3197/6212/6
f 3182/6208/6 3175/6207/6 3167/6206/6
f 3191/6213/6 3197/6212/6 3182/6208/6
f 3183/6214/6 3191/6213/6 3182/6208/6
f 3182/6208/6 3167/6206/6 3176/6203/6
f 3179/2785/6 3178/6215/6 3180/6216/6
f 3182/6208/6 3176/6203/6 3179/2785/6
f 3183/6214/6 3182/6208/6 3179/2785/6
f 3179/2785/6 3180/6216/6 3185/2786/6
f 3184/2787/6 3183/6214/6 3179/2785/6
f 3836/6217/6 3840/4843/6 3841/2789/6
f 3841/2789/6 3834/6218/6 3833/2790/6
f 3832/2788/6 3836/6217/6 3841/2789/6
f 789/1371/3 788/129/3 731/130/3
f 3377/2791/1 3374/5394/1 3378/1710/1
f 3378/1710/1 3408/6219/1 3402/6220/1
f 3391/2792/1 3388/6221/1 3392/6222/1
f 3378/1710/1 3402/6220/1 3391/2792/1
f 3391/2792/1 3392/6222/1 3377/2791/1
f 708/2793/6 705/2318/6 706/2320/6
f 2726/2794/2 2725/1519/2 2732/368/2
f 1746/2795/4 1743/2782/4 1762/2796/4
f 3252/2798/3 3253/3332/3 1266/2799/3
f 2352/1047/4 2514/1046/4 2515/2801/4
f 1074/2802/3 1088/976/3 1087/978/3
f 2717/807/3 2720/4840/3 2719/2804/3
f 594/2806/4 666/1579/4 667/1580/4
f 3981/217/5 3979/1206/5 3951/2807/5
f 3168/2365/5 3207/5779/5 3206/1744/5
f 1568/2808/1 1669/2478/1 1666/2479/1
f 2333/2810/6 2336/6223/6 2337/2811/6
f 532/2813/2 491/6224/2 485/2814/2
f 3661/2816/3 3659/1009/3 3660/1011/3
f 1737/2795/4 1752/2797/4 1753/2704/4
f 181/2817/2 180/3765/2 186/2818/2
f 3192/2820/3 3129/6225/3 3130/3817/3
f 3184/2821/3 3238/6226/3 3237/1330/3
f 3192/2820/3 3130/3817/3 3184/2821/3
f 3227/6227/3 3198/6228/3 3192/2820/3
f 3184/2821/3 3237/1330/3 3226/2822/3
f 3226/2822/3 3227/6227/3 3192/2820/3
f 4068/2823/1 4066/1604/1 4091/2824/1
f 2460/466/6 2465/2316/6 2464/318/6
f 57/2658/4 58/825/4 52/2034/4
f 2594/2826/6 2609/6229/6 2608/6230/6
f 2608/6230/6 2620/6231/6 2619/2024/6
f 2618/2827/6 2629/6232/6 2628/6233/6
f 2608/6230/6 2619/2024/6 2618/2827/6
f 2568/6234/6 2567/6235/6 2594/2826/6
f 2594/2826/6 2608/6230/6 2618/2827/6
f 2618/2827/6 2628/6233/6 2617/6236/6
f 2617/6236/6 2616/6237/6 2593/2828/6
f 2593/2828/6 2592/6238/6 2574/6239/6
f 2569/6240/6 2568/6234/6 2594/2826/6
f 2593/2828/6 2574/6239/6 2569/6240/6
f 2618/2827/6 2617/6236/6 2593/2828/6
f 2593/2828/6 2569/6240/6 2594/2826/6
f 30/1739/3 31/2094/3 22/733/3
f 4077/1842/6 4073/2496/6 4076/1726/6
f 1757/6241/6 1758/6242/6 1762/3749/6
f 1748/6243/6 1754/6244/6 1761/3747/6
f 1756/2830/6 1757/6241/6 1762/3749/6
f 1748/6243/6 1761/3747/6 1747/2898/6
f 1756/2830/6 1762/3749/6 1755/3748/6
f 1749/2831/6 1748/6243/6 1747/2898/6
f 1756/2830/6 1755/3748/6 1749/2831/6
f 1749/2831/6 1747/2898/6 1750/2832/6
f 1956/2833/3 2125/6053/3 2124/2618/3
f 4051/6245/2 4050/1461/2 4061/2141/2
f 4061/2141/2 4062/4245/2 4055/2834/2
f 4055/2834/2 4057/6246/2 4056/6247/2
f 4052/2835/2 4051/6245/2 4061/2141/2
f 4055/2834/2 4056/6247/2 4052/2835/2
f 3181/2836/4 3218/3041/4 3219/2837/4
f 2380/2109/5 2885/6248/5 2886/6249/5
f 2743/2839/5 2744/6250/5 2544/2840/5
f 2380/2109/5 2886/6249/5 2743/2839/5
f 2544/2840/5 2383/6251/5 2380/2109/5
f 3600/6252/3 3628/6253/3 3626/6254/3
f 3587/6255/3 3589/6256/3 3569/6257/3
f 3569/6257/3 3571/4969/3 3534/6114/3
f 3531/6258/3 3482/6259/3 3477/3886/3
f 3569/6257/3 3534/6114/3 3531/6258/3
f 3587/6255/3 3569/6257/3 3531/6258/3
f 3531/6258/3 3477/3886/3 3525/6260/3
f 3521/2842/3 3472/4830/3 3466/4831/3
f 3587/6255/3 3531/6258/3 3525/6260/3
f 3521/2842/3 3466/4831/3 3549/6261/3
f 3587/6255/3 3525/6260/3 3521/2842/3
f 3600/6252/3 3626/6254/3 3631/6262/3
f 3550/2843/3 3575/6263/3 3576/2841/3
f 3576/2841/3 3600/6252/3 3631/6262/3
f 3631/6262/3 3587/6255/3 3521/2842/3
f 3521/2842/3 3549/6261/3 3550/2843/3
f 3576/2841/3 3631/6262/3 3521/2842/3
f 2890/2844/3 2893/3640/3 2557/588/3
f 2275/2505/1 2276/1464/1 2290/98/1
f 3674/5774/4 3646/5775/4 3651/2111/4
f 3651/2111/4 3705/5847/4 3701/2845/4
f 3673/2846/4 3674/5774/4 3651/2111/4
f 1356/1528/1 1842/3134/1 1840/2847/1
f 1296/1720/1 1297/1721/1 3435/2848/1
f 2031/1912/2 2045/3771/2 2020/1015/2
f 1728/2850/4 1735/817/4 1736/815/4
f 3232/6264/4 3233/3852/4 3170/1250/4
f 3170/1250/4 3186/3247/4 3223/2851/4
f 3217/2852/4 3232/6264/4 3170/1250/4
f 491/690/3 492/689/3 484/2853/3
f 266/6265/1 267/6266/1 298/2855/1
f 298/2855/1 299/6267/1 348/6268/1
f 348/6268/1 349/6269/1 412/6270/1
f 412/6270/1 413/6271/1 468/6272/1
f 468/6272/1 469/6273/1 508/6274/1
f 508/6274/1 509/6275/1 558/6276/1
f 558/6276/1 559/6277/1 623/6278/1
f 623/6278/1 624/6279/1 680/6280/1
f 680/6280/1 681/6281/1 736/6282/1
f 736/6282/1 737/6283/1 797/6222/1
f 854/6284/1 855/6285/1 928/2856/1
f 736/6282/1 797/6222/1 854/6284/1
f 558/6276/28 623/6278/28 680/6280/28
f 680/6280/1 736/6282/1 854/6284/1
f 928/2856/1 929/6286/1 925/6287/1
f 680/6280/1 854/6284/1 928/2856/1
f 558/6276/1 680/6280/1 928/2856/1
f 928/2856/1 925/6287/1 924/6288/1
f 924/6288/1 851/6289/1 621/2857/1
f 621/2857/1 555/6290/1 410/6291/1
f 410/6291/1 345/6292/1 242/6293/1
f 242/6293/1 243/6294/1 266/6265/1
f 298/2855/1 348/6268/1 412/6270/1
f 242/6293/1 266/6265/1 298/2855/1
f 410/6291/1 242/6293/1 298/2855/1
f 298/2855/38 412/6270/38 468/6272/38
f 508/6274/1 558/6276/1 928/2856/1
f 298/2855/1 468/6272/1 508/6274/1
f 621/2857/1 410/6291/1 298/2855/1
f 928/2856/1 924/6288/1 621/2857/1
f 298/2855/1 508/6274/1 928/2856/1
f 2997/1568/3 3003/712/3 2868/2858/3
f 826/2860/3 824/4215/3 825/2861/3
f 3289/708/1 3326/4940/1 3331/1186/1
f 1099/1068/2 1132/2056/2 1131/1213/2
f 3862/502/1 3864/2707/1 3866/2862/1
f 1235/2863/3 1233/6295/3 1239/2040/3
f 1112/1001/2 1111/3016/2 1156/2606/2
f 3252/340/6 3248/455/6 3254/2799/6
f 159/2864/4 189/2526/4 185/2865/4
f 2064/2439/3 2226/2286/3 2227/1332/3
f 3036/6296/6 3035/6297/6 3033/2867/6
f 3032/6298/6 3039/6299/6 3038/6300/6
f 3032/6298/6 3038/6300/6 3031/6301/6
f 3031/6301/6 3030/2920/6 3024/4817/6
f 3021/2868/6 3020/6302/6 3023/6303/6
f 3031/6301/6 3024/4817/6 3021/2868/6
f 3032/6298/6 3031/6301/6 3021/2868/6
f 3021/2868/6 3023/6303/6 3022/6304/6
f 3022/6304/6 3025/6305/6 3034/2869/6
f 3034/2869/6 3037/6306/6 3036/6296/6
f 3033/2867/6 3032/6298/6 3021/2868/6
f 3034/2869/6 3036/6296/6 3033/2867/6
f 3021/2868/6 3022/6304/6 3034/2869/6
f 1949/2870/6 1948/4398/6 1951/1551/6
f 3763/2872/3 3766/1755/3 3723/830/3
f 1424/2873/1 1913/3014/1 1912/2874/1
f 333/2876/3 331/634/3 332/636/3
f 3152/2878/3 3153/3059/3 3098/631/3
f 2972/2879/3 2824/4204/3 2803/2880/3
f 2352/2881/2 2351/1075/2 2523/2882/2
f 2192/6307/4 2517/6308/4 2518/6309/4
f 2342/2883/4 2337/6310/4 2179/2884/4
f 2192/6307/4 2518/6309/4 2342/2883/4
f 2179/2884/4 1508/6311/4 2181/2885/4
f 2181/2885/4 2192/6307/4 2342/2883/4
f 1856/469/3 2024/1235/3 2034/1079/3
f 1106/2887/3 1105/3869/3 1043/2854/3
f 2739/2229/4 2882/2228/4 2876/2889/4
f 1531/2890/3 1534/3068/3 1394/84/3
f 712/683/4 772/577/4 773/2114/4
f 994/506/4 1021/504/4 1022/2892/4
f 2252/2893/2 2254/2330/2 2233/591/2
f 168/1607/2 167/3718/2 175/2894/2
f 1747/2898/6 1753/6312/6 1752/2896/6
f 1752/2896/6 1760/6313/6 1759/6314/6
f 1758/6242/6 1757/6241/6 1751/2897/6
f 1752/2896/6 1759/6314/6 1758/6242/6
f 1751/2897/6 1750/2832/6 1747/2898/6
f 1752/2896/6 1758/6242/6 1751/2897/6
f 545/2899/6 544/1861/6 540/1862/6
f 1660/1607/4 1661/1608/4 1555/2097/4
f 3042/1254/6 3041/5894/6 3040/2902/6
f 2202/2903/6 2212/1269/6 2211/2904/6
f 834/1458/2 833/1078/2 843/2906/2
f 2655/2907/6 2658/6315/6 2666/2908/6
f 483/2598/4 512/2331/4 513/2332/4
f 381/487/6 378/489/6 379/2547/6
f 984/2911/3 931/3925/3 978/2912/3
f 327/2913/4 328/1488/4 329/1489/4
f 446/2915/2 497/4184/2 435/2916/2
f 918/283/1 919/284/1 912/2918/1
f 1206/2920/2 1202/3176/2 1201/2921/2
f 3187/6316/5 3189/1711/5 3120/2922/5
f 3120/2922/5 3121/6317/5 3058/2355/5
f 3058/2355/5 3063/6318/5 3119/2923/5
f 3119/2923/5 3187/6316/5 3120/2922/5
f 648/2924/3 649/690/3 642/2854/3
f 1288/2925/6 1287/4456/6 1251/2926/6
f 1251/2926/6 1264/4458/6 1308/2927/6
f 1308/2927/6 1307/6319/6 1288/2925/6
f 1822/2928/1 1697/2490/1 1339/2929/1
f 1339/2929/1 2007/2958/1 2009/2930/1
f 2811/1069/5 2810/6320/5 2808/693/5
f 233/2931/4 234/2389/4 235/181/4
f 943/6321/5 942/6322/5 879/6323/5
f 987/6324/5 988/6325/5 945/6326/5
f 945/6326/5 950/6327/5 882/2932/5
f 882/2932/5 888/5927/5 887/5926/5
f 822/6328/5 821/6329/5 766/2933/5
f 882/2932/5 887/5926/5 822/6328/5
f 882/2932/5 822/6328/5 766/2933/5
f 766/2933/5 765/6330/5 710/6331/5
f 710/6331/5 709/6332/5 660/6333/5
f 660/6333/5 659/6334/5 592/6335/5
f 592/6335/5 591/6336/5 538/6337/5
f 538/6337/5 537/6338/5 498/6339/5
f 498/6339/5 497/6340/5 446/6341/5
f 446/6341/5 445/6342/5 383/6343/5
f 383/6343/5 382/6344/5 328/6345/5
f 328/6345/5 327/6346/5 289/6347/5
f 289/6347/5 259/6348/5 234/6349/5
f 234/6349/5 233/6350/5 195/6351/5
f 195/6351/5 161/6352/5 150/6353/5
f 150/6353/5 149/6354/5 117/6355/5
f 117/6355/5 87/6356/5 64/6357/5
f 64/6357/5 63/6358/5 35/6359/5
f 35/6359/5 34/6360/5 33/937/5
f 33/937/5 86/6361/5 85/6362/5
f 85/6362/5 194/6363/5 193/6364/5
f 193/6364/5 377/6365/5 375/6366/5
f 193/6364/5 375/6366/5 255/6367/5
f 35/6359/5 33/937/5 85/6362/5
f 85/6362/5 193/6364/5 255/6367/5
f 257/6368/5 286/6369/5 285/6370/5
f 85/6362/5 255/6367/5 257/6368/5
f 64/6357/5 35/6359/5 85/6362/5
f 195/6351/5 150/6353/5 117/6355/5
f 117/6355/5 64/6357/5 85/6362/5
f 85/6362/5 257/6368/5 285/6370/5
f 285/6370/5 324/6371/5 323/6372/5
f 323/6372/5 379/6373/5 378/6374/5
f 378/6374/5 442/6375/5 441/6376/5
f 441/6376/5 494/6377/5 493/6378/5
f 493/6378/5 534/6379/5 533/6380/5
f 533/6380/5 588/6381/5 587/6382/5
f 587/6382/5 656/6383/5 655/6384/5
f 655/6384/5 706/6385/5 705/6386/5
f 705/6386/5 762/6387/5 761/6388/5
f 819/6389/5 884/6390/5 883/2934/5
f 655/6384/5 705/6386/5 761/6388/5
f 493/6378/30 533/6380/30 587/6382/30
f 441/6376/39 493/6378/39 587/6382/39
f 441/6376/40 587/6382/40 655/6384/40
f 285/6370/6 323/6372/6 378/6374/6
f 378/6374/5 441/6376/5 655/6384/5
f 85/6362/5 285/6370/5 378/6374/5
f 195/6351/5 117/6355/5 85/6362/5
f 289/6347/5 234/6349/5 195/6351/5
f 446/6341/6 383/6343/6 328/6345/6
f 289/6347/5 195/6351/5 85/6362/5
f 498/6339/41 446/6341/41 328/6345/41
f 289/6347/5 85/6362/5 378/6374/5
f 498/6339/5 328/6345/5 289/6347/5
f 498/6339/5 289/6347/5 378/6374/5
f 498/6339/5 378/6374/5 655/6384/5
f 538/6337/5 498/6339/5 655/6384/5
f 538/6337/5 655/6384/5 761/6388/5
f 710/6331/5 660/6333/5 592/6335/5
f 592/6335/5 538/6337/5 761/6388/5
f 710/6331/5 592/6335/5 761/6388/5
f 943/6321/5 879/6323/5 987/6324/5
f 883/2934/5 947/6391/5 946/6392/5
f 946/6392/5 943/6321/5 987/6324/5
f 946/6392/5 987/6324/5 945/6326/5
f 883/2934/5 946/6392/5 945/6326/5
f 766/2933/5 710/6331/5 761/6388/5
f 766/2933/5 761/6388/5 819/6389/5
f 883/2934/5 945/6326/5 882/2932/5
f 766/2933/5 819/6389/5 883/2934/5
f 124/2766/6 123/2571/6 121/2935/6
f 3697/2936/3 3704/6393/3 3675/2937/3
f 2449/2939/2 2300/6394/2 2279/1407/2
f 2281/2342/2 2443/522/2 2449/2939/2
f 1955/2940/6 1963/6395/6 1962/2941/6
f 2405/2943/5 2404/6396/5 2403/901/5
f 2176/549/5 2175/548/5 1841/599/5
f 1744/2944/4 1745/1162/4 1742/1164/4
f 610/2945/6 607/810/6 608/811/6
f 1017/2947/2 1018/2052/2 1016/2948/2
f 3337/2950/6 3338/2247/6 3331/2245/6
f 3331/2245/6 3326/2028/6 3332/2949/6
f 2327/818/5 2483/230/5 2482/2951/5
f 3858/842/6 3855/864/6 3860/862/6
f 1420/1128/5 1911/4929/5 1910/2302/5
f 4005/2954/3 4014/1874/3 4021/2955/3
f 4021/2955/3 4003/6397/3 4004/1875/3
f 1837/2956/4 2011/6398/4 2012/545/4
f 1831/2957/4 1350/2930/4 1351/2958/4
f 1837/2956/4 2012/545/4 1831/2957/4
f 2947/2625/2 2944/513/2 2801/515/2
f 2867/2960/3 2866/856/3 2737/357/3
f 635/2728/4 690/3690/4 691/2962/4
f 1965/2964/3 1972/1843/3 1798/1106/3
f 2959/6399/2 2948/6400/2 2933/6401/2
f 2933/6401/2 2932/6402/2 2945/6403/2
f 2946/6404/2 2930/6405/2 2931/6406/2
f 2959/6399/2 2933/6401/2 2945/6403/2
f 2946/6404/2 2931/6406/2 2942/6407/2
f 2956/6408/2 2959/6399/2 2945/6403/2
f 2956/6408/2 2945/6403/2 2946/6404/2
f 2974/2967/2 2960/6409/2 2956/6408/2
f 2977/6410/2 2973/559/2 2974/2967/2
f 2985/6411/2 2989/6412/2 2990/6413/2
f 2990/6413/2 2977/6410/2 2974/2967/2
f 2974/2967/2 2956/6408/2 2946/6404/2
f 2942/6407/2 2943/6414/2 2954/2965/2
f 2974/2967/2 2946/6404/2 2942/6407/2
f 2985/6411/2 2990/6413/2 2974/2967/2
f 2955/6415/2 2976/6416/2 2986/2966/2
f 2986/2966/2 2985/6411/2 2974/2967/2
f 2974/2967/2 2942/6407/2 2954/2965/2
f 2954/2965/2 2955/6415/2 2986/2966/2
f 973/2968/6 972/3165/6 971/2969/6
f 555/429/4 556/428/4 409/781/4
f 1869/620/3 2040/6417/3 2039/2972/3
f 770/2600/3 768/2114/3 769/2891/3
f 1766/2336/3 1765/2337/3 1754/2974/3
f 4095/2824/6 4094/2530/6 4096/2531/6
f 1250/2975/5 1244/3928/5 1243/1682/5
f 4057/2977/5 4055/1160/5 4060/2978/5
f 2431/437/6 2415/320/6 2429/2691/6
f 3713/2427/5 3711/4192/5 3748/866/5
f 895/2980/4 896/6418/4 897/2981/4
f 3738/2985/5 3700/3989/5 3673/6419/5
f 3701/2983/5 3698/3414/5 3736/2984/5
f 3738/2985/5 3673/6419/5 3701/2983/5
f 2740/761/6 2744/1825/6 2743/2720/6
f 3443/1690/5 3516/2199/5 3515/308/5
f 3137/2986/4 3200/2555/4 3195/1621/4
f 3155/2987/1 3203/3743/1 3205/2988/1
f 3555/1218/1 3564/3871/1 3568/2990/1
f 3935/2993/3 3911/6420/3 3883/6421/3
f 3883/6421/3 3884/3621/3 3885/2991/3
f 3885/2991/3 3906/4664/3 3905/2992/3
f 3905/2992/3 3927/6422/3 3935/2993/3
f 3935/2993/3 3883/6421/3 3885/2991/3
f 2730/2994/1 2727/1806/1 2723/6423/1
f 2726/2995/1 2733/529/1 2857/2034/1
f 2730/2994/1 2723/6423/1 2726/2995/1
f 2867/2996/1 2865/5040/1 2730/2994/1
f 2726/2995/1 2857/2034/1 2867/2996/1
f 3093/931/1 3160/1612/1 3150/1614/1
f 879/2998/4 961/1326/4 991/2999/4
f 916/3001/1 845/6424/1 909/3002/1
f 3812/3004/3 3813/6425/3 3793/3005/3
f 2044/6426/6 2043/6427/6 2042/3007/6
f 2042/3007/6 2047/6428/6 2048/6429/6
f 2038/3008/6 2039/4792/6 2040/6430/6
f 2042/3007/6 2048/6429/6 2038/3008/6
f 2030/3759/6 2044/6426/6 2042/3007/6
f 2038/3008/6 2040/6430/6 2041/3009/6
f 2041/3009/6 2030/3759/6 2042/3007/6
f 2127/405/1 2287/98/1 2288/100/1
f 3546/813/5 3450/1481/5 3448/3010/5
f 1586/3012/3 1595/3055/3 1430/1007/3
f 1849/3014/1 2032/2635/1 2018/2633/1
f 3395/3015/2 3381/3804/2 3384/2606/2
f 3110/3017/6 3109/1720/6 3108/1887/6
f 1558/6431/6 1551/4307/6 1559/3019/6
f 1559/3019/6 1566/6432/6 1565/3020/6
f 1565/3020/6 1572/4353/6 1564/3021/6
f 1564/3021/6 1558/6431/6 1559/3019/6
f 4057/1223/4 4058/534/4 4059/533/4
f 62/587/2 30/586/2 23/3022/2
f 3130/3024/6 3129/6433/6 3128/3025/6
f 754/3026/2 743/1129/2 744/1985/2
f 2053/1773/5 2222/3384/5 2221/2943/5
f 3720/615/4 3755/2872/4 3756/3029/4
f 80/1431/2 76/1732/2 74/1733/2
f 1129/3031/2 1130/4652/2 1167/415/2
f 375/1964/2 440/6434/2 439/3033/2
f 3735/2491/4 3665/826/4 3668/2938/4
f 3697/2936/4 3734/6435/4 3735/2491/4
f 2303/3036/5 2306/6436/5 2152/6437/5
f 2140/3034/5 2142/6438/5 2302/6439/5
f 2303/3036/5 2152/6437/5 2140/3034/5
f 2455/3035/5 2453/6440/5 2303/3036/5
f 2140/3034/5 2302/6439/5 2455/3035/5
f 309/3037/6 308/1484/6 310/2145/6
f 497/127/4 498/125/4 499/3039/4
f 3117/2697/3 3057/2719/3 3048/1331/3
f 3175/865/1 3219/3746/1 3221/3041/1
f 3423/1351/6 3422/2173/6 3424/1287/6
f 1739/1203/4 1740/2585/4 1741/3042/4
f 3863/3043/6 3867/747/6 3868/3044/6
f 2169/3046/4 2326/6441/4 2321/3047/4
f 3475/42/4 3528/1996/4 3524/1998/4
f 3898/582/6 3897/1980/6 3896/1716/6
f 631/1005/3 630/1004/3 578/3050/3
f 2632/1442/1 2641/2747/1 2298/2083/1
f 850/3052/3 638/6442/3 678/3053/3
f 1597/1723/4 1592/1724/4 1432/3012/4
f 2724/2506/4 2725/4039/4 2726/3056/4
f 942/632/4 943/3428/4 944/3058/4
f 2311/6443/5 2313/6444/5 2146/6445/5
f 2146/6445/5 2312/6446/5 2459/3060/5
f 2459/3060/5 2646/4627/5 2800/6447/5
f 2800/6447/5 2931/3148/5 2930/6448/5
f 2800/6447/5 2930/6448/5 2799/6449/5
f 2311/6443/5 2146/6445/5 2459/3060/5
f 2459/3060/5 2800/6447/5 2799/6449/5
f 2801/3061/5 2932/6450/5 2933/6451/5
f 2459/3060/5 2799/6449/5 2801/3061/5
f 2458/6452/5 2311/6443/5 2459/3060/5
f 2647/3062/5 2648/6453/5 2458/6452/5
f 2801/3061/5 2933/6451/5 2647/3062/5
f 2647/3062/5 2458/6452/5 2459/3060/5
f 1697/1590/4 1822/3958/4 1811/3063/4
f 3701/2099/6 3705/3828/6 3706/3065/6
f 3281/1939/1 3316/732/1 3317/2009/1
f 2210/2904/6 2214/2323/6 2215/2621/6
f 2160/1333/1 2161/448/1 2321/450/1
f 1532/3067/4 1396/2890/4 1397/3068/4
f 4085/465/5 4096/2316/5 4094/2317/5
f 3516/42/3 3443/40/3 3435/3071/3
f 831/3072/4 832/3623/4 796/3073/4
f 1948/2353/6 1956/2452/6 1955/2940/6
f 695/153/4 740/564/4 741/1864/4
f 3569/3076/6 3572/1931/6 3570/1808/6
f 1215/3077/6 1216/6454/6 1210/3078/6
f 3314/5404/6 3313/6455/6 3305/3080/6
f 3305/3080/6 3306/6456/6 3299/3081/6
f 3299/3081/6 3300/6457/6 3301/4933/6
f 3302/6458/6 3308/6459/6 3307/3082/6
f 3299/3081/6 3301/4933/6 3302/6458/6
f 3307/3082/6 3310/6460/6 3314/5404/6
f 3299/3081/6 3302/6458/6 3307/3082/6
f 3307/3082/6 3314/5404/6 3305/3080/6
f 575/6461/1 562/6462/1 523/6463/1
f 523/6463/1 512/6464/1 483/6465/1
f 483/6465/1 472/6466/1 429/6467/1
f 429/6467/1 416/6468/1 365/3083/1
f 365/3083/1 352/6469/1 313/6470/1
f 313/6470/1 302/6471/1 278/6472/1
f 278/6472/1 269/6473/1 223/6474/1
f 223/6474/1 216/6475/1 186/6476/1
f 186/6476/1 180/6477/1 139/6478/1
f 139/6478/1 132/6479/1 110/6480/1
f 110/6480/1 105/6481/1 53/6482/1
f 53/6482/1 46/6483/1 21/6484/1
f 21/6484/1 13/6485/1 12/5967/1
f 12/5967/1 19/4861/1 20/6486/1
f 20/6486/1 51/6487/1 52/6488/1
f 52/6488/1 81/6489/1 109/6490/1
f 109/6490/1 137/6491/1 138/6492/1
f 138/6492/1 157/6493/1 185/6494/1
f 185/6494/1 221/6495/1 222/6496/1
f 222/6496/1 251/6497/1 277/6498/1
f 277/6498/1 311/6499/1 312/3084/1
f 312/3084/1 363/6500/1 364/3085/1
f 364/3085/1 427/6501/1 428/6502/1
f 428/6502/1 481/6503/1 482/6504/1
f 482/6504/1 521/6505/1 522/6506/1
f 522/6506/1 573/6507/1 574/6508/1
f 574/6508/1 640/6509/1 641/6510/1
f 641/6510/1 693/6511/1 694/6512/1
f 694/6512/1 749/6513/1 750/6514/1
f 750/6514/1 807/6515/1 808/6516/1
f 808/6516/1 861/6517/1 862/4981/1
f 862/4981/1 859/6518/1 809/6519/1
f 809/6519/1 800/6520/1 751/6521/1
f 751/6521/1 740/6522/1 695/6523/1
f 695/6523/1 684/6524/1 639/6525/1
f 639/6525/1 627/6526/1 575/6461/1
f 639/6525/33 575/6461/33 523/6463/33
f 809/6519/1 751/6521/1 695/6523/1
f 695/6523/1 639/6525/1 523/6463/1
f 483/6465/1 429/6467/1 365/3083/1
f 695/6523/1 523/6463/1 483/6465/1
f 862/4981/1 809/6519/1 695/6523/1
f 808/6516/1 862/4981/1 695/6523/1
f 695/6523/1 483/6465/1 365/3083/1
f 365/3083/1 313/6470/1 278/6472/1
f 223/6474/1 186/6476/1 139/6478/1
f 365/3083/1 278/6472/1 223/6474/1
f 750/6514/1 808/6516/1 695/6523/1
f 574/6508/1 641/6510/1 694/6512/1
f 694/6512/1 750/6514/1 695/6523/1
f 365/3083/1 223/6474/1 139/6478/1
f 139/6478/1 110/6480/1 53/6482/1
f 21/6484/1 12/5967/1 20/6486/1
f 365/3083/1 139/6478/1 53/6482/1
f 53/6482/1 21/6484/1 20/6486/1
f 20/6486/1 52/6488/1 109/6490/1
f 109/6490/1 138/6492/1 185/6494/1
f 185/6494/1 222/6496/1 277/6498/1
f 20/6486/5 109/6490/5 185/6494/5
f 365/3083/1 53/6482/1 20/6486/1
f 574/6508/1 694/6512/1 695/6523/1
f 428/6502/5 482/6504/5 522/6506/5
f 522/6506/29 574/6508/29 695/6523/29
f 365/3083/1 20/6486/1 185/6494/1
f 365/3083/1 185/6494/1 277/6498/1
f 522/6506/1 695/6523/1 365/3083/1
f 364/3085/21 428/6502/21 522/6506/21
f 365/3083/1 277/6498/1 312/3084/1
f 364/3085/1 522/6506/1 365/3083/1
f 162/2178/2 152/2176/2 154/3086/2
f 3433/3088/6 3432/6527/6 3434/6528/6
f 3434/6528/6 3439/6091/6 3438/2698/6
f 3438/2698/6 3437/6529/6 3430/3089/6
f 3433/3088/6 3434/6528/6 3438/2698/6
f 2944/152/4 2945/2595/4 2932/213/4
f 1469/3090/4 1194/2771/4 1182/3091/4
f 2264/1556/1 2411/3915/1 2425/1969/1
f 1505/1680/1 1623/5575/1 1616/3094/1
f 479/3095/6 478/3400/6 480/3096/6
f 1005/1589/3 1004/1588/3 979/2157/3
f 2875/3099/5 2879/1237/5 3012/1927/5
f 5/3012/1 71/1724/1 74/3101/1
f 1977/3103/6 1980/2594/6 1979/353/6
f 1338/3104/6 1693/6530/6 1325/6531/6
f 1325/6531/6 1700/6532/6 1349/3105/6
f 1349/3105/6 1348/6533/6 1347/3106/6
f 1347/3106/6 1332/6534/6 1338/3104/6
f 1338/3104/6 1325/6531/6 1349/3105/6
f 782/3107/2 831/5210/2 795/2101/2
f 625/111/6 624/651/6 623/652/6
f 1480/610/3 1481/608/3 1691/3109/3
f 3608/1284/1 3609/1283/1 3593/2416/1
f 3661/3111/5 3689/6535/5 3688/1302/5
f 2016/6536/3 1367/6537/3 1360/6538/3
f 2016/6536/3 1360/6538/3 1846/6539/3
f 2324/6540/3 2331/6541/3 2015/6542/3
f 2015/6542/3 2016/6536/3 1846/6539/3
f 1836/3113/3 1346/6543/3 1342/6544/3
f 2015/6542/3 1846/6539/3 1836/3113/3
f 2010/3115/3 2324/6540/3 2015/6542/3
f 1826/6545/3 1994/6546/3 2010/3115/3
f 1836/3113/3 1342/6544/3 1824/3114/3
f 1824/3114/3 1826/6545/3 2010/3115/3
f 2010/3115/3 2015/6542/3 1836/3113/3
f 798/3116/3 797/4218/3 737/3117/3
f 2659/1308/5 2664/3646/5 2662/853/5
f 2206/324/6 2205/323/6 2204/2306/6
f 3741/3118/2 3779/6547/2 3778/3119/2
f 3778/3119/2 3777/6548/2 3743/2257/2
f 2287/3120/5 2430/445/5 2429/1593/5
f 677/1682/1 843/4246/1 833/3122/1
f 2633/299/1 2787/298/1 2797/3124/1
f 10/6549/2 15/6550/2 16/6551/2
f 16/6551/2 22/6552/2 31/6553/2
f 32/6554/2 39/6555/2 37/3125/2
f 16/6551/2 31/6553/2 32/6554/2
f 5/3127/2 8/6556/2 10/6549/2
f 10/6549/2 16/6551/2 32/6554/2
f 37/3125/2 43/6557/2 44/3277/2
f 10/6549/2 32/6554/2 37/3125/2
f 6/3126/2 4/6558/2 5/3127/2
f 5/3127/2 10/6549/2 37/3125/2
f 37/3125/2 44/3277/2 6/3126/2
f 1614/1836/1 1615/780/1 1647/3128/1
f 1406/805/3 1371/6559/3 1570/3130/3
f 4058/169/5 4073/424/5 4071/3131/5
f 2919/355/1 3021/354/1 3024/3133/1
f 1361/1972/1 1843/1970/1 1846/3134/1
f 3530/94/2 3533/95/2 3528/702/2
f 1955/2619/4 1956/2833/4 1281/3136/4
f 2941/212/4 2942/1591/4 2931/1592/4
f 2802/2794/6 2815/1519/6 2816/2781/6
f 1665/141/1 1668/142/1 1565/563/1
f 3002/6560/6 3008/6561/6 3007/3139/6
f 3007/3139/6 3013/6562/6 3012/6563/6
f 3012/6563/6 3015/6311/6 3014/6564/6
f 3014/6564/6 3009/6565/6 3011/3140/6
f 3011/3140/6 3010/6566/6 3006/6567/6
f 3006/6567/6 3005/6568/6 3001/3141/6
f 3001/3141/6 3000/6569/6 2996/6570/6
f 2996/6570/6 3002/6560/6 3007/3139/6
f 3012/6563/6 3014/6564/6 3011/3140/6
f 3011/3140/6 3006/6567/6 3001/3141/6
f 3001/3141/6 2996/6570/6 3007/3139/6
f 3007/3139/6 3012/6563/6 3011/3140/6
f 600/1704/6 599/5297/6 598/1846/6
f 2706/3142/1 2698/4130/1 2499/1443/1
f 3919/3144/6 3918/6571/6 3920/3145/6
f 88/2817/2 66/2819/2 68/2313/2
f 998/3147/4 999/2046/4 989/18/4
f 2438/2010/1 2439/3516/1 2620/3149/1
f 2297/3151/3 2456/5769/3 2455/3152/3
f 3481/208/3 3536/4364/3 3535/2559/3
f 829/3156/2 794/4073/2 844/6572/2
f 861/3154/2 808/6573/2 814/6574/2
f 829/3156/2 844/6572/2 861/3154/2
f 875/3155/2 903/6575/2 829/3156/2
f 861/3154/2 814/6574/2 875/3155/2
f 2049/1083/5 2047/6576/5 2208/3157/5
f 1316/1490/1 3442/2196/1 3447/439/1
f 2810/3158/2 2813/6577/2 2775/3159/2
f 2775/3159/2 2837/4294/2 2842/6578/2
f 2843/3160/2 2839/6579/2 2952/3706/2
f 2775/3159/2 2842/6578/2 2843/3160/2
f 2843/3160/2 2952/3706/2 2810/3158/2
f 3102/2573/4 3164/2572/4 3157/1105/4
f 2657/829/6 2656/828/6 2658/1942/6
f 3809/160/2 3808/159/2 3838/2338/2
f 732/796/2 790/794/2 787/3162/2
f 3980/1647/1 3974/3310/1 3946/3163/1
f 1130/3164/3 1129/2708/3 1128/23/3
f 981/2918/2 1014/2919/2 976/2968/2
f 4037/3166/6 4038/3663/6 4039/2901/6
f 3299/1513/4 3337/3467/4 3332/2805/4
f 1441/3167/5 1438/944/5 3495/3168/5
f 1415/5710/4 1416/6580/4 2241/6581/4
f 2229/3170/4 2550/6582/4 2546/6583/4
f 1415/5710/4 2241/6581/4 2229/3170/4
f 2061/3172/4 1900/6584/4 1899/6585/4
f 1899/6585/13 1415/5710/13 2229/3170/13
f 2229/3170/4 2546/6583/4 2377/3171/4
f 2377/3171/4 2374/388/4 2054/6586/4
f 2061/3172/4 1899/6585/4 2229/3170/4
f 2377/3171/4 2054/6586/4 2061/3172/4
f 3396/3173/3 3394/3015/3 3395/3016/3
f 2312/2141/3 2278/497/3 2279/4630/3
f 2300/3174/3 2450/3839/3 2459/3175/3
f 2312/2141/3 2279/4630/3 2300/3174/3
f 1217/3176/6 1213/3366/6 1216/3177/6
f 2639/2691/6 2629/320/6 2630/2377/6
f 3891/675/4 3892/674/4 3893/3179/4
f 1860/2389/6 1859/2244/6 1858/2535/6
f 2325/6587/5 2479/6588/5 2478/3180/5
f 2478/3180/5 2673/6589/5 2672/3181/5
f 2672/3181/5 2674/1202/5 2477/3182/5
f 2477/3182/5 2325/6587/5 2478/3180/5
f 1476/3110/3 1477/3109/3 1689/3183/3
f 1955/2940/2 1963/6395/2 2121/3185/2
f 2038/3186/3 2048/6590/3 1875/3187/3
f 2875/2183/4 3013/711/4 3007/712/4
f 1984/3188/1 2152/6437/1 2140/3034/1
f 1718/3190/5 1302/5465/5 1300/3191/5
f 638/2406/2 618/2405/2 616/3193/2
f 3814/3194/1 3847/3433/1 3843/3195/1
f 1614/6591/6 1620/6592/6 1619/6593/6
f 1619/6593/6 1624/6594/6 1626/3431/6
f 1626/3431/6 1627/6595/6 1618/6596/6
f 1613/6597/6 1612/6598/6 1609/6599/6
f 1626/3431/6 1618/6596/6 1613/6597/6
f 1619/6593/6 1626/3431/6 1613/6597/6
f 1609/6599/6 1608/6600/6 1605/6601/6
f 1619/6593/6 1613/6597/6 1609/6599/6
f 1614/6591/6 1619/6593/6 1609/6599/6
f 1605/6601/6 1604/6602/6 1607/6603/6
f 1614/6591/6 1609/6599/6 1605/6601/6
f 1622/6604/6 1621/6605/6 1615/6606/6
f 1615/6606/6 1614/6591/6 1605/6601/6
f 1605/6601/6 1607/6603/6 1606/6607/6
f 1606/6607/6 1611/6608/6 1610/6609/6
f 1610/6609/6 1617/6610/6 1616/6611/6
f 1616/6611/6 1623/6612/6 1633/6613/6
f 1632/3196/6 1637/6614/6 1636/6615/6
f 1616/6611/6 1633/6613/6 1632/3196/6
f 1605/6601/6 1606/6607/6 1610/6609/6
f 1610/6609/6 1616/6611/6 1632/3196/6
f 1636/6615/6 1641/6616/6 1640/6617/6
f 1615/6606/6 1605/6601/6 1610/6609/6
f 1622/6604/6 1615/6606/6 1610/6609/6
f 1640/6617/6 1643/6618/6 1642/3197/6
f 1642/3197/6 1638/3429/6 1628/6619/6
f 1631/3198/6 1630/6620/6 1625/6621/6
f 1642/3197/6 1628/6619/6 1631/3198/6
f 1636/6615/6 1640/6617/6 1642/3197/6
f 1622/6604/6 1610/6609/6 1632/3196/6
f 1625/6621/6 1622/6604/6 1632/3196/6
f 1632/3196/6 1636/6615/6 1642/3197/6
f 1631/3198/6 1625/6621/6 1632/3196/6
f 765/730/2 701/584/2 711/2749/2
f 26/5496/5 25/5497/5 36/6622/5
f 28/6623/5 65/6624/5 59/6625/5
f 26/5496/5 36/6622/5 28/6623/5
f 58/6626/5 57/6627/5 27/6628/5
f 27/6628/5 26/5496/5 28/6623/5
f 59/6625/5 118/6629/5 114/6630/5
f 27/6628/5 28/6623/5 59/6625/5
f 113/6631/5 83/6632/5 58/6626/5
f 58/6626/5 27/6628/5 59/6625/5
f 114/6630/5 151/6633/5 145/6634/5
f 58/6626/5 59/6625/5 114/6630/5
f 144/6635/5 143/6636/5 113/6631/5
f 113/6631/5 58/6626/5 114/6630/5
f 145/6634/5 196/6637/5 190/6638/5
f 113/6631/5 114/6630/5 145/6634/5
f 189/6639/5 159/6640/5 144/6635/5
f 144/6635/5 113/6631/5 145/6634/5
f 190/6638/5 235/6641/5 229/6642/5
f 144/6635/5 145/6634/5 190/6638/5
f 228/6643/5 227/6644/5 189/6639/5
f 189/6639/5 144/6635/5 190/6638/5
f 229/6642/5 290/6645/5 282/6646/5
f 189/6639/5 190/6638/5 229/6642/5
f 281/6647/5 253/6648/5 228/6643/5
f 228/6643/5 189/6639/5 229/6642/5
f 282/6646/5 329/6649/5 319/6650/5
f 228/6643/5 229/6642/5 282/6646/5
f 318/6651/5 317/6652/5 281/6647/5
f 281/6647/5 228/6643/5 282/6646/5
f 319/6650/5 384/6653/5 371/6654/5
f 281/6647/5 282/6646/5 319/6650/5
f 370/6655/5 369/6656/5 318/6651/5
f 318/6651/5 281/6647/5 319/6650/5
f 371/6654/5 447/6657/5 435/6658/5
f 318/6651/5 319/6650/5 371/6654/5
f 434/6659/5 433/6660/5 370/6655/5
f 370/6655/5 318/6651/5 371/6654/5
f 435/6658/5 499/6661/5 489/6662/5
f 370/6655/5 371/6654/5 435/6658/5
f 488/6663/5 487/6664/5 434/6659/5
f 434/6659/5 370/6655/5 435/6658/5
f 489/6662/5 539/6665/5 529/6666/5
f 434/6659/5 435/6658/5 489/6662/5
f 528/6667/5 527/6668/5 488/6663/5
f 488/6663/5 434/6659/5 489/6662/5
f 529/6666/5 593/6669/5 581/6670/5
f 488/6663/5 489/6662/5 529/6666/5
f 580/6671/5 579/6672/5 528/6667/5
f 528/6667/5 488/6663/5 529/6666/5
f 581/6670/5 661/6673/5 645/6674/5
f 528/6667/5 529/6666/5 581/6670/5
f 647/6675/5 646/6676/5 580/6671/5
f 580/6671/5 528/6667/5 581/6670/5
f 645/6674/5 711/6677/5 701/6678/5
f 580/6671/5 581/6670/5 645/6674/5
f 700/6679/5 699/6680/5 647/6675/5
f 647/6675/5 580/6671/5 645/6674/5
f 701/6678/5 767/6681/5 757/6682/5
f 647/6675/5 645/6674/5 701/6678/5
f 756/6683/5 755/6684/5 700/6679/5
f 700/6679/5 647/6675/5 701/6678/5
f 757/6682/5 823/6685/5 815/3199/5
f 700/6679/5 701/6678/5 757/6682/5
f 814/3200/5 813/6686/5 756/6683/5
f 756/6683/5 700/6679/5 757/6682/5
f 815/3199/5 889/6687/5 876/657/5
f 756/6683/5 757/6682/5 815/3199/5
f 876/657/5 875/6688/5 814/3200/5
f 814/3200/5 756/6683/5 815/3199/5
f 2454/466/6 2453/63/6 2455/61/6
f 1558/3201/3 1564/1879/3 1372/3202/3
f 847/3205/2 864/1032/2 866/6689/2
f 867/3204/2 868/6690/2 918/3078/2
f 847/3205/2 866/6689/2 867/3204/2
f 535/3206/3 534/6691/3 493/1085/3
f 887/3207/4 888/3699/4 889/3208/4
f 2644/6692/2 2457/6693/2 2463/560/2
f 2473/6694/2 2476/6695/2 2487/6696/2
f 2644/6692/2 2463/560/2 2473/6694/2
f 2440/6697/2 2447/561/2 2635/6698/2
f 2644/6692/2 2473/6694/2 2487/6696/2
f 2442/6699/2 2440/6697/2 2635/6698/2
f 2635/6698/2 2644/6692/2 2487/6696/2
f 2659/6700/2 2661/6701/2 2660/6702/2
f 2635/6698/2 2487/6696/2 2659/6700/2
f 2582/6703/2 2436/6704/2 2442/6699/2
f 2659/6700/2 2660/6702/2 2653/6705/2
f 2622/6706/2 2623/6707/2 2612/6708/2
f 2635/6698/2 2659/6700/2 2653/6705/2
f 2635/6698/2 2653/6705/2 2622/6706/2
f 2442/6699/2 2635/6698/2 2622/6706/2
f 2612/6708/2 2614/6709/2 2600/6710/2
f 2442/6699/2 2622/6706/2 2612/6708/2
f 2575/6711/2 2581/6712/2 2582/6703/2
f 2582/6703/2 2442/6699/2 2612/6708/2
f 2600/6710/2 2601/6713/2 2588/6714/2
f 2582/6703/2 2612/6708/2 2600/6710/2
f 2576/6715/2 2575/6711/2 2582/6703/2
f 2571/6716/2 2586/6717/2 2587/6718/2
f 2576/6715/2 2582/6703/2 2600/6710/2
f 2587/6718/2 2576/6715/2 2600/6710/2
f 2587/6718/2 2600/6710/2 2588/6714/2
f 2404/6719/2 2570/6720/2 2571/6716/2
f 2571/6716/2 2587/6718/2 2588/6714/2
f 2589/6721/2 2605/6722/2 2606/6723/2
f 2571/6716/2 2588/6714/2 2589/6721/2
f 2403/3862/2 2404/6719/2 2571/6716/2
f 2425/6724/2 2411/6725/2 2403/3862/2
f 2437/6726/2 2426/6727/2 2422/6728/2
f 2425/6724/2 2403/3862/2 2571/6716/2
f 2444/6729/2 2437/6726/2 2422/6728/2
f 2422/6728/2 2425/6724/2 2571/6716/2
f 2571/6716/2 2589/6721/2 2606/6723/2
f 2626/3210/2 2637/6730/2 2646/3211/2
f 2422/6728/2 2571/6716/2 2606/6723/2
f 2444/6729/2 2422/6728/2 2606/6723/2
f 2459/6731/2 2450/6732/2 2448/3212/2
f 2448/3212/2 2444/6729/2 2606/6723/2
f 2448/3212/2 2606/6723/2 2626/3210/2
f 2646/3211/2 2459/6731/2 2448/3212/2
f 1214/3214/3 1237/4861/3 41/2670/3
f 41/2670/3 1179/4860/3 1187/6733/3
f 1203/3213/3 1207/939/3 1214/3214/3
f 41/2670/3 1187/6733/3 1203/3213/3
f 1850/996/5 2020/6734/5 2022/203/5
f 1587/3215/3 1418/1879/3 1411/3201/3
f 3757/629/1 3755/4909/1 3796/3216/1
f 1147/1922/2 1108/6735/2 1107/2763/2
f 3910/3219/5 3909/1742/5 3851/2284/5
f 2082/1573/4 2255/524/4 2247/526/4
f 1086/6736/5 1084/6737/5 1108/6738/5
f 1147/6739/5 1150/6740/5 1171/6741/5
f 1086/6736/5 1108/6738/5 1147/6739/5
f 1070/6742/5 1068/6743/5 1086/6736/5
f 1050/3223/5 1048/6744/5 1070/6742/5
f 1022/6745/5 1020/6746/5 1050/3223/5
f 997/6747/5 995/6748/5 1022/6745/5
f 1052/6749/5 1026/6750/5 1024/6751/5
f 1024/6751/5 997/6747/5 1022/6745/5
f 1050/3223/5 1070/6742/5 1086/6736/5
f 1024/6751/5 1022/6745/5 1050/3223/5
f 1072/6752/5 1054/6753/5 1052/6749/5
f 1052/6749/5 1024/6751/5 1050/3223/5
f 1050/3223/5 1086/6736/5 1147/6739/5
f 1171/6741/5 1174/6754/5 1178/6755/5
f 1050/3223/5 1147/6739/5 1171/6741/5
f 1072/6752/5 1052/6749/5 1050/3223/5
f 1088/3222/5 1074/6756/5 1072/6752/5
f 1110/6757/5 1090/6758/5 1088/3222/5
f 1177/3221/5 1154/6759/5 1153/6760/5
f 1153/6760/5 1110/6757/5 1088/3222/5
f 1088/3222/5 1072/6752/5 1050/3223/5
f 1050/3223/5 1171/6741/5 1178/6755/5
f 1177/3221/5 1153/6760/5 1088/3222/5
f 1050/3223/5 1178/6755/5 1177/3221/5
f 1135/263/2 1136/2185/2 1101/3224/2
f 741/1952/2 740/579/2 751/3026/2
f 1425/449/6 1424/2165/6 1423/2167/6
f 1935/88/3 1463/1705/3 1464/1783/3
f 2431/3226/3 2430/2075/3 2287/2076/3
f 3304/2042/6 3294/6444/6 3292/3227/6
f 3292/3227/6 3286/6761/6 3291/2975/6
f 3291/2975/6 3296/6762/6 3295/3228/6
f 3295/3228/6 3303/6763/6 3304/2042/6
f 3292/3227/6 3291/2975/6 3295/3228/6
f 3401/309/6 3398/1665/6 3399/1666/6
f 1078/557/6 1077/3334/6 1076/3229/6
f 3991/6764/5 4003/2814/5 4021/3231/5
f 4021/3231/5 4022/2637/5 4008/3232/5
f 4002/3233/5 3991/6764/5 4021/3231/5
f 3785/40/3 3784/4265/3 3761/3234/3
f 2542/24/6 2543/22/6 2534/3235/6
f 2419/2902/1 2421/1557/1 2414/1378/1
f 3746/3239/6 3747/6765/6 3748/6766/6
f 3744/3238/6 3745/6767/6 3742/6768/6
f 3746/3239/6 3748/6766/6 3744/3238/6
f 3744/3238/6 3742/6768/6 3740/1107/6
f 3372/3565/5 3370/801/5 3368/3240/5
f 3368/3240/5 3369/1760/5 3340/3241/5
f 3340/3241/5 3339/6769/5 3365/6770/5
f 3367/3242/5 3372/3565/5 3368/3240/5
f 3340/3241/5 3365/6770/5 3367/3242/5
f 453/3243/6 452/256/6 448/254/6
f 2555/1390/6 2549/4167/6 2556/3245/6
f 1684/3247/1 1277/826/1 3431/3248/1
f 3169/3249/4 3210/3620/4 3203/3250/4
f 1727/410/2 1739/3616/2 1738/3252/2
f 777/2945/6 778/1514/6 775/1513/6
f 2578/3254/6 2577/2761/6 2580/2762/6
f 901/3255/4 881/6771/4 651/3256/4
f 2145/3258/4 2460/6772/4 2455/3152/4
f 2302/3153/4 2142/6773/4 2145/3258/4
f 3109/1823/1 3167/1821/1 3173/992/1
f 1474/3259/4 1569/6774/4 1563/148/4
f 2496/3262/3 2516/6775/3 2349/6776/3
f 2341/6777/3 2029/6778/3 2178/6779/3
f 2496/3262/3 2349/6776/3 2341/6777/3
f 2844/6780/3 2700/6781/3 2694/6782/3
f 2827/6783/3 2844/6780/3 2694/6782/3
f 2477/5322/3 2674/5325/3 2678/3261/3
f 2678/3261/3 2827/6783/3 2694/6782/3
f 2678/3261/3 2694/6782/3 2496/3262/3
f 2325/6784/3 2477/5322/3 2678/3261/3
f 2341/6777/3 2178/6779/3 2334/3260/3
f 2334/3260/3 2325/6784/3 2678/3261/3
f 2496/3262/3 2341/6777/3 2334/3260/3
f 1990/3263/5 2147/969/5 2146/2521/5
f 2254/3264/3 2079/4835/3 2074/1398/3
f 3181/3266/5 3182/4200/5 3126/3267/5
f 3126/3267/5 3118/2259/5 3220/3268/5
f 3220/3268/5 3218/6785/5 3181/3266/5
f 991/1294/2 992/1293/2 988/1687/2
f 3402/3270/3 3403/5824/3 3390/2422/3
f 2679/1376/3 2680/1377/3 2489/1522/3
f 788/3003/2 789/3001/2 835/3272/2
f 1820/3274/4 1997/1731/4 1991/3275/4
f 902/2418/3 903/2419/3 875/1058/3
f 2248/3279/5 2076/6786/5 2083/1788/5
f 2247/3278/5 2394/375/5 2396/1447/5
f 2248/3279/5 2083/1788/5 2247/3278/5
f 2396/1447/5 2395/6787/5 2248/3279/5
f 542/570/2 501/568/2 503/3280/2
f 2849/1664/4 2845/876/4 2695/3282/4
f 3373/3283/3 3372/2765/3 3367/2708/3
f 602/2285/3 601/6788/3 455/1544/3
f 1430/3284/5 1595/4017/5 1594/3285/5
f 1510/3287/4 2190/39/4 2191/1539/4
f 1795/6789/4 1804/4838/4 1975/4837/4
f 1971/3288/4 2294/6790/4 2295/6791/4
f 1795/6789/4 1975/4837/4 1971/3288/4
f 1290/3290/4 1312/6792/4 1795/6789/4
f 1962/3289/4 1963/6793/4 1290/3290/4
f 1971/3288/4 2295/6791/4 1962/3289/4
f 1290/3290/4 1795/6789/4 1971/3288/4
f 1669/1902/4 1568/4245/4 1573/3291/4
f 3273/6794/6 3272/3880/6 3271/6795/6
f 3265/3293/6 3266/430/6 3258/6796/6
f 3267/3295/6 3273/6794/6 3271/6795/6
f 3260/6797/6 3262/6798/6 3267/3295/6
f 3265/3293/6 3258/6796/6 3261/3294/6
f 3261/3294/6 3260/6797/6 3267/3295/6
f 3267/3295/6 3271/6795/6 3265/3293/6
f 3958/3296/2 3928/6799/2 3931/2123/2
f 1803/6800/4 1313/6801/4 1328/3297/4
f 1328/3297/4 2151/6802/4 2152/6803/4
f 1984/3298/4 1985/6804/4 1802/3299/4
f 1328/3297/4 2152/6803/4 1984/3298/4
f 1802/3299/4 1803/6800/4 1328/3297/4
f 3799/1979/6 3798/3588/6 3797/1973/6
f 3936/3302/5 3997/5151/5 3996/6805/5
f 3970/6806/5 3971/6807/5 3938/6808/5
f 3936/3302/5 3996/6805/5 3970/6806/5
f 3911/6809/5 3935/6810/5 3936/3302/5
f 3853/3301/5 3887/6811/5 3886/6812/5
f 3886/6812/5 3911/6809/5 3936/3302/5
f 3936/3302/5 3970/6806/5 3938/6808/5
f 3912/3300/5 3827/6813/5 3828/6814/5
f 3936/3302/5 3938/6808/5 3912/3300/5
f 3853/3301/5 3886/6812/5 3936/3302/5
f 3912/3300/5 3828/6814/5 3853/3301/5
f 2009/3303/3 2008/1426/3 1829/993/3
f 4078/3304/6 4080/6815/6 4079/3305/6
f 4088/6816/6 4082/3375/6 4084/3374/6
f 4083/6817/6 4091/6818/6 4090/6819/6
f 4088/6816/6 4084/3374/6 4083/6817/6
f 4083/6817/6 4090/6819/6 4089/6820/6
f 4089/6820/6 4093/6821/6 4092/3306/6
f 4092/3306/6 4079/3305/6 4085/6822/6
f 4092/3306/6 4085/6822/6 4086/3309/6
f 4088/6816/6 4083/6817/6 4089/6820/6
f 4088/6816/6 4089/6820/6 4092/3306/6
f 4087/3308/6 4088/6816/6 4092/3306/6
f 4080/6815/6 4078/3304/6 4081/3307/6
f 4087/3308/6 4092/3306/6 4086/3309/6
f 4086/3309/6 4080/6815/6 4081/3307/6
f 1524/1884/4 1382/6823/4 1389/2032/4
f 1475/2033/4 1533/6824/4 1524/1884/4
f 1219/335/4 1220/336/4 1208/3310/4
f 2992/2167/4 3050/2166/4 3051/3311/4
f 1260/3312/1 3244/6537/1 3247/3313/1
f 2339/2951/1 2502/4044/1 2508/1273/1
f 3931/260/3 3928/1516/3 3929/1517/3
f 2710/3315/2 2702/6394/2 2497/6825/2
f 2500/3314/2 2501/6826/2 2507/512/2
f 2710/3315/2 2497/6825/2 2500/3314/2
f 2500/3314/2 2507/512/2 2518/510/2
f 3914/6827/1 3915/724/1 3888/1042/1
f 3888/1042/1 3890/6828/1 3893/3316/1
f 3889/3317/1 3914/6827/1 3888/1042/1
f 3808/3320/5 3836/4112/5 3868/3318/5
f 3868/3318/5 3867/6829/5 3838/3319/5
f 1422/1263/5 1906/2875/5 1905/2873/5
f 1947/2433/3 1946/3693/3 1776/3058/3
f 3510/6830/3 3565/6117/3 3564/6831/3
f 3555/6832/3 3557/6833/3 3543/3322/3
f 3510/6830/3 3564/6831/3 3555/6832/3
f 3448/3323/3 3449/5329/3 3515/3324/3
f 3515/3324/3 3510/6830/3 3555/6832/3
f 3543/3322/3 3545/1802/3 3448/3323/3
f 3515/3324/3 3555/6832/3 3543/3322/3
f 551/2449/6 554/5842/6 553/1165/6
f 3194/504/1 3229/1384/1 3225/3325/1
f 512/1203/2 523/1871/2 561/1872/2
f 2381/3327/4 2888/2299/4 2885/2284/4
f 2259/3328/2 2258/6834/2 2110/5649/2
f 2109/5650/2 2111/6835/2 2120/3329/2
f 2259/3328/2 2110/5649/2 2109/5650/2
f 2125/2118/2 2270/6836/2 2259/3328/2
f 2119/6837/2 2124/2117/2 2125/2118/2
f 2259/3328/2 2109/5650/2 2120/3329/2
f 2120/3329/2 2119/6837/2 2125/2118/2
f 2325/877/5 2324/876/5 2010/2013/5
f 3882/1045/3 3886/3354/3 3887/3331/3
f 73/3012/1 69/3102/1 3/77/1
f 2147/864/2 1990/863/2 1983/3333/2
f 1468/6838/5 1469/6839/5 1186/3334/5
f 1186/3334/5 1185/6840/5 1458/6841/5
f 1459/6842/5 1602/6843/5 1603/6844/5
f 1186/3334/5 1458/6841/5 1459/6842/5
f 3503/6845/5 3502/6846/5 1468/6838/5
f 1459/6842/5 1603/6844/5 1461/6847/5
f 1463/3335/5 1935/6848/5 1934/6849/5
f 1186/3334/5 1459/6842/5 1461/6847/5
f 1186/3334/5 1461/6847/5 1463/3335/5
f 1467/6850/5 3503/6845/5 1468/6838/5
f 1934/6849/5 2093/6851/5 2092/6852/5
f 1937/6853/5 1939/6854/5 1465/3336/5
f 1934/6849/5 2092/6852/5 1937/6853/5
f 1467/6850/5 1468/6838/5 1186/3334/5
f 1934/6849/5 1937/6853/5 1465/3336/5
f 1465/3336/5 1467/6850/5 1186/3334/5
f 1463/3335/5 1934/6849/5 1465/3336/5
f 1281/1676/1 1956/6855/1 1948/1941/1
f 2770/3337/3 2787/1145/3 2633/1146/3
f 1248/3338/6 1250/5195/6 1249/2772/6
f 281/167/2 317/2356/2 311/3340/2
f 307/2275/4 310/5738/4 358/2510/4
f 3504/1266/3 3503/1799/3 1467/1051/3
f 2342/1642/1 2518/2020/1 2507/2021/1
f 1464/6856/5 1447/6857/5 1925/6858/5
f 1924/3343/5 2257/6859/5 2256/6860/5
f 1464/6856/5 1925/6858/5 1924/3343/5
f 2087/6823/5 1936/4959/5 1926/3345/5
f 1926/3345/5 1464/6856/5 1924/3343/5
f 1924/3343/5 2256/6860/5 2085/3344/5
f 2085/3344/5 2087/6823/5 1926/3345/5
f 3206/3346/3 3216/2837/3 3176/2838/3
f 4003/1358/42 3991/6861/42 3992/1800/42
f 3992/1800/2 4007/1298/2 4004/3348/2
f 3038/2043/3 2967/3840/3 2951/1335/3
f 2733/2985/2 2719/378/2 2720/379/2
f 1637/341/4 1632/2759/4 1518/226/4
f 81/67/4 83/6862/4 113/3241/4
f 3645/1499/5 3670/599/5 3669/3352/5
f 714/2152/2 663/2154/2 665/213/2
f 3306/2740/3 3267/1953/3 3262/788/3
f 2021/3353/3 2020/4002/3 1850/2556/3
f 3856/1045/5 3894/607/5 3892/2364/5
f 4074/3355/5 4076/6863/5 4075/6864/5
f 4063/3356/5 4062/6865/5 4061/4893/5
f 4074/3355/5 4075/6864/5 4063/3356/5
f 4092/59/5 4093/6866/5 4074/3355/5
f 4063/3356/5 4061/4893/5 4092/59/5
f 1895/1916/4 2060/1915/4 2055/3357/4
f 471/1919/4 429/2336/4 472/1349/4
f 2387/274/4 2388/2049/4 2556/1071/4
f 2165/1160/2 2145/136/2 2146/3358/2
f 3613/1483/4 3642/4076/4 3643/3359/4
f 2583/2049/3 2584/2048/3 2587/3360/3
f 3966/3363/6 3967/2027/6 3952/5009/6
f 3955/3361/6 3954/6867/6 3951/3094/6
f 3966/3363/6 3952/5009/6 3955/3361/6
f 3969/4028/6 3968/1014/6 3966/3363/6
f 3955/3361/6 3951/3094/6 3953/3362/6
f 3953/3362/6 3969/4028/6 3966/3363/6
f 2938/2287/5 2934/353/5 3028/3364/5
f 547/3365/4 550/4038/4 1091/376/4
f 874/858/3 873/6868/3 637/75/3
f 1199/3177/2 1200/4817/2 1196/786/2
f 2050/3367/2 2046/6869/2 2035/1507/2
f 75/3369/4 73/6870/4 7/3370/4
f 359/2910/6 358/2547/6 360/65/6
f 2434/2482/6 2433/2091/6 2416/3372/6
f 2416/3372/6 2415/6871/6 2414/1407/6
f 2414/1407/6 2421/3677/6 2420/3373/6
f 2420/3373/6 2434/2482/6 2416/3372/6
f 1047/2707/4 1069/175/4 1070/176/4
f 2786/544/6 2784/3633/6 2783/451/6
f 4081/3307/6 4078/3304/6 4084/3374/6
f 383/3376/2 445/3448/2 371/3377/2
f 683/1845/4 639/5379/4 684/2729/4
f 2017/1332/1 2183/648/1 2194/649/1
f 3077/2589/6 3076/3292/6 3068/3291/6
f 3114/3378/4 3132/2471/4 3196/2470/4
f 2588/3379/5 2585/6872/5 2590/3380/5
f 69/1582/4 70/3723/4 2/3382/4
f 2250/3383/2 2078/6396/2 2071/2943/2
f 1254/3385/1 3242/3927/1 3239/2744/1
f 3856/3386/2 3891/3602/2 3890/301/2
f 3890/301/2 3888/6873/2 3859/2743/2
f 986/3387/3 874/6874/3 920/3388/3
f 560/3390/3 622/3921/3 623/3391/3
f 2359/6875/1 2033/642/1 2035/3393/1
f 2036/3394/1 2526/4365/1 2530/6876/1
f 2036/3394/1 2530/6876/1 2206/6877/1
f 2203/3395/1 2358/6878/1 2359/6875/1
f 2036/3394/1 2206/6877/1 2203/3395/1
f 2203/3395/1 2359/6875/1 2035/3393/1
f 1545/1577/1 1550/5158/1 1358/3219/1
f 4101/1096/3 4100/1307/3 4087/3396/3
f 2650/3399/3 2671/6879/3 2475/6880/3
f 2475/6880/3 2483/3111/3 2327/3397/3
f 2327/3397/3 2322/6881/3 2471/3398/3
f 2471/3398/3 2472/6882/3 2650/3399/3
f 2650/3399/3 2475/6880/3 2327/3397/3
f 596/2795/2 541/2782/2 543/2784/2
f 496/3400/6 493/2916/6 494/2917/6
f 1571/3401/1 1569/3451/1 1474/2971/1
f 1723/125/2 1722/4206/2 1728/3042/2
f 2072/2232/2 2065/1282/2 2066/3402/2
f 2069/3403/2 2245/3954/2 2072/2232/2
f 246/3404/2 226/2602/2 219/2601/2
f 2492/3405/1 2696/543/1 2681/484/1
f 2406/734/1 2408/3454/1 2410/6883/1
f 2407/3406/1 2567/6884/1 2568/3407/1
f 2406/734/1 2410/6883/1 2407/3406/1
f 2736/6885/1 2734/3191/1 2213/3408/1
f 2213/3408/1 2211/6886/1 2369/3409/1
f 2366/6887/1 2218/4003/1 2532/6888/1
f 2369/3409/1 2366/6887/1 2532/6888/1
f 2537/3410/1 2736/6885/1 2213/3408/1
f 2369/3409/1 2532/6888/1 2537/3410/1
f 3098/2935/1 3153/1105/1 3163/932/1
f 1986/969/4 2140/2521/4 2141/2973/4
f 2424/900/3 2425/4848/3 2422/2538/3
f 1113/3411/3 607/523/3 610/3412/3
f 2065/3416/3 2072/2984/3 1913/3414/3
f 1913/3414/3 1424/824/3 1425/6889/3
f 1905/3415/3 1908/6890/3 2065/3416/3
f 1913/3414/3 1425/6889/3 1905/3415/3
f 670/3064/2 601/1590/2 602/1592/2
f 1219/3417/2 1221/6891/2 1227/6892/2
f 1226/6893/2 1225/6894/2 1229/6895/2
f 1219/3417/2 1227/6892/2 1226/6893/2
f 1224/6896/2 1220/6897/2 1219/3417/2
f 1228/6898/2 1222/6899/2 1223/3419/2
f 1223/3419/2 1224/6896/2 1219/3417/2
f 1219/3417/2 1226/6893/2 1229/6895/2
f 1230/3418/2 1228/6898/2 1223/3419/2
f 1219/3417/2 1229/6895/2 1230/3418/2
f 489/3206/4 537/6691/4 538/2137/4
f 1193/3420/5 1181/2369/5 1179/3421/5
f 1179/3421/5 1197/6900/5 1195/3422/5
f 1940/4167/4 1941/6901/4 1252/2310/4
f 1261/3423/4 1944/4576/4 1945/3797/4
f 1261/3423/4 1945/3797/4 1775/6902/4
f 1773/3424/4 1940/4167/4 1252/2310/4
f 1261/3423/4 1775/6902/4 1773/3424/4
f 3363/423/1 3364/424/1 3371/2688/1
f 2132/3048/1 2285/3047/1 2279/1828/1
f 4022/996/4 4023/995/4 4007/2060/4
f 4007/2060/4 3992/2198/4 4008/3426/4
f 2637/1252/1 2626/2380/1 2627/6903/1
f 2638/3427/1 2778/6904/1 2789/2532/1
f 2637/1252/1 2627/6903/1 2638/3427/1
f 2385/2225/2 2386/2008/2 2378/2006/2
f 949/3428/3 946/1613/3 947/1614/3
f 1741/2186/6 1740/3252/6 1742/3253/6
f 1626/3431/6 1624/6594/6 1629/6905/6
f 1629/6905/6 1628/6619/6 1638/3429/6
f 1638/3429/6 1639/6906/6 1634/3430/6
f 1634/3430/6 1635/6907/6 1626/3431/6
f 1626/3431/6 1629/6905/6 1638/3429/6
f 3884/3195/5 3883/3875/5 3882/3432/5
f 755/3434/4 756/4042/4 750/1734/4
f 2790/1999/4 2921/1826/4 2922/3435/4
f 2910/2784/3 2911/2783/3 2774/3436/3
f 215/3086/4 186/180/4 216/2611/4
f 1810/56/6 1811/2567/6 1805/1079/6
f 2029/3437/3 2028/4162/3 1859/3438/3
f 3144/69/3 3145/3517/3 3085/3439/3
f 2856/398/3 2858/4573/3 2857/2960/3
f 2851/3440/1 2855/6735/1 2509/3124/1
f 1427/2432/5 1436/70/5 1915/3442/5
f 2150/3075/1 2465/3588/1 2460/1979/1
f 1840/1010/2 1842/1224/2 1833/2876/2
f 3563/1410/2 3573/1408/2 3561/1216/2
f 144/1790/2 159/1789/2 157/2522/2
f 4000/1940/2 4013/1938/2 4012/3444/2
f 3758/2194/3 3759/5682/3 3760/2088/3
f 2841/3445/1 2842/1654/1 2837/1656/1
f 450/3447/2 386/3841/2 388/3448/2
f 106/1055/2 105/1616/2 110/3449/2
f 2365/1516/1 2367/2441/1 2368/1339/1
f 1580/2005/5 1581/1400/5 1407/3401/5
f 1148/3452/4 1149/4195/4 1150/3405/4
f 3335/1188/1 3336/1187/1 3362/1857/1
f 1307/187/4 1969/5569/4 1970/6908/4
f 1788/3453/4 1789/6883/4 1288/3454/4
f 1307/187/4 1970/6908/4 1788/3453/4
f 934/1109/2 933/1108/2 872/2582/2
f 1404/325/1 1405/3474/1 3473/346/1
f 1680/421/5 1681/640/5 1585/947/5
f 4043/2904/2 4026/2323/2 4027/2322/2
f 3128/1620/4 3191/4056/4 3183/1142/4
f 3156/3456/3 3166/962/3 3103/964/3
f 262/2465/6 264/1357/6 263/118/6
f 1501/6072/4 1508/6311/4 2179/2884/4
f 1501/6072/4 2179/2884/4 2174/6909/4
f 2492/3459/4 2493/6910/4 1501/6072/4
f 2695/6911/4 2696/6912/4 2492/3459/4
f 2337/6310/4 2500/6913/4 2497/3458/4
f 2497/3458/4 2695/6911/4 2492/3459/4
f 1501/6072/4 2174/6909/4 2329/3457/4
f 2329/3457/4 2337/6310/4 2497/3458/4
f 2492/3459/4 1501/6072/4 2329/3457/4
f 2923/3462/1 2639/6914/1 2640/4286/1
f 2794/3460/1 2792/6915/1 2937/2501/1
f 2923/3462/1 2640/4286/1 2794/3460/1
f 3027/6916/1 3029/6527/1 2923/3462/1
f 2794/3460/1 2937/2501/1 2935/3461/1
f 2935/3461/1 3027/6916/1 2923/3462/1
f 1664/2420/1 1559/1243/1 1560/3463/1
f 2474/1164/6 2480/1163/6 2477/2628/6
f 1346/2154/5 1836/2153/5 1835/1863/5
f 2352/2093/1 2345/6917/1 2185/6918/1
f 2187/3464/1 2032/6919/1 2020/3465/1
f 2352/2093/1 2185/6918/1 2187/3464/1
f 763/1971/3 762/924/3 705/925/3
f 1068/1217/4 1067/2802/4 1085/976/4
f 2521/3057/1 2722/3056/1 2715/3466/1
f 1625/1014/4 1657/1013/4 1649/616/4
f 3793/3468/1 3813/4021/1 3821/3469/1
f 320/2483/2 387/1284/2 331/3471/2
f 2332/14/1 2333/758/1 2329/3473/1
f 1429/3474/5 3484/346/5 3483/1048/5
f 1558/151/1 1362/2840/1 1363/495/1
f 462/3475/2 396/6920/2 392/1686/2
f 2489/443/1 2680/874/1 2676/3477/1
f 1075/2803/4 1076/2208/4 1095/1303/4
f 3240/474/6 3245/831/6 3244/832/6
f 1160/539/2 1113/538/2 1114/2121/2
f 3235/21/3 3185/4359/3 3180/3478/3
f 3209/3479/3 3230/760/3 3235/21/3
f 346/1284/2 345/4142/2 410/3480/2
f 1918/3483/6 1917/6921/6 1910/6922/6
f 1910/6922/6 1911/6923/6 1904/6924/6
f 1904/6924/6 1906/6925/6 1912/3481/6
f 1913/3482/6 1919/6926/6 1924/6927/6
f 1910/6922/6 1904/6924/6 1912/3481/6
f 1924/6927/6 1925/6928/6 1918/3483/6
f 1918/3483/6 1910/6922/6 1912/3481/6
f 1913/3482/6 1924/6927/6 1918/3483/6
f 3287/6929/1 3248/4915/1 3249/3484/1
f 3249/3484/1 3321/6930/1 3325/2192/1
f 3290/3485/1 3287/6929/1 3249/3484/1
f 3522/6931/1 3523/3821/1 3584/3486/1
f 3584/3486/1 3585/6932/1 3578/3487/1
f 3578/3487/1 3575/6933/1 3550/6934/1
f 3547/3488/1 3522/6931/1 3584/3486/1
f 3578/3487/1 3550/6934/1 3547/3488/1
f 3942/2421/2 3940/669/2 3917/668/2
f 2844/2211/1 2847/3557/1 2846/6935/1
f 2708/3489/1 2707/6936/1 2701/6937/1
f 2844/2211/1 2846/6935/1 2708/3489/1
f 2699/3490/1 2700/2212/1 2844/2211/1
f 2708/3489/1 2701/6937/1 2699/3490/1
f 3235/3491/1 3238/52/1 3184/419/1
f 2357/6938/1 2204/6939/1 2205/6940/1
f 1872/5309/1 1873/6941/1 2046/6942/1
f 1872/5309/1 2046/6942/1 2050/6943/1
f 2357/6938/1 2205/6940/1 2529/121/1
f 1872/5309/1 2050/6943/1 2360/3493/1
f 2360/3493/1 2357/6938/1 2529/121/1
f 2533/119/1 1872/5309/1 2360/3493/1
f 444/140/3 495/366/3 494/3039/3
f 195/3494/2 233/3784/2 190/3495/2
f 1253/3497/3 3239/454/3 3240/3217/3
f 2255/3499/6 2253/4865/6 2246/6944/6
f 2236/3498/6 2235/6945/6 2237/887/6
f 2255/3499/6 2246/6944/6 2236/3498/6
f 2237/887/6 2247/6946/6 2255/3499/6
f 3148/3500/3 3149/3049/3 3087/3071/3
f 3034/3504/4 3025/6056/4 2926/3502/4
f 2933/3503/4 2948/6060/4 3034/3504/4
f 3875/3505/1 3877/3331/1 3878/3332/1
f 1258/1924/4 1270/6947/4 3263/6948/4
f 3256/3506/4 3296/5573/4 3291/6949/4
f 1258/1924/4 3263/6948/4 3256/3506/4
f 3250/3507/4 3246/1680/4 1258/1924/4
f 3256/3506/4 3291/6949/4 3250/3507/4
f 1731/1920/4 1732/1919/4 1729/3508/4
f 715/3510/3 713/2074/3 714/2072/3
f 63/1196/4 64/2397/4 65/2398/4
f 3057/345/1 3117/775/1 3125/1796/1
f 2502/3512/6 2510/3254/6 2509/3218/6
f 3690/548/3 3691/2446/3 3689/3513/3
f 1001/1722/4 1002/6950/4 907/3101/4
f 2225/2812/5 2224/2810/5 1890/3515/5
f 1890/3515/5 1894/6734/5 2055/994/5
f 2623/61/4 2624/4276/4 2613/3149/4
f 927/3517/3 930/70/3 929/2432/3
f 3350/3519/3 3357/4972/3 3329/1309/3
f 2433/3521/4 2595/2383/4 2596/3522/4
f 3596/3523/4 3597/1773/4 3598/1774/4
f 216/2388/2 223/2602/2 245/3404/2
f 3553/1154/6 3552/2641/6 3554/2642/6
f 2249/6951/3 2257/2169/3 1924/3526/3
f 1924/3526/3 1919/858/3 2071/3527/3
f 2078/3528/3 2249/6951/3 1924/3526/3
f 2273/3529/4 2420/3536/4 2421/2882/4
f 2874/3530/5 3007/3988/5 3008/2066/5
f 392/2669/3 396/5691/3 240/3531/3
f 2722/965/2 2838/4842/2 2840/6952/2
f 2841/3532/2 2706/3394/2 2712/6953/2
f 2722/965/2 2840/6952/2 2841/3532/2
f 2716/3533/2 2715/966/2 2722/965/2
f 2841/3532/2 2712/6953/2 2716/3533/2
f 1601/1978/4 1596/6954/4 1445/3534/4
f 2576/3536/4 2577/4075/4 2578/1076/4
f 1146/2130/3 1143/3452/3 1144/3537/3
f 1131/6955/1 1134/4765/1 1130/3538/1
f 1130/3538/1 1127/6956/1 1098/3539/1
f 1100/3540/1 1131/6955/1 1130/3538/1
f 1963/621/4 2122/620/4 2123/3438/4
f 1539/3541/5 1403/3872/5 1400/2588/5
f 992/3543/3 993/6957/3 945/3389/3
f 2161/3545/6 2160/6958/6 2150/6959/6
f 2150/6959/6 2145/6960/6 2142/6961/6
f 2140/3655/6 2152/6962/6 2151/6963/6
f 2150/6959/6 2142/6961/6 2140/3655/6
f 2161/3545/6 2150/6959/6 2140/3655/6
f 2151/6963/6 2162/6964/6 2166/3546/6
f 2161/3545/6 2140/3655/6 2151/6963/6
f 2171/2921/6 2170/1682/6 2169/3544/6
f 2161/3545/6 2151/6963/6 2166/3546/6
f 2166/3546/6 2171/2921/6 2169/3544/6
f 3963/323/4 3962/4547/4 3984/1271/4
f 2585/6872/1 2590/3380/1 2897/3648/1
f 2897/3648/1 2900/6965/1 2759/6966/1
f 2756/3547/1 2898/6967/1 2899/3650/1
f 2585/6872/1 2897/3648/1 2759/6966/1
f 2756/3547/1 2899/3650/1 2596/6968/1
f 2585/6872/1 2759/6966/1 2756/3547/1
f 2576/6969/1 2587/6970/1 2584/6971/1
f 2584/6971/1 2585/6872/1 2756/3547/1
f 2756/3547/1 2596/6968/1 2599/6972/1
f 2420/6973/1 2273/6974/1 2435/6975/1
f 2599/6972/1 2420/6973/1 2435/6975/1
f 2436/6976/1 2582/6977/1 2580/3548/1
f 2599/6972/1 2435/6975/1 2436/6976/1
f 2577/3549/1 2576/6969/1 2584/6971/1
f 2599/6972/1 2436/6976/1 2580/3548/1
f 2577/3549/1 2584/6971/1 2756/3547/1
f 2756/3547/1 2599/6972/1 2580/3548/1
f 3472/1908/1 3521/5388/1 3527/1858/1
f 3035/1179/4 3082/1177/4 3083/3550/4
f 3088/2293/6 3087/2292/6 3089/3551/6
f 1164/2646/4 1165/2644/4 1166/538/4
f 90/2459/3 92/6870/3 43/3370/3
f 1724/2645/5 1729/47/5 1727/1317/5
f 3270/2015/4 3269/2300/4 3311/3553/4
f 1764/652/6 1763/650/6 1765/2796/6
f 3612/309/5 3640/1665/5 3639/2515/5
f 2393/3556/6 2402/596/6 2400/2683/6
f 4037/22/5 4033/1511/5 4048/1576/5
f 973/3558/3 1010/849/3 1011/847/3
f 1258/3560/1 3246/438/1 3241/449/1
f 1823/1844/5 1993/5378/5 1992/3275/5
f 2569/3562/43 2404/6978/43 2405/235/43
f 2405/235/3 2406/233/3 2568/3237/3
f 3046/1050/4 3045/2544/4 2970/1401/4
f 1273/1254/5 3266/5894/5 3265/2524/5
f 203/3564/3 202/802/3 123/801/3
f 3233/1649/1 3230/490/1 3209/3756/1
f 3210/3566/1 3169/2304/1 3170/1650/1
f 3233/1649/1 3209/3756/1 3210/3566/1
f 3348/3569/5 3349/2329/5 3309/3567/5
f 3309/3567/5 3311/6770/5 3269/6769/5
f 3269/6769/5 3275/3351/5 3310/3568/5
f 3310/3568/5 3307/6979/5 3348/3569/5
f 3309/3567/5 3269/6769/5 3310/3568/5
f 1588/3570/5 1682/4106/5 1683/3571/5
f 3809/3572/4 3832/6980/4 3833/3573/4
f 3385/3575/5 3400/5840/5 3399/6981/5
f 3398/3576/5 3416/4278/5 3417/1910/5
f 3385/3575/5 3399/6981/5 3398/3576/5
f 3387/3577/5 3386/6982/5 3385/3575/5
f 3398/3576/5 3417/1910/5 3387/3577/5
f 981/1594/4 1015/567/4 1016/847/4
f 2679/3578/6 2682/2353/6 2681/3075/6
f 2094/3580/1 2097/3103/1 2098/3581/1
f 3826/3161/2 3825/2338/2 3851/3044/2
f 1828/452/4 2006/1116/4 1993/996/4
f 1216/3582/3 1206/3388/3 1199/3583/3
f 1938/51/5 2088/1111/5 2089/614/5
f 3018/530/4 3019/6983/4 2908/3585/4
f 2908/3585/4 2909/6984/4 2761/3586/4
f 2761/3586/4 2779/2142/4 2915/3587/4
f 2915/3587/4 3018/530/4 2908/3585/4
f 1951/3580/1 1948/3719/1 2120/2594/1
f 3810/3588/2 3776/1973/2 3780/519/2
f 4027/927/4 4030/2823/4 4044/2825/4
f 4044/2825/4 4041/1531/4 4040/926/4
f 2224/4578/4 2220/3423/4 1393/3589/4
f 1393/3589/4 1410/3628/4 1901/3590/4
f 1890/3591/4 2224/4578/4 1393/3589/4
f 418/3592/3 420/1691/3 419/3333/3
f 1478/86/4 1479/85/4 1314/1797/4
f 3234/6985/6 3235/6986/6 3230/3595/6
f 3230/3595/6 3233/5019/6 3232/1100/6
f 3231/3596/6 3234/6985/6 3230/3595/6
f 273/935/6 275/4859/6 274/3597/6
f 2705/6064/3 2686/6063/3 2824/6987/3
f 2705/6064/3 2824/6987/3 2835/3599/3
f 3060/5020/3 2995/6988/3 2993/3601/3
f 2993/3601/3 2705/6064/3 2835/3599/3
f 3052/3600/3 3060/5020/3 2993/3601/3
f 3377/2555/3 3376/3703/3 3375/2684/3
f 3902/302/6 3901/3962/6 3903/3602/6
f 3759/3605/2 3717/6989/2 3720/3603/2
f 3720/3603/2 3754/2450/2 3749/4095/2
f 3750/3604/2 3760/5462/2 3759/3605/2
f 3720/3603/2 3749/4095/2 3750/3604/2
f 1625/3606/5 1630/3633/5 1656/451/5
f 2335/234/2 2332/6223/2 2174/2811/2
f 375/3608/4 376/3803/4 256/3609/4
f 1294/6990/6 1293/6991/6 1283/4516/6
f 1283/4516/6 1319/4515/6 1318/6992/6
f 1283/4516/6 1318/6992/6 1314/6993/6
f 1294/6990/6 1283/4516/6 1314/6993/6
f 1687/3610/6 1689/6994/6 1688/4527/6
f 1294/6990/6 1314/6993/6 1687/3610/6
f 1685/3611/6 1292/6995/6 1291/3612/6
f 1291/3612/6 1294/6990/6 1687/3610/6
f 1687/3610/6 1688/4527/6 1685/3611/6
f 796/1749/1 846/2329/1 847/3613/1
f 2203/745/4 2204/581/4 2357/3614/4
f 940/3615/2 936/2744/2 935/2745/2
f 2085/3616/4 2256/4677/4 2251/707/4
f 1812/1141/6 1813/6996/6 1800/3617/6
f 3741/3620/4 3707/3697/4 3683/4128/4
f 3740/3618/4 3781/6997/4 3775/3619/4
f 3741/3620/4 3683/4128/4 3740/3618/4
f 3338/3621/3 3298/3952/3 3288/3622/3
f 3202/613/6 3201/370/6 3203/368/6
f 1202/3583/4 1213/3584/4 1209/3623/4
f 1670/6998/6 1671/6613/6 1668/6612/6
f 1665/6999/6 1664/7000/6 1659/7001/6
f 1670/6998/6 1668/6612/6 1665/6999/6
f 1674/7002/6 1675/7003/6 1670/6998/6
f 1678/7004/6 1679/7005/6 1674/7002/6
f 1683/7006/6 1682/7007/6 1678/7004/6
f 1676/7008/6 1681/7009/6 1680/7010/6
f 1680/7010/6 1683/7006/6 1678/7004/6
f 1674/7002/6 1670/6998/6 1665/6999/6
f 1680/7010/6 1678/7004/6 1674/7002/6
f 1672/3626/6 1677/7011/6 1676/7008/6
f 1676/7008/6 1680/7010/6 1674/7002/6
f 1674/7002/6 1665/6999/6 1659/7001/6
f 1659/7001/6 1658/7012/6 1651/3624/6
f 1651/3624/6 1650/7013/6 1653/7014/6
f 1652/7015/6 1661/7016/6 1660/3625/6
f 1651/3624/6 1653/7014/6 1652/7015/6
f 1674/7002/6 1659/7001/6 1651/3624/6
f 1672/3626/6 1676/7008/6 1674/7002/6
f 1669/7017/6 1673/6960/6 1672/3626/6
f 1660/3625/6 1667/7018/6 1666/7019/6
f 1666/7019/6 1669/7017/6 1672/3626/6
f 1672/3626/6 1674/7002/6 1651/3624/6
f 1651/3624/6 1652/7015/6 1660/3625/6
f 1660/3625/6 1666/7019/6 1672/3626/6
f 3848/3492/3 3853/3919/3 3828/7020/3
f 3802/3627/3 3765/7021/3 3764/3628/3
f 3848/3492/3 3828/7020/3 3802/3627/3
f 3764/3628/3 3799/3590/3 3800/3629/3
f 3800/3629/3 3848/3492/3 3802/3627/3
f 2392/3215/5 2384/7022/5 2889/2879/5
f 2889/2879/5 2890/6996/5 2559/3630/5
f 2552/3631/5 2392/3215/5 2889/2879/5
f 3040/439/4 3087/3071/4 3088/3501/4
f 2592/2721/1 2593/1890/1 2762/3633/1
f 1385/2457/1 1386/4212/1 3470/3634/1
f 2311/953/4 2458/952/4 2452/3636/4
f 317/394/4 318/1757/4 312/1758/4
f 2335/1390/4 2336/3246/4 2333/3638/4
f 2891/3282/4 2561/2844/4 2562/3640/4
f 2960/1761/4 3036/3311/4 3037/3642/4
f 1116/1207/4 1117/2776/4 1118/949/4
f 3990/1160/3 3995/2977/3 3975/3643/3
f 2939/1800/5 3030/931/5 3031/2935/5
f 4028/696/2 4024/4910/2 4017/1064/2
f 3094/942/6 3093/941/6 3095/1556/6
f 3777/237/1 3778/3874/1 3780/301/1
f 3776/3645/1 3774/6873/1 3777/237/1
f 2461/2007/1 2460/1308/1 2657/3646/1
f 1062/3648/6 1061/7023/6 1060/3649/6
f 150/1993/2 161/2178/2 145/3087/2
f 1864/2521/1 2045/2519/1 2031/2972/1
f 3623/2777/2 3617/2435/2 3598/2623/2
f 3597/3652/2 3625/1772/2 3623/2777/2
f 2220/3384/6 2224/3383/6 2225/3653/6
f 2232/3220/3 2244/1573/3 2245/1795/3
f 2843/3654/3 2842/399/3 2841/400/3
f 2140/3655/2 2152/6962/2 2305/3656/2
f 3606/3028/2 3636/872/2 3604/873/2
f 316/2485/2 305/2484/2 306/3659/2
f 2258/279/1 2261/278/1 2262/2076/1
f 3375/883/1 3376/619/1 3384/621/1
f 2512/3660/1 2716/3445/1 2712/3446/1
f 165/3662/6 164/4022/6 163/2901/6
f 1031/3664/6 1034/4213/6 1033/3665/6
f 933/3518/4 934/2878/4 935/2434/4
f 2297/7024/6 2302/1025/6 2301/7025/6
f 2269/3667/6 2268/6776/6 2263/7026/6
f 2297/7024/6 2301/7025/6 2269/3667/6
f 2295/7027/6 2294/5435/6 2293/7028/6
f 2293/7028/6 2297/7024/6 2269/3667/6
f 2269/3667/6 2263/7026/6 2262/7029/6
f 2262/7029/6 2261/7030/6 2260/3668/6
f 2260/3668/6 2271/7031/6 2286/3669/6
f 2286/3669/6 2295/7027/6 2293/7028/6
f 2269/3667/6 2262/7029/6 2260/3668/6
f 2286/3669/6 2293/7028/6 2269/3667/6
f 3204/1226/3 3203/3250/3 3155/3251/3
f 2077/6314/5 2239/701/5 2238/3670/5
f 2238/3670/5 2389/7032/5 2390/7033/5
f 2240/7034/5 2241/3342/5 1416/3671/5
f 2238/3670/5 2390/7033/5 2240/7034/5
f 2070/7035/5 2077/6314/5 2238/3670/5
f 1909/3672/5 1916/7036/5 2070/7035/5
f 1416/3671/5 1426/7037/5 1909/3672/5
f 2238/3670/5 2240/7034/5 1416/3671/5
f 1909/3672/5 2070/7035/5 2238/3670/5
f 3089/3673/4 3146/3518/4 3147/3517/4
f 1705/540/4 1556/2416/4 1557/2415/4
f 3531/567/6 3534/566/6 3535/921/6
f 870/3674/4 871/3846/4 872/3675/4
f 87/1874/4 117/1531/4 118/2482/4
f 113/3678/2 143/4368/2 137/1288/2
f 2464/828/1 2668/2130/1 2656/1449/1
f 6/3681/1 1232/1854/1 1200/4778/1
f 6/3681/1 1200/4778/1 1183/3679/1
f 1102/3680/1 554/4700/1 6/3681/1
f 3033/2989/1 3083/2988/1 3080/1298/1
f 4067/1602/6 4066/2229/6 4068/855/6
f 4032/3685/4 4029/6765/4 4028/7038/4
f 4020/3683/4 4018/7039/4 4006/7040/4
f 4032/3685/4 4028/7038/4 4020/3683/4
f 4020/3683/4 4006/7040/4 4019/3684/4
f 3795/3686/6 3794/3860/6 3787/3687/6
f 3980/135/6 3979/3643/6 3981/3644/6
f 3854/3688/1 3856/3505/1 3859/2799/1
f 1613/1217/1 1618/1215/1 1502/3119/1
f 1757/142/4 1767/140/4 1768/2337/4
f 467/653/3 468/655/3 413/1919/3
f 658/2962/3 707/2363/3 706/2361/3
f 1952/3428/1 1784/1613/1 1951/3691/1
f 2503/454/3 2498/7041/3 2683/341/3
f 1774/3058/1 1775/3428/1 1945/3692/1
f 2818/225/3 2960/2030/3 2974/2144/3
f 407/1509/4 346/4938/4 617/1169/4
f 3270/3695/5 3304/3066/5 3303/1939/5
f 2783/3696/3 2794/3249/3 2640/3697/3
f 1884/578/3 1888/7042/3 1391/3026/3
f 3657/3698/3 3688/359/3 3692/2576/3
f 892/2982/3 890/2980/3 891/3699/3
f 3992/3700/1 3991/4951/1 3972/7043/1
f 3948/3701/1 3947/7044/1 3945/1121/1
f 3992/3700/1 3972/7043/1 3948/3701/1
f 4011/3702/1 4008/7045/1 3992/3700/1
f 3948/3701/1 3945/1121/1 4011/3702/1
f 1961/3103/6 1958/355/6 1959/2271/6
f 1957/1553/4 2119/3438/4 2120/178/4
f 490/3704/3 543/3281/3 541/3280/3
f 2789/7046/2 2778/3081/2 2768/6457/2
f 2768/6457/2 2766/7047/2 2777/7048/2
f 2777/7048/2 2775/3159/2 2813/6577/2
f 2777/7048/2 2813/6577/2 2809/7049/2
f 2789/7046/2 2768/6457/2 2777/7048/2
f 2940/3707/2 2941/7050/2 2800/7051/2
f 2800/7051/2 2789/7046/2 2777/7048/2
f 2800/7051/2 2777/7048/2 2809/7049/2
f 2952/3706/2 2953/7052/2 2940/3707/2
f 2940/3707/2 2800/7051/2 2809/7049/2
f 2808/3705/2 2810/3158/2 2952/3706/2
f 2940/3707/2 2809/7049/2 2808/3705/2
f 464/3340/4 465/3341/4 210/3708/4
f 2574/332/4 2592/1222/4 2755/1221/4
f 611/2500/4 612/2501/4 401/3709/4
f 2959/925/3 2956/923/3 2957/1811/3
f 326/3711/6 323/1482/6 324/1484/6
f 2314/3712/5 2452/7053/5 2451/3713/5
f 848/1194/2 841/4941/2 842/2906/2
f 3842/3716/3 3904/1565/3 3903/7054/3
f 3869/3715/3 3873/2545/3 3844/571/3
f 3842/3716/3 3903/7054/3 3869/3715/3
f 2984/3717/4 2985/1952/4 2986/683/4
f 1971/1934/6 1975/1936/6 1974/2560/6
f 176/1820/2 169/2448/2 170/2894/2
f 2615/2924/5 2766/1209/5 2768/698/5
f 2121/2438/1 2123/2288/1 2125/2594/1
f 1875/2520/5 2048/5893/5 2047/3186/5
f 70/2378/2 69/1179/2 73/1178/2
f 3441/3721/4 3512/4900/4 3513/7055/4
f 3438/3722/4 1306/2630/4 1317/1141/4
f 3441/3721/4 3513/7055/4 3438/3722/4
f 1317/1141/4 3445/7056/4 3441/3721/4
f 463/2525/6 466/3830/6 465/1477/6
f 627/1038/2 639/345/2 683/327/2
f 72/2188/3 71/1581/3 5/1582/3
f 2636/317/3 2645/6112/3 2644/2315/3
f 1170/3724/2 1166/2040/2 1165/3725/2
f 1555/2197/1 1661/2060/1 1652/2059/1
f 2343/2338/6 2337/3044/6 2342/909/6
f 2149/2520/3 2146/1305/3 2147/1306/3
f 4097/2317/3 4096/2036/3 4085/2037/3
f 781/2294/4 782/4580/4 734/426/4
f 240/2179/2 206/3475/2 200/3476/2
f 2043/90/1 2201/91/1 2209/3729/1
f 1001/3731/1 843/6957/1 915/7057/1
f 977/3732/1 979/3945/1 1004/3733/1
f 1001/3731/1 915/7057/1 977/3732/1
f 3136/7058/5 3072/7059/5 3068/7060/5
f 3068/7060/5 3134/7061/5 3133/6561/5
f 3135/7062/5 3197/7063/5 3198/3734/5
f 3068/7060/5 3133/6561/5 3135/7062/5
f 3136/7058/5 3068/7060/5 3135/7062/5
f 3198/3734/5 3227/7064/5 3228/7065/5
f 3136/7058/5 3135/7062/5 3198/3734/5
f 3069/7066/5 3073/7067/5 3138/7068/5
f 3138/7068/5 3136/7058/5 3198/3734/5
f 3198/3734/5 3228/7065/5 3199/7069/5
f 3199/7069/5 3200/7070/5 3137/3735/5
f 3137/3735/5 3140/7071/5 3070/7072/5
f 3070/7072/5 3071/7073/5 3001/2460/5
f 3001/2460/5 3005/7074/5 3069/7066/5
f 3069/7066/5 3138/7068/5 3198/3734/5
f 3198/3734/5 3199/7069/5 3137/3735/5
f 3137/3735/5 3070/7072/5 3001/2460/5
f 3001/2460/5 3069/7066/5 3198/3734/5
f 3864/3736/4 3862/7075/4 3839/7076/4
f 3839/7076/4 3837/7077/4 3838/6447/4
f 3838/6447/4 3867/18/4 3863/3737/4
f 3863/3737/4 3918/7078/4 3919/4015/4
f 3896/3738/4 3897/4275/4 3895/6863/4
f 3863/3737/4 3919/4015/4 3896/3738/4
f 3839/7076/4 3838/6447/4 3863/3737/4
f 3896/3738/4 3895/6863/4 3864/3736/4
f 3864/3736/4 3839/7076/4 3863/3737/4
f 2334/3739/2 2331/206/2 2324/1331/2
f 2069/7079/5 1906/6858/5 1904/3740/5
f 1904/3740/5 1421/7080/5 1413/7081/5
f 1413/7081/5 1903/7082/5 1902/3741/5
f 1902/3741/5 2068/7083/5 2067/7084/5
f 2067/7084/5 2230/7085/5 2232/394/5
f 2232/394/5 2069/7079/5 1904/3740/5
f 1904/3740/5 1413/7081/5 1902/3741/5
f 1902/3741/5 2067/7084/5 2232/394/5
f 4088/1095/4 4098/2696/4 4099/2006/4
f 1283/3742/4 3278/1786/4 3269/1787/4
f 813/688/4 814/1791/4 808/2924/4
f 2978/2902/1 2979/5894/1 3051/942/1
f 3157/191/5 3155/2987/5 3203/3743/5
f 3010/2691/4 3011/3178/4 3079/3550/4
f 189/898/2 227/1564/2 221/3744/2
f 1822/1134/6 1829/263/6 1828/3745/6
f 1828/3745/6 1823/2567/6 1811/56/6
f 3194/865/4 3199/2892/4 3228/3325/4
f 1761/3747/6 1754/6244/6 1755/3748/6
f 1038/1805/6 1037/5039/6 1036/3750/6
f 1880/7086/3 1881/2384/3 2354/2522/3
f 2354/2522/3 2372/7087/3 2214/3751/3
f 2210/3752/3 1880/7086/3 2354/2522/3
f 445/2074/4 446/1714/4 447/2184/4
f 1332/6534/6 1347/3106/6 1359/7088/6
f 1358/7089/6 1363/7090/6 1362/7091/6
f 1332/6534/6 1359/7088/6 1358/7089/6
f 1330/7092/6 1333/7093/6 1332/6534/6
f 1331/7094/6 1330/7092/6 1332/6534/6
f 1332/6534/6 1358/7089/6 1362/7091/6
f 1362/7091/6 1372/7095/6 1371/7096/6
f 1406/7097/6 1411/7098/6 1418/7099/6
f 1332/6534/6 1362/7091/6 1371/7096/6
f 1331/7094/6 1332/6534/6 1371/7096/6
f 1329/3755/6 1331/7094/6 1371/7096/6
f 1329/3755/6 1371/7096/6 1406/7097/6
f 1296/7100/6 1316/7101/6 1315/3754/6
f 1298/7102/6 1297/7103/6 1296/7100/6
f 1295/7104/6 1298/7102/6 1296/7100/6
f 1295/7104/6 1296/7100/6 1315/3754/6
f 1684/7105/6 1295/7104/6 1315/3754/6
f 1285/7106/6 1284/7107/6 1277/7108/6
f 1278/7109/6 1285/7106/6 1277/7108/6
f 1317/7110/6 1306/7111/6 1299/7112/6
f 1325/6531/6 1320/7113/6 1317/7110/6
f 1702/4413/6 1701/7114/6 1700/6532/6
f 1700/6532/6 1325/6531/6 1317/7110/6
f 1700/6532/6 1317/7110/6 1299/7112/6
f 1300/4414/6 1702/4413/6 1700/6532/6
f 1193/3753/6 1267/4409/6 1300/4414/6
f 1460/7115/6 1459/7116/6 1458/3339/6
f 1430/7117/6 1444/7118/6 1443/7119/6
f 1443/7119/6 1460/7115/6 1458/3339/6
f 1300/4414/6 1700/6532/6 1299/7112/6
f 1300/4414/6 1299/7112/6 1279/7120/6
f 1430/7117/6 1443/7119/6 1458/3339/6
f 1418/7099/6 1431/7121/6 1430/7117/6
f 1418/7099/6 1430/7117/6 1458/3339/6
f 1193/3753/6 1300/4414/6 1279/7120/6
f 1193/3753/6 1279/7120/6 1278/7109/6
f 1406/7097/6 1418/7099/6 1458/3339/6
f 1329/3755/6 1406/7097/6 1458/3339/6
f 1193/3753/6 1278/7109/6 1277/7108/6
f 1193/3753/6 1277/7108/6 1684/7105/6
f 1329/3755/6 1458/3339/6 1193/3753/6
f 1193/3753/6 1684/7105/6 1315/3754/6
f 3832/2788/2 3839/490/2 3862/3756/2
f 1027/3411/3 1028/5748/3 723/511/3
f 833/3163/4 834/5016/4 675/3757/4
f 2195/3758/2 2041/3009/2 2030/3759/2
f 1593/1446/5 1419/1018/5 1432/1020/5
f 3078/3762/5 3079/7122/5 3011/3763/5
f 3011/3763/5 3009/7123/5 3076/7124/5
f 3077/3764/5 3142/7125/5 3143/7126/5
f 3011/3763/5 3076/7124/5 3077/3764/5
f 3077/3764/5 3143/7126/5 3078/3762/5
f 2916/2783/3 2917/111/3 2788/112/3
f 188/3496/2 182/3495/2 183/2818/2
f 3352/3766/3 3351/53/3 3323/54/3
f 726/2265/4 727/7127/4 403/3768/4
f 3932/1015/4 3927/4897/4 3964/3770/4
f 1612/226/3 1613/3350/3 1503/2119/3
f 3371/3164/6 3370/3283/6 3372/3773/6
f 3905/2659/5 3929/7128/5 3928/7129/5
f 3928/7129/5 3958/7130/5 3957/4967/5
f 3956/3774/5 3986/7131/5 3984/7132/5
f 3928/7129/5 3957/4967/5 3956/3774/5
f 3927/3776/5 3905/2659/5 3928/7129/5
f 3962/3775/5 3964/7133/5 3927/3776/5
f 3956/3774/5 3984/7132/5 3962/3775/5
f 3927/3776/5 3928/7129/5 3956/3774/5
f 3483/3777/4 3470/343/4 1386/3778/4
f 3993/3780/4 4010/6952/4 4011/3781/4
f 4011/3781/4 3945/5037/4 3946/7134/4
f 3974/3782/4 3981/7135/4 3994/2789/4
f 4011/3781/4 3946/7134/4 3974/3782/4
f 3974/3782/4 3994/2789/4 3993/3780/4
f 1738/3783/1 1741/2752/1 1735/1903/1
f 1226/2197/1 1227/3727/1 1214/672/1
f 2969/1228/3 2970/229/3 2677/475/3
f 191/3494/2 237/936/2 197/934/2
f 3761/2603/2 3792/1996/2 3791/1559/2
f 2717/2805/1 2713/3467/1 2714/3466/1
f 3491/3787/6 3493/7136/6 3500/1759/6
f 3500/1759/6 3501/7137/6 3497/7138/6
f 3496/3785/6 3498/7139/6 3499/1760/6
f 3491/3787/6 3500/1759/6 3497/7138/6
f 3496/3785/6 3499/1760/6 3488/7140/6
f 3491/3787/6 3497/7138/6 3496/3785/6
f 3489/7141/6 3492/7142/6 3491/3787/6
f 3496/3785/6 3488/7140/6 3490/3786/6
f 3490/3786/6 3489/7141/6 3491/3787/6
f 1437/3788/4 1922/25/4 1915/27/4
f 1312/1993/1 1313/2178/1 1803/2177/1
f 2575/2634/1 2578/3660/1 2579/3661/1
f 3409/3791/3 3416/2626/3 3398/2177/3
f 1212/3792/4 1232/5367/4 6/3793/4
f 6/3793/4 1189/5365/4 1184/7143/4
f 1198/3794/4 1204/5369/4 1215/1814/4
f 6/3793/4 1184/7143/4 1198/3794/4
f 1198/3794/4 1215/1814/4 1212/3792/4
f 1715/3795/3 1717/2503/3 1300/2301/3
f 2595/2710/2 2598/3501/2 2599/3632/2
f 3853/858/2 3848/6989/2 3885/3605/2
f 3885/3605/2 3884/7144/2 3881/3796/2
f 3881/3796/2 3887/7145/2 3853/858/2
f 3345/3766/3 3302/3767/3 3301/3797/3
f 3391/2688/6 3390/311/6 3389/1893/6
f 3842/416/2 3844/3837/2 3818/7146/2
f 3821/3799/2 3813/7147/2 3812/3800/2
f 3842/416/2 3818/7146/2 3821/3799/2
f 3020/3801/3 3021/4247/3 2919/2272/3
f 394/3802/3 393/3772/3 263/3608/3
f 3393/3804/3 3399/3270/3 3400/1197/3
f 291/49/4 334/51/4 335/2098/4
f 3123/7148/6 3124/7149/6 3125/7150/6
f 3117/3805/6 3113/4872/6 3108/982/6
f 3123/7148/6 3125/7150/6 3117/3805/6
f 3135/1624/6 3133/7151/6 3123/7148/6
f 3118/3806/6 3126/4025/6 3135/1624/6
f 3117/3805/6 3108/982/6 3118/3806/6
f 3135/1624/6 3123/7148/6 3117/3805/6
f 424/140/4 478/366/4 479/367/4
f 3493/1279/5 3491/2147/5 3538/307/5
f 1350/2760/5 1831/4085/5 1832/3807/5
f 812/3347/2 803/2838/2 804/2990/2
f 4056/2979/1 4059/3893/1 4053/1161/1
f 3079/7152/6 3078/6772/6 3073/3258/6
f 3073/3258/6 3069/2256/6 3075/3809/6
f 3074/3810/6 3079/7152/6 3073/3258/6
f 2354/3231/6 2364/2637/6 2363/7153/6
f 2362/3811/6 2371/7154/6 2372/3812/6
f 2354/3231/6 2363/7153/6 2362/3811/6
f 3716/630/3 3724/1063/3 3725/3813/3
f 2763/946/5 2904/3326/5 2903/1872/5
f 3847/3216/6 3846/3688/6 3845/455/6
f 3390/3789/1 3403/3791/1 3411/3814/1
f 1052/829/3 1051/827/3 1025/3815/3
f 2101/3816/6 2100/2277/6 2102/2279/6
f 174/3817/4 404/4095/4 405/3818/4
f 733/3205/2 729/4877/2 780/3820/2
f 1742/1994/4 1759/1181/4 1760/1182/4
f 720/3822/2 674/3847/2 672/3823/2
f 2082/120/5 2084/7155/5 1920/7156/5
f 1920/7156/5 1922/5193/5 1437/244/5
f 1437/244/5 1449/6188/5 1921/3824/5
f 1921/3824/5 1933/121/5 2082/120/5
f 2082/120/5 1920/7156/5 1437/244/5
f 540/3825/4 598/3392/4 599/3390/4
f 592/3827/2 659/3866/2 581/105/2
f 276/3038/4 308/2145/4 309/1934/4
f 4082/1260/1 4099/2206/1 4101/1307/1
f 3106/633/5 3158/632/5 3159/1614/5
f 3731/3828/3 3728/1110/3 3729/1112/3
f 1891/124/3 1897/287/3 1408/691/3
f 3327/3829/4 3333/4092/4 3358/3830/4
f 3368/1575/4 3370/3773/4 3371/950/4
f 784/3832/4 785/4398/4 466/96/4
f 951/3834/2 965/2581/2 998/2580/2
f 1631/3039/4 1663/4207/4 1656/3836/4
f 1026/1547/6 1025/1549/6 1023/790/6
f 980/1902/1 981/1901/1 975/3838/1
f 1384/2172/1 3460/2045/1 3464/2043/1
f 1230/954/3 1229/4864/3 1218/2591/3
f 1544/1578/3 1545/1036/3 1359/1741/3
f 421/1282/6 423/7157/6 422/2233/6
f 470/3841/6 469/1158/6 468/1156/6
f 133/1055/4 131/2396/4 110/3842/4
f 3228/1955/6 3227/6433/6 3226/3024/6
f 3225/1013/6 3229/1956/6 3228/1955/6
f 1886/3187/3 2047/6590/3 2052/3843/3
f 3468/89/4 3517/87/4 3518/3845/4
f 886/3209/3 883/3207/3 884/3846/3
f 966/3847/2 906/3099/2 898/3848/2
f 3727/3849/4 3722/7158/4 3638/1989/4
f 2196/3851/6 2193/5583/6 2194/5127/6
f 2183/3850/6 2182/5848/6 2180/1737/6
f 2196/3851/6 2194/5127/6 2183/3850/6
f 2180/1737/6 2197/6251/6 2196/3851/6
f 1866/2599/3 1876/5584/3 1380/2114/3
f 1721/3509/4 1722/3508/4 1723/2073/4
f 2540/1072/3 2871/7159/3 2883/3852/3
f 3673/2512/2 3700/400/2 3699/3853/2
f 3609/3396/3 3610/1260/3 3579/3491/3
f 3129/333/1 3192/332/1 3191/1810/1
f 2552/3854/3 2558/1411/3 2391/1412/3
f 321/3855/3 322/33/3 314/2031/3
f 1201/3857/4 1202/7160/4 1188/2587/4
f 3578/3524/6 3577/1774/6 3576/3287/6
f 3941/1017/3 3939/1016/3 3940/3858/3
f 325/1482/3 324/1489/3 285/2914/3
f 2156/1362/1 2158/3844/1 2144/3187/1
f 3793/1965/2 3784/5466/2 3785/3686/2
f 2428/7161/6 2445/7162/6 2446/7163/6
f 2439/7164/6 2438/7165/6 2427/3861/6
f 2428/7161/6 2446/7163/6 2439/7164/6
f 2409/3863/6 2413/7166/6 2412/7167/6
f 2412/7167/6 2428/7161/6 2439/7164/6
f 2427/3861/6 2426/6727/6 2411/6725/6
f 2412/7167/6 2439/7164/6 2427/3861/6
f 2407/7168/6 2410/3820/6 2409/3863/6
f 2409/3863/6 2412/7167/6 2427/3861/6
f 2427/3861/6 2411/6725/6 2403/3862/6
f 2403/3862/6 2407/7168/6 2409/3863/6
f 1756/3864/5 1769/2360/5 1767/3865/5
f 2434/2441/1 2598/2440/1 2595/1338/1
f 2272/200/1 2273/953/1 2277/3637/1
f 582/3827/3 665/1780/3 663/1779/3
f 3585/3867/3 3586/3359/3 3577/1935/3
f 900/1212/3 899/1210/3 670/3310/3
f 3459/3869/1 1378/5843/1 1379/2457/1
f 3835/1840/1 3831/2447/1 3833/2713/1
f 1660/2809/1 1561/609/1 1562/3870/1
f 884/2838/2 819/2836/2 820/3871/2
f 1344/3872/4 1370/2290/4 1515/3873/4
f 3872/3432/4 3901/300/4 3902/3874/4
f 1288/3876/1 1789/4175/1 1790/1087/1
f 2807/1069/4 2808/6320/4 2809/3877/4
f 1694/3064/4 1815/3063/4 1816/743/4
f 3258/3880/3 3253/7169/3 3293/2094/3
f 3297/3878/3 3343/5316/3 3342/3879/3
f 3258/3880/3 3293/2094/3 3297/3878/3
f 2561/7170/6 2554/7171/6 2564/6918/6
f 2563/3881/6 2566/733/6 2565/3882/6
f 2561/7170/6 2564/6918/6 2563/3881/6
f 2565/3882/6 2560/5743/6 2562/3883/6
f 2562/3883/6 2561/7170/6 2563/3881/6
f 1812/3456/6 1826/962/6 1824/1466/6
f 2964/3886/3 2965/7172/3 2666/3884/3
f 2666/3884/3 2658/4829/3 2815/3885/3
f 2949/3887/6 2948/6400/6 2933/6401/6
f 2933/6401/6 2926/7173/6 2925/4556/6
f 2925/4556/6 2924/7174/6 2923/7175/6
f 2934/3888/6 2938/7176/6 2961/3889/6
f 2925/4556/6 2923/7175/6 2934/3888/6
f 2949/3887/6 2933/6401/6 2925/4556/6
f 2961/3889/6 2960/6409/6 2949/3887/6
f 2949/3887/6 2925/4556/6 2934/3888/6
f 3105/3049/1 3212/1997/1 3214/3890/1
f 3165/1659/1 3107/3500/1 3105/3049/1
f 1702/3891/1 1549/536/1 1542/3892/1
f 2212/136/1 2202/3358/1 1870/1937/1
f 2900/717/3 2901/4679/3 2758/3893/3
f 674/2217/3 462/2218/3 393/3894/3
f 73/3609/4 167/477/4 168/478/4
f 3520/3896/1 3548/2809/1 3549/3897/1
f 3549/3897/1 3466/4939/1 3467/609/1
f 3896/3898/1 3919/4793/1 3921/748/1
f 3421/3263/3 3420/1306/3 3412/3899/3
f 397/3900/3 398/6527/3 165/3901/3
f 1427/70/4 1914/3442/4 1909/3903/4
f 2676/115/2 2680/3579/2 2679/3578/2
f 2679/3578/2 2823/7177/2 2667/3904/2
f 2667/3904/2 2677/2220/2 2676/115/2
f 2937/2553/6 2936/515/6 2938/2959/6
f 3653/3905/2 3652/361/2 3656/359/2
f 2999/7178/6 3004/7179/6 3003/7180/6
f 2997/3906/6 2998/7181/6 2994/3907/6
f 2999/7178/6 3003/7180/6 2997/3906/6
f 2994/3907/6 2993/7182/6 2995/3908/6
f 2995/3908/6 2999/7178/6 2997/3906/6
f 1454/1209/5 1452/4211/5 3499/3909/5
f 3732/7183/5 3734/7184/5 3697/2078/5
f 3697/2078/5 3668/2079/5 3663/3911/5
f 3663/3911/5 3694/7185/5 3693/7186/5
f 3693/7186/5 3729/7187/5 3728/7188/5
f 3728/7188/5 3770/7189/5 3769/7190/5
f 3768/3912/5 3861/4270/5 3860/7191/5
f 3728/7188/5 3769/7190/5 3768/3912/5
f 3663/3911/1 3693/7186/1 3728/7188/1
f 3732/7183/5 3697/2078/5 3663/3911/5
f 3803/3913/5 3805/7192/5 3732/7183/5
f 3768/3912/5 3860/7191/5 3803/3913/5
f 3663/3911/5 3728/7188/5 3768/3912/5
f 3803/3913/5 3732/7183/5 3663/3911/5
f 3740/3914/5 3742/1490/5 3782/2196/5
f 3084/941/6 3098/3916/6 3097/3915/6
f 1923/2098/5 2076/1112/5 2075/1111/5
f 3384/2676/1 3389/1719/1 3396/3017/1
f 2259/2576/4 2260/2076/4 2261/2537/4
f 13/1001/2 21/2607/2 45/2393/2
f 1768/2572/6 1767/3276/6 1769/1844/6
f 609/166/3 608/1634/3 129/3129/3
f 3185/3492/5 3235/3491/5 3234/2671/5
f 3222/3918/5 3223/6050/5 3186/3919/5
f 3185/3492/5 3234/2671/5 3222/3918/5
f 2862/536/5 2863/1763/5 2364/3920/5
f 3633/3658/6 3637/3028/6 3634/1773/6
f 575/3391/4 627/2069/4 628/2070/4
f 3632/1606/1 3657/3112/1 3661/3111/1
f 3692/7193/5 3725/7194/5 3724/7195/5
f 3723/7196/5 3766/7197/5 3765/7198/5
f 3692/7193/5 3724/7195/5 3723/7196/5
f 3660/7199/5 3659/7200/5 3658/7201/5
f 3692/7193/5 3723/7196/5 3765/7198/5
f 3635/7202/5 3660/7199/5 3658/7201/5
f 3658/7201/5 3692/7193/5 3765/7198/5
f 3765/7198/5 3802/7203/5 3801/7204/5
f 3801/7204/5 3767/7205/5 3727/7206/5
f 3634/7207/5 3637/7208/5 3636/7209/5
f 3765/7198/5 3801/7204/5 3727/7206/5
f 3634/7207/5 3636/7209/5 3606/7210/5
f 3658/7201/5 3765/7198/5 3727/7206/5
f 3658/7201/5 3727/7206/5 3634/7207/5
f 3635/7202/5 3658/7201/5 3634/7207/5
f 3606/7210/5 3573/7211/5 3563/7212/5
f 3635/7202/5 3634/7207/5 3606/7210/5
f 3534/3924/5 3571/7213/5 3570/7214/5
f 3570/7214/5 3635/7202/5 3606/7210/5
f 3563/7212/5 3490/7215/5 3488/3922/5
f 3570/7214/5 3606/7210/5 3563/7212/5
f 3487/5579/5 3535/7216/5 3534/3924/5
f 3534/3924/5 3570/7214/5 3563/7212/5
f 3488/3922/5 1442/7217/5 1440/3923/5
f 3534/3924/5 3563/7212/5 3488/3922/5
f 1440/3923/5 3487/5579/5 3534/3924/5
f 1045/3879/3 1044/1728/3 775/3543/3
f 3273/3926/5 3267/2376/5 3306/2378/5
f 909/2969/2 910/2970/2 967/790/2
f 360/2550/4 422/4135/4 423/3333/4
f 3241/3778/1 3284/343/1 3281/3927/1
f 104/3928/3 176/6295/3 178/3929/3
f 1242/7218/6 1239/3997/6 1240/3269/6
f 1246/3931/6 1245/3421/6 1244/3930/6
f 1244/3930/6 1242/7218/6 1240/3269/6
f 1920/1597/4 2084/514/4 2076/515/4
f 3744/3932/3 3748/3029/3 3711/614/3
f 867/3676/3 866/3674/3 812/3933/3
f 3001/436/4 3071/4217/4 3066/3935/4
f 2059/634/6 2057/2099/6 2058/1224/6
f 2163/1363/3 2167/1916/3 2004/2715/3
f 1181/3936/3 1193/4179/3 1458/3937/3
f 516/915/3 515/917/3 486/3939/3
f 700/3940/2 755/167/2 749/3341/2
f 1889/3943/3 2216/7219/3 2222/7220/3
f 2053/3941/3 2058/5767/3 1893/3942/3
f 1889/3943/3 2222/7220/3 2053/3941/3
f 2037/1006/2 2028/1017/2 2029/3859/2
f 920/7221/1 848/7222/1 1017/1807/1
f 1017/1807/1 1015/3733/1 981/3945/1
f 982/3946/1 920/7221/1 1017/1807/1
f 2776/1906/4 2777/1905/4 2766/3947/4
f 820/2617/3 819/2615/3 761/3948/3
f 3921/7223/3 3920/7224/3 3865/3949/3
f 3865/3949/3 3868/1495/3 3836/5124/3
f 3832/6980/3 3833/3573/3 3866/3950/3
f 3865/3949/3 3836/5124/3 3832/6980/3
f 3899/3951/3 3921/7223/3 3865/3949/3
f 3900/1368/3 3898/7225/3 3899/3951/3
f 3865/3949/3 3832/6980/3 3866/3950/3
f 3866/3950/3 3900/1368/3 3899/3951/3
f 3260/3953/4 3261/5478/4 3341/1991/4
f 3341/1991/4 3338/3621/4 3298/3952/4
f 1548/3954/4 1549/5362/4 1702/3955/4
f 241/331/6 244/1026/6 243/1220/6
f 1539/3183/4 1536/3184/4 1402/3956/4
f 3818/3468/3 3819/1966/3 3820/1967/3
f 1812/3958/3 1825/5638/3 1340/2152/3
f 2961/3960/4 2938/5196/4 2817/7226/4
f 2816/3959/4 2655/143/4 2665/144/4
f 2961/3960/4 2817/7226/4 2816/3959/4
f 3680/3330/1 3666/780/1 3644/7227/1
f 3642/3961/1 3613/4819/1 3614/2012/1
f 3680/3330/1 3644/7227/1 3642/3961/1
f 3911/602/2 3886/604/2 3882/3962/2
f 2804/5705/3 2805/7228/3 2929/3963/3
f 2929/3963/3 2918/3777/3 3024/3964/3
f 3024/3964/3 3030/7229/3 2939/2260/3
f 2939/2260/3 2804/5705/3 2929/3963/3
f 1881/2602/6 1880/122/6 1879/483/6
f 1787/6800/5 1286/6801/5 1301/3965/5
f 1301/3965/5 1710/7020/5 1785/3966/5
f 1785/3966/5 2115/6048/5 2113/7230/5
f 1786/3967/5 1787/6800/5 1301/3965/5
f 1785/3966/5 2113/7230/5 1786/3967/5
f 1803/3456/6 1802/3274/6 1804/3276/6
f 4092/3968/3 4061/7231/3 4050/2290/3
f 3099/3916/6 3105/3017/6 3107/3018/6
f 2177/7232/3 2327/7233/3 2338/3970/3
f 2338/3970/3 2508/7234/3 2509/3971/3
f 2509/3971/3 2855/7235/3 2862/7127/3
f 2862/7127/3 2354/7236/3 2350/7237/3
f 2350/7237/3 2197/7238/3 2180/3972/3
f 2180/3972/3 1845/7239/3 1841/7240/3
f 2175/7241/3 2177/7232/3 2338/3970/3
f 2180/3972/3 1841/7240/3 2175/7241/3
f 2862/7127/3 2350/7237/3 2180/3972/3
f 2509/3971/3 2862/7127/3 2180/3972/3
f 2180/3972/3 2175/7241/3 2338/3970/3
f 147/517/3 148/518/3 140/2444/3
f 849/3974/2 852/4361/2 915/3917/2
f 2513/116/1 2515/3439/1 2506/2183/1
f 2411/3977/43 2264/7242/43 2265/3975/43
f 2265/3975/3 2106/7243/3 2266/3976/3
f 2266/3976/3 2403/4100/3 2411/3977/3
f 3304/949/6 3311/951/6 3309/3553/6
f 4036/1176/4 4012/20/4 4013/3978/4
f 1754/3783/5 1765/2752/5 1763/358/5
f 1246/3979/4 1240/5124/4 1234/3073/4
f 4069/3131/1 4072/2687/1 4066/2688/1
f 204/2029/3 459/5377/3 458/780/3
f 3579/7244/1 3610/7245/1 3594/7246/1
f 3594/7246/1 3574/7247/1 3565/7248/1
f 3510/7249/1 3509/7250/1 3435/7251/1
f 3579/7244/1 3594/7246/1 3565/7248/1
f 3510/7249/1 3435/7251/1 3436/7252/1
f 3580/3982/1 3579/7244/1 3565/7248/1
f 3565/7248/1 3510/7249/1 3436/7252/1
f 3565/7248/1 3436/7252/1 3508/7253/1
f 3616/7254/1 3607/7255/1 3580/3982/1
f 3580/3982/1 3565/7248/1 3508/7253/1
f 3505/7256/1 3437/7257/1 3438/7258/1
f 3580/3982/1 3508/7253/1 3505/7256/1
f 3672/7259/1 3671/7260/1 3616/7254/1
f 3438/7258/1 3513/7261/1 3511/7262/1
f 3511/7262/1 3541/7263/1 3539/3983/1
f 3582/3984/1 3595/7264/1 3598/7265/1
f 3598/7265/1 3617/7266/1 3618/7267/1
f 3618/7267/1 3646/7268/1 3674/7269/1
f 3674/7269/1 3699/7270/1 3739/7271/1
f 3739/7271/1 3737/7272/1 3672/7259/1
f 3739/7271/1 3672/7259/1 3616/7254/1
f 3598/7265/1 3618/7267/1 3674/7269/1
f 3674/7269/1 3739/7271/1 3616/7254/1
f 3505/7256/1 3438/7258/1 3511/7262/1
f 3505/7256/1 3511/7262/1 3539/3983/1
f 3598/7265/1 3674/7269/1 3616/7254/1
f 3582/3984/1 3598/7265/1 3616/7254/1
f 3580/3982/1 3505/7256/1 3539/3983/1
f 3582/3984/1 3616/7254/1 3580/3982/1
f 1706/2608/1 1563/1535/1 1556/1533/1
f 3664/3985/1 3611/7273/1 3594/7246/1
f 3610/7245/1 3607/7255/1 3643/7274/1
f 3664/3985/1 3594/7246/1 3610/7245/1
f 3696/7275/1 3695/7276/1 3664/3985/1
f 3731/7277/1 3730/7278/1 3696/7275/1
f 3771/7279/1 3773/7280/1 3731/7277/1
f 3829/7281/1 3830/7282/1 3772/7283/1
f 3772/7283/1 3771/7279/1 3731/7277/1
f 3731/7277/5 3696/7275/5 3664/3985/5
f 3610/7245/1 3643/7274/1 3641/7284/1
f 3641/7284/1 3667/7285/1 3665/3986/1
f 3665/3986/1 3735/7286/1 3733/7287/1
f 3733/7287/1 3806/7288/1 3804/3987/1
f 3804/3987/1 3829/7281/1 3772/7283/1
f 3772/7283/1 3731/7277/1 3664/3985/1
f 3664/3985/1 3610/7245/1 3641/7284/1
f 3665/3986/1 3733/7287/1 3804/3987/1
f 3664/3985/1 3641/7284/1 3665/3986/1
f 3804/3987/1 3772/7283/1 3664/3985/1
f 2749/2206/6 2746/1259/6 2748/2781/6
f 2998/3988/3 2863/3530/3 2852/3989/3
f 2359/581/6 2358/1716/6 2357/1412/6
f 1206/387/1 1190/459/1 1189/461/1
f 2485/2120/3 2821/7041/3 2825/3990/3
f 2675/3991/3 2484/7289/3 2485/2120/3
f 1310/765/1 1796/764/1 1801/3992/1
f 370/559/2 433/561/2 427/3993/2
f 2377/1077/5 2546/276/5 2548/275/5
f 227/1251/4 228/1252/4 222/1728/4
f 2396/7290/6 2394/5390/6 2386/7291/6
f 2388/7292/6 2387/7293/6 2381/3995/6
f 2396/7290/6 2386/7291/6 2388/7292/6
f 2382/7294/6 2390/7295/6 2389/3996/6
f 2389/3996/6 2396/7290/6 2388/7292/6
f 2381/3995/6 2380/725/6 2383/723/6
f 2389/3996/6 2388/7292/6 2381/3995/6
f 2383/723/6 2382/7294/6 2389/3996/6
f 1239/3997/6 1242/7218/6 1241/7296/6
f 1243/3998/6 1244/3930/6 1245/3421/6
f 1239/3997/6 1241/7296/6 1243/3998/6
f 3655/3999/3 3657/7297/3 3632/7298/3
f 3632/7298/3 3635/7299/3 3570/2190/3
f 3570/2190/3 3572/1470/3 3588/7300/3
f 3588/7300/3 3590/7301/3 3630/4000/3
f 3630/4000/3 3627/7302/3 3654/7303/3
f 3654/7303/3 3684/7304/3 3685/7305/3
f 3685/7305/3 3708/7306/3 3743/4001/3
f 3743/4001/3 3777/7307/3 3774/7308/3
f 3774/7308/3 3782/7309/3 3742/7310/3
f 3742/7310/3 3745/7311/3 3709/7312/3
f 3709/7312/3 3714/7313/3 3655/3999/3
f 3655/3999/3 3632/7298/3 3570/2190/3
f 3655/3999/3 3570/2190/3 3588/7300/3
f 3742/7310/6 3709/7312/6 3655/3999/6
f 3743/4001/3 3774/7308/3 3742/7310/3
f 3654/7303/3 3685/7305/3 3743/4001/3
f 3655/3999/3 3588/7300/3 3630/4000/3
f 3630/4000/3 3654/7303/3 3743/4001/3
f 3743/4001/3 3742/7310/3 3655/3999/3
f 3095/117/4 3150/2878/4 3151/3518/4
f 1853/179/4 2022/177/4 2023/4002/4
f 2217/4004/1 2369/3409/1 2211/6886/1
f 2211/6886/1 1882/7314/1 1883/4005/1
f 1883/4005/1 2532/6888/1 2218/4003/1
f 2217/4004/1 2211/6886/1 1883/4005/1
f 896/1107/2 954/2220/2 953/3904/2
f 208/2794/6 207/1259/6 210/1261/6
f 3478/3897/5 3529/2757/5 3528/2756/5
f 1105/4008/5 1107/5217/5 1083/4009/5
f 1643/4011/5 1529/4799/5 1526/4012/5
f 238/2389/3 236/2388/3 237/3525/3
f 79/1444/2 56/2312/2 49/2314/2
f 3244/4015/1 3245/5884/1 3282/7315/1
f 3285/4014/1 3318/7316/1 3320/528/1
f 3244/4015/1 3282/7315/1 3285/4014/1
f 1594/4016/3 1598/5363/3 1443/3285/3
f 2076/4018/6 2084/1920/6 2082/1585/6
f 2619/977/1 2784/3337/1 2786/4020/1
f 3823/3194/4 3824/1247/4 3787/3469/4
f 172/2895/6 174/1607/6 171/4022/6
f 2628/7317/1 2629/499/1 2785/4023/1
f 2785/4023/1 2924/7318/1 2925/4024/1
f 2781/4025/1 2628/7317/1 2785/4023/1
f 3708/3853/2 3685/400/2 3683/398/2
f 1927/7032/6 1930/2021/6 1929/4026/6
f 1929/4026/6 1939/2455/6 1937/1124/6
f 1937/1124/6 1938/4669/6 1928/4027/6
f 1928/4027/6 1927/7032/6 1929/4026/6
f 646/2888/4 647/1256/4 641/1014/4
f 2377/1542/2 2547/475/2 2373/206/2
f 3954/4029/4 3955/603/4 3982/2113/4
f 3661/291/2 3657/4399/2 3655/1648/2
f 3878/3043/6 3877/580/6 3876/745/6
f 254/1636/2 231/1635/2 225/4031/2
f 822/2836/2 887/865/2 815/867/2
f 247/1545/4 248/1640/4 274/281/4
f 2007/7319/2 2156/4368/2 1989/3678/2
f 1992/4032/2 1993/7320/2 2006/4033/2
f 2007/7319/2 1989/3678/2 1992/4032/2
f 2006/4033/2 2008/145/2 2009/4034/2
f 2009/4034/2 2007/7319/2 1992/4032/2
f 2747/7321/5 2748/7322/5 2553/4035/5
f 2553/4035/5 2556/6793/5 2388/7323/5
f 2553/4035/5 2388/7323/5 2386/7324/5
f 2891/7204/5 2892/3907/5 2747/7321/5
f 2553/4035/5 2386/7324/5 2385/4036/5
f 2891/7204/5 2747/7321/5 2553/4035/5
f 2554/4037/5 2561/7205/5 2891/7204/5
f 2236/7325/5 2246/7326/5 2554/4037/5
f 2385/4036/5 2236/7325/5 2554/4037/5
f 2554/4037/5 2891/7204/5 2553/4035/5
f 1058/553/6 1057/2862/6 1056/176/6
f 102/1501/3 551/3365/3 552/4038/3
f 1206/3077/2 1204/459/2 1198/2526/2
f 2730/4039/3 2729/957/3 2728/959/3
f 1634/968/3 1639/3899/3 1520/343/3
f 531/3838/3 532/3839/3 524/516/3
f 289/4041/4 290/813/4 229/1481/4
f 399/1891/6 398/2794/6 397/4007/6
f 2195/3287/3 2194/39/3 2193/37/3
f 759/3273/3 760/3272/3 752/3434/3
f 2363/3614/1 2531/3854/1 2536/4043/1
f 2642/1273/5 2796/2706/5 2795/2944/5
f 1040/147/4 1041/586/4 725/3022/4
f 2464/4048/4 2465/7327/4 2150/3413/4
f 2150/3413/4 2160/3411/4 2316/4046/4
f 2316/4046/4 2324/7328/4 2480/7329/4
f 2474/4047/4 2667/7330/4 2668/7331/4
f 2316/4046/4 2480/7329/4 2474/4047/4
f 2464/4048/4 2150/3413/4 2316/4046/4
f 2474/4047/4 2668/7331/4 2464/4048/4
f 411/488/3 412/1692/3 349/4049/3
f 3485/1130/3 3495/7332/3 1438/3169/3
f 1266/3332/1 3253/1045/1 3255/1044/1
f 1398/3026/5 1892/7042/5 1891/1127/5
f 3824/7333/6 3823/888/6 3822/7334/6
f 3814/4051/6 3813/7147/6 3812/3800/6
f 3824/7333/6 3822/7334/6 3814/4051/6
f 3812/3800/6 3817/7335/6 3816/4052/6
f 3816/4052/6 3824/7333/6 3814/4051/6
f 1616/970/4 1617/883/4 1499/885/4
f 911/2593/4 847/3098/4 912/1589/4
f 250/2467/6 249/2466/6 248/1220/6
f 2764/4053/6 2756/5788/6 2759/4153/6
f 2759/4153/6 2758/7336/6 2757/7337/6
f 2757/7337/6 2766/7338/6 2765/4054/6
f 2765/4054/6 2774/7339/6 2773/7340/6
f 2773/7340/6 2788/6975/6 2787/6974/6
f 2770/4055/6 2771/7341/6 2772/7342/6
f 2773/7340/6 2787/6974/6 2770/4055/6
f 2759/4153/6 2757/7337/6 2765/4054/6
f 2765/4054/6 2773/7340/6 2770/4055/6
f 2770/4055/6 2772/7342/6 2763/7343/6
f 2764/4053/6 2759/4153/6 2765/4054/6
f 2770/4055/6 2763/7343/6 2764/4053/6
f 2095/1621/4 2096/2556/4 2097/891/4
f 3591/4057/5 3605/837/5 3604/835/5
f 3176/2168/5 3216/7344/5 3215/3346/5
f 2139/5361/1 1974/1793/1 1975/7345/1
f 2141/4059/1 2305/7346/1 2307/7347/1
f 2139/5361/1 1975/7345/1 2141/4059/1
f 2454/7348/1 2456/643/1 2297/4061/1
f 2297/4061/1 2139/5361/1 2141/4059/1
f 2141/4059/1 2307/7347/1 2304/4060/1
f 2304/4060/1 2454/7348/1 2297/4061/1
f 3308/1513/3 3344/3467/3 3348/3057/3
f 3539/4063/6 3541/4145/6 3540/2291/6
f 591/4064/4 592/4221/4 593/4065/4
f 1624/1890/5 1655/3633/5 1654/3606/5
f 3118/706/3 3108/3981/3 3173/7349/3
f 3174/4067/3 3221/2564/3 3220/1125/3
f 3118/706/3 3173/7349/3 3174/4067/3
f 1365/1023/1 2025/7350/1 2027/7351/1
f 1365/1023/1 2027/7351/1 1855/7352/1
f 2346/7353/1 2340/1244/1 1364/1246/1
f 2186/7354/1 2188/7355/1 2184/7356/1
f 2184/7356/1 2346/7353/1 1364/1246/1
f 1364/1246/1 1365/1023/1 1855/7352/1
f 1852/7357/1 2023/7358/1 2021/7359/1
f 1364/1246/1 1855/7352/1 1852/7357/1
f 2019/7360/1 2186/7354/1 2184/7356/1
f 1847/4069/1 2019/7360/1 2184/7356/1
f 1852/7357/1 2021/7359/1 1851/4068/1
f 1847/4069/1 2184/7356/1 1364/1246/1
f 1364/1246/1 1852/7357/1 1851/4068/1
f 1962/1941/1 2295/971/1 2286/972/1
f 3609/1303/6 3608/2209/6 3607/1067/6
f 3770/2961/2 3728/357/2 3731/358/2
f 1708/4072/6 1707/338/6 1772/2324/6
f 1771/4070/6 1773/1348/6 1775/1347/6
f 1708/4072/6 1772/2324/6 1771/4070/6
f 1774/4071/6 1776/2245/6 1708/4072/6
f 1771/4070/6 1775/1347/6 1774/4071/6
f 779/3820/2 730/4877/2 793/4073/2
f 297/384/3 298/1783/3 267/1784/3
f 2579/275/3 2580/3360/3 2582/4075/3
f 3639/4076/3 3647/2816/3 3619/1995/3
f 2697/2512/4 2833/3654/4 2834/1523/4
f 1270/2627/5 1275/3560/5 3264/438/5
f 128/4077/6 130/3702/6 129/3974/6
f 303/4079/2 302/1631/2 313/3659/2
f 3158/7361/6 3165/7362/6 3172/7363/6
f 3171/7364/6 3196/7365/6 3195/4081/6
f 3158/7361/6 3172/7363/6 3171/7364/6
f 3160/7366/6 3159/7367/6 3158/7361/6
f 3156/5024/6 3150/1372/6 3160/7366/6
f 3156/5024/6 3160/7366/6 3158/7361/6
f 3166/7368/6 3156/5024/6 3158/7361/6
f 3155/7369/6 3157/1373/6 3164/7370/6
f 3166/7368/6 3158/7361/6 3171/7364/6
f 3169/7371/6 3155/7369/6 3164/7370/6
f 3164/7370/6 3166/7368/6 3171/7364/6
f 3195/4081/6 3200/7372/6 3199/7240/6
f 3170/7373/6 3169/7371/6 3164/7370/6
f 3193/7374/6 3185/7375/6 3186/4083/6
f 3170/7373/6 3164/7370/6 3171/7364/6
f 3194/4082/6 3193/7374/6 3186/4083/6
f 3186/4083/6 3170/7373/6 3171/7364/6
f 3195/4081/6 3199/7240/6 3194/4082/6
f 3186/4083/6 3171/7364/6 3195/4081/6
f 1353/2240/6 1352/1182/6 1351/2422/6
f 2861/197/1 2854/1036/1 2519/4084/1
f 2301/3714/1 2302/6439/1 2455/3035/1
f 1351/4085/1 1352/3807/1 1839/2514/1
f 47/7376/1 78/7377/1 106/7378/1
f 106/7378/1 131/7379/1 133/7380/1
f 133/7380/1 155/7381/1 181/7382/1
f 181/7382/1 215/7383/1 217/7384/1
f 217/7384/1 245/7385/1 270/7386/1
f 270/7386/1 301/7387/1 303/7388/1
f 303/7388/1 351/7389/1 353/7390/1
f 353/7390/1 415/7391/1 417/7392/1
f 417/7392/1 471/7393/1 473/7394/1
f 473/7394/1 511/7395/1 513/7396/1
f 513/7396/1 561/7397/1 563/7398/1
f 563/7398/1 626/7399/1 628/7400/1
f 628/7400/1 683/7401/1 685/7402/1
f 685/7402/1 739/7403/1 741/7404/1
f 741/7404/1 799/7405/1 801/4086/1
f 801/4086/1 858/5977/1 860/5976/1
f 857/4087/1 921/7406/1 931/7407/1
f 801/4086/1 860/5976/1 857/4087/1
f 685/7402/1 741/7404/1 801/4086/1
f 563/7398/1 628/7400/1 685/7402/1
f 513/7396/5 563/7398/5 685/7402/5
f 931/7407/1 984/5172/1 983/7408/1
f 983/7408/1 852/7409/1 923/7410/1
f 983/7408/1 923/7410/1 926/7411/1
f 983/7408/1 926/7411/1 930/7412/1
f 930/7412/1 927/7413/1 856/4088/1
f 856/4088/1 853/7414/1 798/7415/1
f 738/7416/1 735/7417/1 682/7418/1
f 682/7418/1 679/7419/1 625/7420/1
f 625/7420/1 622/7421/1 560/7422/1
f 560/7422/1 557/7423/1 510/7424/1
f 510/7424/1 507/7425/1 470/7426/1
f 470/7426/1 467/7427/1 414/7428/1
f 414/7428/1 411/7429/1 350/7430/1
f 350/7430/1 347/7431/1 300/7432/1
f 300/7432/1 297/7433/1 268/7434/1
f 268/7434/1 265/7435/1 244/7436/1
f 241/7437/1 346/7438/1 343/7439/1
f 300/7432/37 268/7434/37 244/7436/37
f 241/7437/1 343/7439/1 179/7440/1
f 350/7430/1 300/7432/1 244/7436/1
f 244/7436/1 241/7437/1 179/7440/1
f 179/7440/1 177/7441/1 77/7442/1
f 77/7442/1 75/7443/1 9/3092/1
f 9/3092/1 11/7444/1 14/7445/1
f 14/7445/1 45/7446/1 47/7376/1
f 106/7378/1 133/7380/1 181/7382/1
f 14/7445/1 47/7376/1 106/7378/1
f 77/7442/1 9/3092/1 14/7445/1
f 244/7436/1 179/7440/1 77/7442/1
f 350/7430/1 244/7436/1 77/7442/1
f 77/7442/1 14/7445/1 106/7378/1
f 181/7382/1 217/7384/1 270/7386/1
f 77/7442/1 106/7378/1 181/7382/1
f 414/7428/1 350/7430/1 77/7442/1
f 560/7422/33 510/7424/33 470/7426/33
f 470/7426/1 414/7428/1 77/7442/1
f 77/7442/1 181/7382/1 270/7386/1
f 303/7388/44 353/7390/44 417/7392/44
f 470/7426/1 77/7442/1 270/7386/1
f 303/7388/45 417/7392/45 473/7394/45
f 470/7426/1 270/7386/1 303/7388/1
f 625/7420/1 560/7422/1 470/7426/1
f 738/7416/1 682/7418/1 625/7420/1
f 625/7420/1 470/7426/1 303/7388/1
f 473/7394/1 513/7396/1 685/7402/1
f 625/7420/1 303/7388/1 473/7394/1
f 738/7416/1 625/7420/1 473/7394/1
f 738/7416/1 473/7394/1 685/7402/1
f 738/7416/1 685/7402/1 801/4086/1
f 931/7407/1 983/7408/1 930/7412/1
f 931/7407/1 930/7412/1 856/4088/1
f 798/7415/1 738/7416/1 801/4086/1
f 857/4087/1 931/7407/1 856/4088/1
f 856/4088/1 798/7415/1 801/4086/1
f 535/2549/6 536/2548/6 533/2899/6
f 1046/553/6 1043/552/6 1044/550/6
f 3703/4089/6 3702/277/6 3704/279/6
f 1535/3956/3 1538/3957/3 1400/3069/3
f 613/4090/1 616/7447/1 408/4091/1
f 3359/2107/6 3358/1477/6 3360/3830/6
f 1410/544/5 1415/546/5 1899/2198/5
f 74/1178/2 71/1478/2 72/3831/2
f 142/1994/2 135/1993/2 136/3651/2
f 1957/4093/1 1955/1329/1 2124/4094/1
f 3944/4029/1 3941/1875/1 3942/4096/1
f 3916/4097/1 3913/602/1 3944/4029/1
f 1980/4098/1 1977/3426/1 1981/2198/1
f 1797/4099/1 1798/453/1 1972/452/1
f 1980/4098/1 1981/2198/1 1797/4099/1
f 2925/1826/3 2926/676/3 2791/678/3
f 2411/3977/4 2426/5742/4 2594/735/4
f 2594/735/4 2567/6058/4 2407/4101/4
f 2403/4100/4 2411/3977/4 2594/735/4
f 1340/2176/5 1825/2237/5 1824/2533/5
f 3738/4102/4 3739/1249/4 3699/4103/4
f 657/104/3 656/4296/3 587/1381/3
f 2653/2924/4 2654/1209/4 2625/2456/4
f 1953/2555/5 2118/179/5 2117/178/5
f 1653/4106/1 1650/7448/1 1546/4107/1
f 2871/7449/6 2872/7450/6 2863/5630/6
f 2863/5630/6 2869/7451/6 2868/7452/6
f 2868/7452/6 2873/7453/6 2878/7454/6
f 2880/7455/6 2879/7456/6 2875/7457/6
f 2875/7457/6 2874/7458/6 2870/4108/6
f 2860/4109/6 2859/7459/6 2832/7460/6
f 2832/7460/6 2834/7461/6 2833/7462/6
f 2833/7462/6 2845/7463/6 2849/7464/6
f 2833/7462/6 2849/7464/6 2848/7465/6
f 2871/7449/6 2863/5630/6 2868/7452/6
f 2884/7466/6 2883/7467/6 2871/7449/6
f 2890/7468/6 2889/7469/6 2884/7466/6
f 2894/7470/6 2893/7471/6 2890/7468/6
f 2887/7472/6 2892/7473/6 2891/7474/6
f 2891/7474/6 2894/7470/6 2890/7468/6
f 2884/7466/6 2871/7449/6 2868/7452/6
f 2891/7474/6 2890/7468/6 2884/7466/6
f 2885/7475/6 2888/7476/6 2887/7472/6
f 2887/7472/6 2891/7474/6 2884/7466/6
f 2884/7466/6 2868/7452/6 2878/7454/6
f 2884/7466/6 2878/7454/6 2880/7455/6
f 2885/7475/6 2887/7472/6 2884/7466/6
f 2881/7477/6 2886/7478/6 2885/7475/6
f 2876/7479/6 2882/7480/6 2881/7477/6
f 2861/4110/6 2877/7481/6 2876/7479/6
f 2881/7477/6 2885/7475/6 2884/7466/6
f 2881/7477/6 2884/7466/6 2880/7455/6
f 2832/7460/6 2833/7462/6 2848/7465/6
f 2832/7460/6 2848/7465/6 2854/7482/6
f 2876/7479/6 2881/7477/6 2880/7455/6
f 2876/7479/6 2880/7455/6 2875/7457/6
f 2860/4109/6 2832/7460/6 2854/7482/6
f 2876/7479/6 2875/7457/6 2870/4108/6
f 2860/4109/6 2854/7482/6 2861/4110/6
f 2861/4110/6 2876/7479/6 2870/4108/6
f 915/4111/4 852/7483/4 983/3054/4
f 3259/4112/3 1269/3320/3 1265/1765/3
f 339/3761/1 342/1448/1 214/4113/1
f 2063/872/1 2227/902/1 2231/2943/1
f 1238/4114/6 1237/4606/6 1235/4115/6
f 1236/4116/6 1232/4138/6 1238/4114/6
f 2564/6424/4 2554/4182/4 2246/4117/4
f 2246/4117/4 2253/7484/4 2402/4118/4
f 2393/4119/4 2564/6424/4 2246/4117/4
f 3317/7485/6 3316/7203/6 3315/7486/6
f 3315/7486/6 3324/7487/6 3323/7488/6
f 3322/7489/6 3336/7490/6 3335/7491/6
f 3315/7486/6 3323/7488/6 3322/7489/6
f 3318/7492/6 3317/7485/6 3315/7486/6
f 3321/7493/6 3320/7494/6 3318/7492/6
f 3326/479/6 3325/7495/6 3321/7493/6
f 3334/4122/6 3333/7496/6 3327/7497/6
f 3327/7497/6 3326/479/6 3321/7493/6
f 3321/7493/6 3318/7492/6 3315/7486/6
f 3315/7486/6 3322/7489/6 3335/7491/6
f 3339/4120/6 3340/7498/6 3347/7499/6
f 3321/7493/6 3315/7486/6 3335/7491/6
f 3339/4120/6 3347/7499/6 3346/7500/6
f 3321/7493/6 3335/7491/6 3339/4120/6
f 3334/4122/6 3327/7497/6 3321/7493/6
f 3344/4121/6 3345/7501/6 3334/4122/6
f 3349/7502/6 3348/7503/6 3344/4121/6
f 3339/4120/6 3346/7500/6 3349/7502/6
f 3334/4122/6 3321/7493/6 3339/4120/6
f 3339/4120/6 3349/7502/6 3344/4121/6
f 192/4123/3 160/5585/3 158/4124/3
f 2766/897/1 2906/7504/1 2910/3857/1
f 3924/1839/3 3926/134/3 3925/4126/3
f 2376/4128/6 2375/3697/6 2353/1581/6
f 2605/4130/5 2604/2119/5 2607/1131/5
f 2980/7505/4 2832/889/4 2859/3032/4
f 2859/3032/4 2996/4566/4 3067/364/4
f 3067/364/4 3055/7506/4 2991/4131/4
f 2991/4131/4 2980/7505/4 2859/3032/4
f 637/765/2 571/763/2 572/1826/2
f 458/1478/6 459/3831/6 460/3830/6
f 172/954/4 173/3382/4 99/4132/4
f 1910/1057/3 1917/3788/3 1434/4133/3
f 3049/4134/1 3108/1147/1 3113/1149/1
f 2081/2496/3 2090/35/3 1929/36/3
f 1329/2849/5 3456/1584/5 3455/1583/5
f 2158/4135/6 2157/675/6 2159/863/6
f 2263/2278/4 2268/5739/4 2412/172/4
f 1233/4136/6 1235/4115/6 1237/4606/6
f 1232/4138/6 1236/4116/6 1234/7507/6
f 1233/4136/6 1237/4606/6 1231/4137/6
f 1232/4138/6 1234/7507/6 1233/4136/6
f 1537/549/5 1397/1644/5 1402/3259/5
f 3052/3981/1 2835/7508/1 2836/6983/1
f 2981/4140/1 2982/7509/1 3048/706/1
f 3052/3981/1 2836/6983/1 2981/4140/1
f 3499/2381/3 1452/2382/3 1442/2028/3
f 1100/3163/4 1039/1189/4 1042/4141/4
f 2913/1800/1 3023/931/1 3020/633/1
f 2185/747/4 2345/746/4 2346/909/4
f 391/2073/4 385/3508/4 452/653/4
f 997/3273/6 996/6935/6 994/562/6
f 414/3480/6 413/7157/6 412/1282/6
f 4042/1419/3 4045/7510/3 4025/7511/3
f 4025/7511/3 4031/7512/3 4015/4143/3
f 4015/4143/3 4016/7330/3 4017/7513/3
f 4017/7513/3 4024/7514/3 4026/4144/3
f 4026/4144/3 4043/7515/3 4042/1419/3
f 4042/1419/3 4025/7511/3 4015/4143/3
f 4015/4143/46 4017/7513/46 4026/4144/46
f 976/57/4 974/1195/4 919/1193/4
f 3547/1809/6 3550/2291/6 3549/4145/6
f 2631/2083/3 2632/3051/3 2299/4146/3
f 756/665/2 813/192/2 807/194/2
f 293/814/3 292/2242/3 260/4041/3
f 404/806/6 406/442/6 403/1646/6
f 1747/4149/1 1719/7516/1 1720/7517/1
f 1723/4147/1 1734/7518/1 1736/7519/1
f 1747/4149/1 1720/7517/1 1723/4147/1
f 1733/4148/1 1753/7520/1 1747/4149/1
f 1723/4147/1 1736/7519/1 1733/4148/1
f 3829/4150/4 3804/5032/4 3803/7521/4
f 3803/7521/4 3860/3089/4 3855/7522/4
f 3855/7522/4 3943/7523/4 3944/7524/4
f 3913/4151/4 3914/6231/4 3889/7525/4
f 3855/7522/4 3944/7524/4 3913/4151/4
f 3829/4150/4 3803/7521/4 3855/7522/4
f 3856/7526/4 3854/7527/4 3829/4150/4
f 3913/4151/4 3889/7525/4 3894/4152/4
f 3894/4152/4 3856/7526/4 3829/4150/4
f 3829/4150/4 3855/7522/4 3913/4151/4
f 4038/4153/5 3988/3030/5 3989/4154/5
f 1249/2429/3 1243/2430/3 1241/3980/3
f 634/3435/6 633/765/6 635/651/6
f 1259/2368/3 3247/5780/3 3248/4156/3
f 874/296/1 636/4110/1 572/7528/1
f 572/7528/1 425/7529/1 362/4157/1
f 362/4157/1 618/7530/1 638/4158/1
f 638/4158/1 850/7531/1 874/296/1
f 874/296/1 572/7528/1 362/4157/1
f 3212/3168/6 3211/1130/6 3213/1132/6
f 902/1669/2 876/4482/2 889/7532/2
f 888/4160/2 882/7533/2 963/1667/2
f 902/1669/2 889/7532/2 888/4160/2
f 1866/1232/5 2039/2000/5 2038/3816/5
f 3810/2426/1 3807/1415/1 3809/1413/1
f 3437/904/4 3505/1264/4 3506/1265/4
f 1863/620/4 2031/6417/4 2032/4162/4
f 432/3097/2 419/3095/2 420/1157/2
f 3280/7534/6 3279/1829/6 3274/5017/6
f 3276/4164/6 3275/3968/6 3269/4165/6
f 3280/7534/6 3274/5017/6 3276/4164/6
f 3269/4165/6 3278/4237/6 3277/4166/6
f 3277/4166/6 3280/7534/6 3276/4164/6
f 1704/3067/1 1557/1424/1 1548/161/1
f 3429/1130/1 3430/7332/1 3506/3813/1
f 1893/3844/5 2058/3843/5 2057/3357/5
f 2488/1519/4 2676/1518/4 2677/2780/4
f 2298/1883/6 2308/15/6 2309/2686/6
f 3211/2037/4 3212/3070/4 3105/4167/4
f 1500/1152/1 1493/1150/1 1336/2764/1
f 3049/2132/3 3038/5573/3 3096/5572/3
f 3097/4169/3 3163/7535/3 3162/2888/3
f 3049/2132/3 3096/5572/3 3097/4169/3
f 3100/4170/3 3108/2853/3 3049/2132/3
f 3097/4169/3 3162/2888/3 3100/4170/3
f 3039/1478/1 3084/1480/1 3096/4171/1
f 2750/7536/6 2754/7537/6 2755/4172/6
f 2755/4172/6 2762/7538/6 2769/4173/6
f 2769/4173/6 2782/7539/6 2781/7540/6
f 2781/7540/6 2791/787/6 2790/7541/6
f 2780/7542/6 2779/7543/6 2761/7544/6
f 2781/7540/6 2790/7541/6 2780/7542/6
f 2769/4173/6 2781/7540/6 2780/7542/6
f 2761/7544/6 2760/7545/6 2752/4174/6
f 2769/4173/6 2780/7542/6 2761/7544/6
f 2752/4174/6 2751/7546/6 2750/7536/6
f 2769/4173/6 2761/7544/6 2752/4174/6
f 2752/4174/4 2750/7536/4 2755/4172/4
f 1408/1087/5 1897/3120/5 1896/3121/5
f 3380/619/3 3385/969/3 3386/970/3
f 2817/2546/5 2938/1285/5 2936/1592/5
f 2242/2039/6 2229/361/6 2241/360/6
f 2526/4178/3 2036/4979/3 2037/4176/3
f 2037/4176/3 2189/7547/3 2347/7548/3
f 2348/4177/3 2527/5128/3 2526/4178/3
f 2037/4176/3 2347/7548/3 2348/4177/3
f 1609/678/1 1612/1999/1 1496/1571/1
f 3312/4062/4 3309/2507/4 3349/2506/4
f 3566/1906/2 3557/1410/2 3555/2702/2
f 1196/4180/4 1180/5367/4 1181/3936/4
f 1193/4179/4 1195/7549/4 1196/4180/4
f 443/1964/6 444/6434/6 441/3243/6
f 2528/4183/4 2190/7550/4 2200/5020/4
f 2353/4181/4 2375/7551/4 2538/4182/4
f 2528/4183/4 2200/5020/4 2353/4181/4
f 436/2915/2 502/139/2 449/137/2
f 4058/1883/2 4070/1882/2 4069/4185/2
f 3963/3771/6 3965/3770/6 3964/322/6
f 3179/2168/4 3215/7344/4 3208/4186/4
f 1670/2643/3 1675/4063/3 1576/4187/3
f 2136/7552/3 2289/6790/3 2290/7553/3
f 2429/4188/3 2415/7178/3 2597/7554/3
f 2136/7552/3 2290/7553/3 2429/4188/3
f 2621/4190/3 2135/3479/3 2136/7552/3
f 2772/7555/3 2771/4782/3 2621/4190/3
f 2429/4188/3 2597/7554/3 2610/4189/3
f 2610/4189/3 2772/7555/3 2621/4190/3
f 2621/4190/3 2136/7552/3 2429/4188/3
f 2303/3637/4 2453/3636/4 2454/4191/4
f 3718/867/2 3689/866/2 3691/4192/2
f 3684/601/1 3681/600/1 3683/3514/1
f 3680/1967/6 3679/3470/6 3678/4103/6
f 2000/4193/4 2001/7556/4 1815/3323/4
f 1827/4194/4 1698/4574/4 1699/4017/4
f 2000/4193/4 1815/3323/4 1827/4194/4
f 2170/4016/4 2171/7557/4 2000/4193/4
f 1827/4194/4 1699/4017/4 2170/4016/4
f 937/2878/3 940/2434/3 939/3058/3
f 2177/2551/6 2175/673/6 2176/675/6
f 1154/543/3 1151/542/3 1152/4195/3
f 2752/946/1 2895/3326/1 2896/126/1
f 3180/944/5 3178/945/5 3208/4159/5
f 3112/7558/6 3105/7559/6 3111/556/6
f 3111/556/6 3116/7560/6 3115/4197/6
f 3115/4197/11 3119/7561/11 3131/7562/11
f 3131/7562/6 3141/7563/6 3140/7564/6
f 3140/7564/6 3137/1170/6 3139/7565/6
f 3140/7564/6 3139/7565/6 3132/4198/6
f 3131/7562/6 3140/7564/6 3132/4198/6
f 3112/7558/6 3111/556/6 3115/4197/6
f 3115/4197/6 3131/7562/6 3132/4198/6
f 3114/4196/6 3112/7558/6 3115/4197/6
f 1658/2097/3 1659/2901/3 1560/750/3
f 3122/2849/6 3121/1584/6 3120/943/6
f 1608/3772/3 1609/2119/3 1497/2748/3
f 2057/3185/6 2064/3595/6 2063/7566/6
f 2062/4199/6 2067/7567/6 2068/2941/6
f 2057/3185/6 2063/7566/6 2062/4199/6
f 3334/6767/5 3301/6768/5 3300/3267/5
f 3332/4200/5 3360/7568/5 3358/7569/5
f 3333/4201/5 3334/6767/5 3300/3267/5
f 3332/4200/5 3358/7569/5 3333/4201/5
f 2127/4202/4 2128/7570/4 2126/7571/4
f 1968/4662/4 1965/664/4 2133/4203/4
f 2127/4202/4 2126/7571/4 1968/4662/4
f 2296/4204/4 2287/7572/4 2127/4202/4
f 2133/4203/4 2134/7573/4 2296/4204/4
f 2127/4202/4 1968/4662/4 2133/4203/4
f 3672/2644/6 3669/46/6 3670/1/6
f 2729/4205/2 2730/2381/2 2865/2949/2
f 1733/3039/6 1736/125/6 1735/4206/6
f 287/3598/6 288/3597/6 285/2057/6
f 3287/3695/3 3288/1940/3 3254/606/3
f 2236/533/4 2385/3516/4 2379/2010/4
f 1035/2368/3 1036/550/3 1012/1712/3
f 1210/3297/5 1223/6802/5 1222/4209/5
f 1452/4211/1 3499/3909/1 3504/3634/1
f 1750/2360/1 1751/3865/1 1768/4058/1
f 1794/1613/5 1966/3691/5 1965/2964/5
f 1082/1496/6 1081/4652/6 1080/3665/6
f 1676/292/5 1677/961/5 1579/4214/5
f 771/4215/4 827/626/4 828/627/4
f 1331/2244/4 3455/2243/4 3451/2534/4
f 232/1819/2 192/1818/2 187/1564/2
f 3202/2957/1 3204/7574/1 3146/4216/1
f 3146/4216/1 3089/671/1 3087/2928/1
f 3149/2930/1 3202/2957/1 3146/4216/1
f 964/3664/4 965/3666/4 951/417/4
f 3006/2689/4 3075/6090/4 3069/4217/4
f 3019/3552/6 3018/3551/6 3016/4205/6
f 290/2913/2 289/1488/2 327/2876/2
f 1579/930/4 1677/532/4 1672/530/4
f 751/4218/4 800/2662/4 801/2663/4
f 1041/2701/6 1040/2703/6 1042/565/6
f 4007/4123/1 4023/689/1 4019/7575/1
f 4006/4220/1 4005/5642/1 4004/2160/1
f 4007/4123/1 4019/7575/1 4006/4220/1
f 597/3826/3 595/3825/3 596/4221/3
f 809/4222/4 859/3933/4 860/3934/4
f 566/2614/3 565/2613/3 526/4223/3
f 3585/1216/6 3584/976/6 3583/2155/6
f 1791/4224/1 1788/6890/1 1970/3416/1
f 1968/4225/1 1967/7576/1 1303/2937/1
f 1791/4224/1 1970/3416/1 1968/4225/1
f 1303/2937/1 1304/7577/1 1791/4224/1
f 647/1635/2 699/3341/2 693/3708/2
f 3944/3602/6 3943/602/6 3939/4096/6
f 3415/342/4 3422/1304/4 3423/1306/4
f 461/8/4 673/4255/4 652/787/4
f 1348/2993/1 1541/3202/1 1544/3203/1
f 2461/4230/3 2478/7578/3 2479/7579/3
f 2319/4228/3 2320/4570/3 2146/7580/3
f 2461/4230/3 2479/7579/3 2319/4228/3
f 2301/4827/3 2451/838/3 2461/4230/3
f 2319/4228/3 2146/7580/3 2313/4229/3
f 2313/4229/3 2301/4827/3 2461/4230/3
f 3297/4231/6 3293/2592/6 3288/915/6
f 343/4232/2 346/1419/2 407/4233/2
f 3486/4234/3 1428/562/3 1404/4235/3
f 3325/3720/3 3326/3831/3 3289/3829/3
f 261/4236/4 294/4080/4 295/4079/4
f 3621/1260/2 3599/1261/2 3594/2671/2
f 2831/3639/3 2691/1392/3 2692/4165/3
f 2693/4237/3 2973/6441/3 2977/3638/3
f 2831/3639/3 2692/4165/3 2693/4237/3
f 415/4049/4 365/3592/4 416/1691/4
f 2615/4238/2 2613/2066/2 2624/4239/2
f 3407/4063/1 3423/2715/1 3425/1364/1
f 837/2365/3 836/1745/3 794/2199/3
f 4001/4242/1 4012/7581/1 4036/7582/1
f 4034/4240/1 4047/3823/1 4049/1238/1
f 4001/4242/1 4036/7582/1 4034/4240/1
f 3966/5702/1 3968/5703/1 4001/4242/1
f 3999/4241/1 3998/7583/1 3966/5702/1
f 4034/4240/1 4049/1238/1 3999/4241/1
f 3999/4241/1 3966/5702/1 4001/4242/1
f 3871/4244/4 3812/3004/4 3813/6425/4
f 3843/4243/4 3845/7584/4 3874/3769/4
f 3871/4244/4 3813/6425/4 3843/4243/4
f 2990/1952/3 2989/3027/3 2988/1221/3
f 2860/2859/1 3002/1568/1 2996/1985/1
f 1572/4245/3 1565/2141/3 1668/3175/3
f 74/4246/3 76/427/3 10/2295/3
f 2920/2271/4 3022/3133/4 3023/4247/4
