# Blender 5.0.1
# www.blender.org
mtllib bookshelf_2.mtl
o bookshelf_2
v -4.000001 -0.000001 2.000000
v -3.700001 -0.000001 2.000000
v 3.700001 -0.000001 2.000000
v 4.000001 -0.000001 2.000000
v -4.000001 -0.000001 -2.000000
v -3.700001 -0.000001 -2.000000
v 3.700001 -0.000001 -2.000000
v 4.000001 -0.000001 -2.000000
v -3.700001 0.299999 2.000000
v 3.700001 0.299999 2.000000
v -3.700001 0.299999 -2.000000
v 3.700001 0.299999 -2.000000
v -3.400001 0.299999 2.000000
v 3.400001 0.299999 2.000000
v -3.400001 0.299999 -2.000000
v 3.400001 0.299999 -2.000000
v -3.400001 0.599999 2.000000
v 3.400001 0.599999 2.000000
v -3.400001 0.599999 -2.000000
v 3.400001 0.599999 -2.000000
v -3.100001 0.599999 2.000000
v 3.100001 0.599999 2.000000
v -3.100001 0.599999 -2.000000
v 3.100001 0.599999 -2.000000
v -3.100001 0.899999 2.000000
v 3.100001 0.899999 2.000000
v -3.100001 0.899999 -2.000000
v 3.100001 0.899999 -2.000000
v -2.500000 0.899999 2.000000
v 2.500000 0.899999 2.000000
v -2.500000 0.899999 -2.000000
v 2.500000 0.899999 -2.000000
v -2.500000 1.099999 2.000000
v 2.500000 1.099999 2.000000
v -2.500000 1.099999 -2.000000
v 2.500000 1.099999 -2.000000
v -1.100000 1.099999 2.000000
v 1.100000 1.099999 2.000000
v -1.100000 1.099999 -2.000000
v 1.100000 1.099999 -2.000000
v -1.100000 1.299999 2.000000
v 1.100000 1.299999 2.000000
v -1.100000 1.299999 -2.000000
v 1.100000 1.299999 -2.000000
v -1.800000 3.200000 2.000000
v 0.000000 3.300000 1.900000
v 0.000000 3.200000 1.900000
v 0.900000 3.200000 1.900000
v 0.900000 3.300000 1.900000
v 0.000000 3.300000 1.000000
v 0.000000 3.200000 1.000000
v 0.900000 3.200000 1.000000
v 0.900000 3.300000 1.000000
v 0.000000 3.200000 0.800000
v 0.900000 3.200000 0.800000
v -1.800000 3.200000 0.600000
v 0.000000 3.200000 0.500000
v 0.900000 3.200000 0.500000
v 0.300000 3.500000 0.700000
v 0.300000 3.500000 0.600000
v 0.300000 3.600000 0.600000
v 0.300000 3.600000 0.700000
v 0.200000 3.500000 0.600000
v 0.200000 3.500000 0.700000
v 0.700000 3.500000 0.700000
v 0.700000 3.500000 0.600000
v 0.600000 3.600000 0.600000
v 0.600000 3.500000 0.600000
v 0.600000 3.500000 0.700000
v 0.600000 3.600000 0.700000
v 0.200000 3.700000 0.600000
v 0.200000 3.700000 0.700000
v 0.700000 3.700000 0.600000
v 0.700000 3.700000 0.700000
v -1.800001 4.100000 2.000000
v -1.800001 4.100000 0.600000
v -3.200001 4.700000 1.700001
v -3.200001 4.700000 1.600000
v -3.200001 4.600000 1.700000
v -1.500000 4.600000 1.700000
v -1.500000 4.700000 1.600000
v -1.500000 4.700000 1.700001
v -3.200001 4.700000 1.200000
v -3.200001 4.600000 1.200000
v -1.500000 4.600000 1.200000
v -1.500000 4.700000 1.200000
v -2.300001 4.600000 0.800000
v -2.300001 4.700000 0.700000
v -2.300001 4.700000 0.800000
v -1.800000 4.700000 0.800000
v -1.700000 4.600000 0.800000
v -1.700001 4.700000 0.800000
v -1.800000 4.700000 0.700000
v -2.300001 4.700000 0.600000
v -2.300001 4.600000 0.600000
v -1.700000 4.600000 0.600000
v -1.700001 4.700000 0.600000
v -3.200001 4.800000 1.600000
v -3.200001 4.800000 1.500000
v -1.500000 4.800000 1.500000
v -1.500000 4.800000 1.600000
v -3.200001 4.800000 1.100000
v -3.200001 4.700000 1.100000
v -1.500000 4.700000 1.100000
v -1.500000 4.800000 1.100000
v -2.300001 4.700000 0.900000
v -2.300001 4.800000 0.800000
v -2.300001 4.800000 0.900000
v -1.900000 4.800000 0.900000
v -1.800001 4.700000 0.900000
v -1.800001 4.800000 0.900000
v -1.900000 4.800000 0.800000
v -2.300001 4.800000 0.700000
v -1.800001 4.800000 0.700000
v -3.200001 4.900000 1.500000
v -3.200001 4.900000 1.400000
v -1.500000 4.900000 1.400000
v -1.500000 4.900000 1.500000
v -3.200001 4.900000 1.000000
v -3.200001 4.800000 1.000000
v -2.300001 4.800000 1.000000
v -2.300001 4.900000 1.000000
v -1.900000 4.800000 1.000000
v -1.900000 4.900000 1.000000
v -1.500000 4.800000 1.000000
v -1.500000 4.900000 1.000000
v -2.300001 4.900000 0.900000
v -1.900000 4.900000 0.900000
v -2.300001 4.900000 0.800000
v -1.900000 4.900000 0.800000
v -3.200001 5.000000 1.400000
v -3.200001 5.000000 1.300000
v -1.500000 5.000000 1.300000
v -1.500000 5.000000 1.400000
v -3.200001 5.000000 0.900000
v -3.200001 4.900000 0.900000
v -1.500000 4.900000 0.900000
v -1.500000 5.000000 0.900000
v -3.200001 5.100000 1.300000
v -3.200001 5.100000 1.200000
v -1.500000 5.100000 1.200000
v -1.500000 5.100000 1.300000
v -3.200001 5.100000 0.800000
v -3.200001 5.000000 0.800000
v -1.500000 5.000000 0.800000
v -1.500000 5.100000 0.800000
v -3.200001 5.200000 1.200000
v -3.200001 5.200000 1.100000
v -1.500000 5.200000 1.100000
v -1.500000 5.200000 1.200000
v -3.200001 5.200000 0.700000
v -3.200001 5.100000 0.700000
v -1.500000 5.100000 0.700000
v -1.500000 5.200000 0.700000
v -3.200001 5.300000 1.100000
v -1.500000 5.300000 1.100000
v -3.200001 5.300000 0.600000
v -3.200001 5.200000 0.600000
v -1.500000 5.200000 0.600000
v -1.500000 5.300000 0.600000
v 3.500001 6.000000 2.000000
v 1.900000 6.100000 1.700001
v 2.000000 6.100000 1.600000
v 1.900000 6.000000 1.700000
v 2.100000 6.000000 1.700000
v 2.100000 6.000000 1.600000
v 2.100000 6.100000 1.600000
v 2.100000 6.100000 1.700001
v 2.500000 6.100000 1.700001
v 2.500000 6.100000 1.600000
v 2.600001 6.100000 1.600000
v 2.500000 6.000000 1.700000
v 2.500000 6.000000 1.600000
v 2.700001 6.000000 1.700000
v 2.700001 6.100000 1.700001
v 2.200001 6.000000 1.600000
v 2.200001 6.000000 1.500000
v 2.200001 6.100000 1.500000
v 2.200001 6.100000 1.600000
v 2.400001 6.000000 1.600000
v 2.400001 6.000000 1.500000
v 2.400001 6.100000 1.500000
v 2.400001 6.100000 1.600000
v -1.800001 6.100000 1.500000
v -1.700000 6.100000 1.400000
v -1.800000 6.000000 1.500000
v -1.600000 6.000000 1.500000
v -1.600000 6.000000 1.400000
v -1.600000 6.100000 1.400000
v -1.600000 6.100000 1.500000
v -1.100000 6.100000 1.500000
v -1.100000 6.100000 1.400000
v -1.000000 6.100000 1.400000
v -1.100000 6.000000 1.500000
v -1.100000 6.000000 1.400000
v -0.900000 6.000000 1.500000
v -0.900000 6.100000 1.500000
v -1.700001 6.100000 1.300000
v -1.800001 6.100000 1.300000
v -1.800000 6.000000 1.300000
v -1.600000 6.000000 1.300000
v -1.600000 6.100000 1.300000
v -1.500000 6.000000 1.400000
v -1.500000 6.000000 1.300000
v -1.200000 6.000000 1.400000
v -1.200000 6.000000 1.300000
v -1.000000 6.100000 1.300000
v -1.100000 6.100000 1.300000
v -1.100000 6.000000 1.300000
v -0.900000 6.000000 1.300000
v -0.900000 6.100000 1.300000
v 2.200001 6.100000 1.000000
v 2.200001 6.000000 1.000000
v 2.400001 6.000000 1.000000
v 2.400001 6.100000 1.000000
v 2.000000 6.100000 0.900000
v 1.900000 6.100000 0.900000
v 1.900000 6.000000 0.900000
v 2.200001 6.000000 0.900000
v 2.200001 6.100000 0.900000
v 2.400001 6.100000 0.900000
v 2.400001 6.000000 0.900000
v 2.600001 6.100000 0.900000
v 2.700001 6.000000 0.900000
v 2.700001 6.100000 0.900000
v -1.600000 6.000000 0.900000
v -1.600000 6.100000 0.800000
v -1.600000 6.100000 0.900000
v -1.100000 6.000000 0.900000
v -1.100000 6.100000 0.800000
v -1.100000 6.100000 0.900000
v -1.600000 6.100000 0.700000
v -1.600000 6.000000 0.700000
v -1.100000 6.000000 0.700000
v -1.100000 6.100000 0.700000
v -3.500001 6.000000 0.500000
v 3.500001 6.000000 0.500000
v -1.700001 6.200001 1.400000
v -1.700001 6.200001 1.300000
v -1.500000 6.200001 1.300000
v -1.500000 6.200001 1.400000
v -1.200000 6.200001 1.400000
v -1.200000 6.200001 1.300000
v -1.000000 6.200001 1.300000
v -1.000000 6.200001 1.400000
v 2.000000 6.200001 1.000000
v 2.600001 6.200001 1.000000
v -1.600000 6.100000 1.000000
v -1.600000 6.200001 0.900000
v -1.500000 6.200001 1.000000
v -1.100000 6.100000 1.000000
v -1.100000 6.200001 0.900000
v -1.100000 6.200001 1.000000
v 2.000000 6.200001 0.900000
v 2.600001 6.200001 0.900000
v -1.600000 6.200001 0.800000
v -1.100000 6.200001 0.800000
v 2.000000 6.300001 1.600000
v 2.100000 6.300001 1.500000
v 2.500000 6.300001 1.500000
v 2.600001 6.300001 1.600000
v 2.000000 6.300001 1.400000
v 2.600001 6.300001 1.400000
v -1.500000 6.200001 1.100000
v -1.500000 6.300001 1.000000
v -1.500000 6.300001 1.100000
v -1.200000 6.300001 1.100000
v -1.100000 6.200001 1.100000
v -1.100000 6.300001 1.100000
v -1.200000 6.300001 1.000000
v 2.100000 6.300001 1.000000
v 2.000000 6.300001 1.000000
v 2.500000 6.300001 1.000000
v 2.600001 6.300001 1.000000
v -1.600000 6.300001 0.900000
v -1.600000 6.300001 1.000000
v -1.100000 6.300001 0.900000
v 2.100000 6.400001 1.400000
v 2.500000 6.400001 1.400000
v 2.100000 6.400001 1.000000
v 2.500000 6.400001 1.000000
v 2.200001 6.500000 1.600000
v 2.200001 6.500000 1.500000
v 2.200001 6.400001 1.600000
v 2.200001 6.400001 1.500000
v 2.400001 6.400001 1.600000
v 2.400001 6.400001 1.500000
v 2.400001 6.500000 1.500000
v 2.400001 6.500000 1.600000
v 2.600001 6.400001 1.400000
v 2.000000 6.600000 1.400000
v 2.600001 6.600000 1.400000
v -3.500001 6.800001 0.500000
v -3.400001 6.800001 0.500000
v 3.400001 6.800001 0.500000
v 3.500001 6.800001 0.500000
v -3.500001 6.800001 2.000000
v 3.500001 6.800001 2.000000
v -3.400001 6.900001 0.500000
v -3.300001 6.900001 0.500000
v 3.300001 6.900001 0.500000
v 3.400001 6.900001 0.500000
v -3.400001 6.900001 2.000000
v 3.400001 6.900001 2.000000
v -3.300001 7.000001 0.500000
v 3.300001 7.000001 0.500000
v -3.300001 7.000001 2.000000
v 3.300001 7.000001 2.000000
v -4.000001 7.400001 2.000000
v -3.900001 7.400001 2.000000
v 3.900001 7.400001 2.000000
v 4.000001 7.400001 2.000000
v -3.900001 7.400001 -2.000000
v -4.000001 7.400001 -2.000000
v 3.900001 7.400001 -2.000000
v 4.000001 7.400001 -2.000000
v -3.900001 7.500001 2.000000
v -3.800001 7.500001 2.000000
v 3.800001 7.500001 2.000000
v 3.900001 7.500001 2.000000
v -3.800001 7.500001 -2.000000
v -3.900001 7.500001 -2.000000
v 3.800001 7.500001 -2.000000
v 3.900001 7.500001 -2.000000
v -3.800001 7.600001 2.000000
v -3.500001 7.600001 2.000000
v 3.600001 7.600001 2.000000
v 3.800001 7.600001 2.000000
v -3.800001 7.600001 -2.000000
v -3.500001 7.600001 -2.000000
v 3.600001 7.600001 -2.000000
v 3.800001 7.600001 -2.000000
v -3.500001 7.700001 2.000000
v 3.600001 7.700001 2.000000
v -3.500001 7.700001 -2.000000
v 3.600001 7.700001 -2.000000
v -1.700000 3.200000 1.900000
v -1.500000 3.200000 1.900000
v -1.000000 3.200000 1.900000
v -0.200000 3.200000 1.900000
v 1.200000 3.200000 2.000000
v 1.400000 3.200000 2.000000
v 3.500001 3.200000 2.000000
v 2.100000 3.200000 1.700000
v 2.800001 3.200000 1.700000
v 1.900000 3.200000 1.600000
v 2.100000 3.200000 1.600000
v 2.800001 3.200000 1.600000
v 3.000001 3.200000 1.600000
v 1.800000 3.200000 1.500000
v 1.900000 3.200000 1.500000
v 3.000001 3.200000 1.500000
v 3.100001 3.200000 1.500000
v 1.700000 3.200000 1.400000
v 1.800001 3.200000 1.400000
v 3.100001 3.200000 1.400000
v 3.200001 3.200000 1.400000
v 1.700000 3.200000 1.000000
v 3.200001 3.200000 1.000000
v 1.800000 3.200000 0.900000
v 1.800001 3.200000 1.000000
v 3.100001 3.200000 1.000000
v 3.100001 3.200000 0.900000
v 1.900000 3.200000 0.800000
v 1.900000 3.200000 0.900000
v 3.000001 3.200000 0.900000
v 3.000001 3.200000 0.800000
v 2.100000 3.200000 0.700000
v 2.100000 3.200000 0.800000
v 2.800001 3.200000 0.800000
v 2.800001 3.200000 0.700000
v -1.700000 3.200000 0.600000
v -1.500000 3.200000 0.600000
v -1.000000 3.200000 0.600000
v -0.200000 3.200000 0.600000
v -3.500001 3.200000 0.600000
v -3.500001 3.200000 0.500000
v 1.200000 3.200000 0.500000
v 1.400000 3.200000 0.500000
v 3.500001 3.200000 0.500000
v 2.100000 3.400000 0.500000
v 2.800001 3.400000 0.500000
v 0.000000 3.500000 0.500000
v 0.900000 3.500000 0.500000
v 2.100000 3.500000 0.500000
v 2.800001 3.500000 0.500000
v -3.500001 4.100000 2.000000
v -3.500001 4.100000 0.600000
v -3.500001 4.200000 2.000000
v 1.200000 4.200000 2.000000
v 1.400000 4.200000 2.000000
v 3.500001 4.200000 2.000000
v -3.500001 4.200000 0.500000
v 1.200000 4.200000 0.500000
v 1.400000 4.200000 0.500000
v 3.500001 4.200000 0.500000
v -3.500001 4.600000 2.000000
v 3.500001 4.600000 2.000000
v -0.800000 4.600000 1.700000
v -0.700000 4.600000 1.700000
v -0.500000 4.600000 1.700000
v -0.200000 4.600000 1.700000
v 0.000000 4.600000 1.700000
v 0.100000 4.600000 1.700000
v 2.600001 4.600000 1.700000
v 3.000001 4.600000 1.700000
v 1.200000 4.600000 1.600000
v 1.600000 4.600000 1.600000
v 2.500000 4.600000 1.600000
v 2.600001 4.600000 1.600000
v 3.000001 4.600000 1.600000
v 3.100001 4.600000 1.600000
v 1.100000 4.600000 1.500000
v 1.200000 4.600000 1.500000
v 1.600000 4.600000 1.500000
v 1.700000 4.600000 1.500000
v 2.400001 4.600000 1.500000
v 2.500000 4.600000 1.500000
v 3.100001 4.600000 1.500000
v 3.200001 4.600000 1.500000
v -0.200000 4.600000 1.300000
v 0.000000 4.600000 1.300000
v 1.100000 4.600000 1.100000
v 1.700000 4.600000 1.100000
v 1.200000 4.600000 1.000000
v 1.200000 4.600000 1.100000
v 1.600000 4.600000 1.100000
v 1.600000 4.600000 1.000000
v 2.400001 4.600000 1.000000
v 3.200001 4.600000 1.000000
v -0.800000 4.600000 0.900000
v -0.700000 4.600000 0.900000
v -0.500000 4.600000 0.900000
v 0.100000 4.600000 0.900000
v 2.500000 4.600000 0.900000
v 2.500000 4.600000 1.000000
v 3.100001 4.600000 1.000000
v 3.100001 4.600000 0.900000
v 2.600001 4.600000 0.800000
v 2.600001 4.600000 0.900000
v 3.000001 4.600000 0.900000
v 3.000001 4.600000 0.800000
v -3.500001 4.600000 0.500000
v 3.500001 4.600000 0.500000
v 1.200000 5.200000 1.600000
v 1.300000 5.200000 1.500000
v 1.400000 5.200000 1.500000
v 1.600000 5.200000 1.600000
v 1.100000 5.200000 1.500000
v 1.700000 5.200000 1.500000
v 1.400000 5.200000 1.300000
v 1.500000 5.200000 1.300000
v 1.100000 5.200000 1.100000
v 1.300000 5.200000 1.100000
v 1.700000 5.200000 1.100000
v 1.200000 5.200000 1.000000
v 1.400000 5.200000 1.000000
v 1.400000 5.200000 1.100000
v 1.500000 5.200000 1.000000
v 1.600000 5.200000 1.000000
v -3.500001 5.600000 2.000000
v 3.500001 5.600000 2.000000
v -3.500001 5.600000 0.500000
v 3.500001 5.600000 0.500000
v 2.700001 5.600000 0.500000
v 1.300000 5.600000 1.400000
v 1.400000 5.600000 1.400000
v 1.300000 5.600000 1.300000
v 1.400000 5.600000 1.300000
v -3.500001 6.000000 2.000000
v -3.400001 6.000000 1.900000
v -2.700001 6.000000 1.900000
v -0.300000 6.000000 1.800000
v 0.000000 6.000000 1.800000
v 2.900001 6.000000 1.800000
v 3.300001 6.000000 1.800000
v -0.400000 6.000000 1.700000
v -0.300000 6.000000 1.700001
v 0.000000 6.000000 1.700001
v 0.100000 6.000000 1.700000
v 0.800000 6.000000 1.700000
v 1.500000 6.000000 1.700000
v -0.600000 6.000000 1.600000
v -0.400000 6.000000 1.600000
v -0.600000 6.000000 1.400000
v -0.400000 6.000000 1.300000
v -0.400000 6.000000 1.400000
v 0.100000 6.000000 1.300000
v -1.600000 6.000000 1.200000
v -1.100000 6.000000 1.200000
v -0.300000 6.000000 1.200000
v -0.300000 6.000000 1.300000
v 0.000000 6.000000 1.300000
v 0.000000 6.000000 1.200000
v 0.800000 6.000000 1.100000
v 1.500000 6.000000 1.100000
v 2.900001 6.000000 0.800000
v 3.300001 6.000000 0.800000
v -3.400001 6.000000 0.600000
v -2.700001 6.000000 0.600000
v 2.000000 6.400001 1.400000
v 1.900000 6.300001 1.400000
v 2.700001 6.300001 1.400000
v 2.000000 6.400001 1.000000
v 1.900000 6.300001 1.000000
v 2.700001 6.300001 1.000000
v 2.600001 6.400001 1.000000
v 2.100000 6.400001 0.900000
v 2.500000 6.400001 0.900000
v 1.900000 6.600001 1.400000
v 2.700001 6.600001 1.400000
v 2.000000 6.600000 1.000000
v 1.900000 6.600001 1.000000
v 2.600001 6.600000 1.000000
v 2.700001 6.600001 1.000000
v 2.100000 6.700001 1.500000
v 2.100000 6.700001 1.400000
v 2.500000 6.700001 1.400000
v 2.500000 6.700001 1.500000
v 2.000000 6.700001 1.400000
v 2.600001 6.700001 1.400000
v 2.100000 6.700001 1.000000
v 2.000000 6.700001 1.000000
v 2.600001 6.700001 1.000000
v 2.500000 6.700001 1.000000
v 2.100000 6.700001 0.900000
v 2.500000 6.700001 0.900000
v 2.100000 6.800001 1.400000
v 2.100000 6.800001 1.300000
v 2.200001 6.800001 1.300000
v 2.200001 6.800001 1.400000
v 2.400001 6.800001 1.400000
v 2.500000 6.800001 1.300000
v 2.500000 6.800001 1.400000
v 2.400001 6.800001 1.300000
v 2.100000 6.800001 1.100000
v 2.500000 6.800001 1.100000
v 2.200001 6.800001 1.000000
v 2.100000 6.800001 1.000000
v 2.200001 6.800001 1.100000
v 2.400001 6.800001 1.000000
v 2.500000 6.800001 1.000000
v 2.400001 6.800001 1.100000
v -3.400001 6.800001 2.000000
v -3.400001 6.800001 1.900001
v 3.400001 6.800001 2.000000
v 2.200001 6.900001 1.400000
v 2.200001 6.900001 1.300000
v 2.400001 6.900001 1.300000
v 2.400001 6.900001 1.400000
v 2.100000 6.900001 1.300000
v 2.500000 6.900001 1.300000
v 2.200001 6.900001 1.100000
v 2.100000 6.900001 1.100000
v 2.400001 6.900001 1.100000
v 2.500000 6.900001 1.100000
v 2.200001 6.900001 1.000000
v 2.400001 6.900001 1.000000
v -3.400001 6.800001 0.600000
v -3.300001 6.900001 2.000000
v 3.300001 6.900001 2.000000
v -0.300000 6.100000 1.700001
v 0.000000 6.100000 1.700001
v -0.400000 6.100000 1.600000
v -0.300000 6.100000 1.300000
v -0.400000 6.100000 1.400000
v 0.000000 6.100000 1.300000
v -1.600000 6.300001 1.100000
v -1.600001 6.400001 1.100000
v -1.600000 6.400001 1.200000
v -1.100000 6.400001 1.100000
v -1.100000 6.400001 1.200000
v -1.600000 6.500000 1.100000
v -1.600000 6.500000 1.200000
v -1.100000 6.500000 1.100000
v -1.100000 6.500000 1.200000
v -1.600000 6.500000 1.000000
v -1.100000 6.500000 1.000000
v -1.700000 6.700001 1.000000
v -1.700000 6.700001 1.100000
v -1.000000 6.700001 1.000000
v -1.000000 6.700001 1.100000
v -1.600000 6.800001 1.000000
v -1.600000 6.800001 1.100000
v -1.100000 6.800001 1.000000
v -1.100000 6.800001 1.100000
v 1.500000 6.100000 1.700000
v 1.500000 6.100000 1.100000
v 0.800000 6.300001 1.700000
v 1.500000 6.300001 1.700000
v 0.800000 6.300001 1.100000
v 1.500000 6.300001 1.100000
v 1.000000 6.400001 1.700000
v 1.500000 6.400001 1.700001
v 1.000000 6.400001 1.100000
v 1.500000 6.400001 1.100000
v 0.600000 6.500000 1.700000
v 0.600000 6.500000 1.100000
v 0.600000 6.700001 1.700001
v 1.000000 6.700001 1.700001
v 0.600000 6.700001 1.100000
v 1.000000 6.700001 1.100000
v -1.500000 3.300000 1.900000
v -1.500000 3.300000 0.600000
v -1.300000 3.300000 1.900000
v -1.300000 3.400000 1.900000
v -1.300000 3.300000 0.600000
v -1.300000 3.400000 0.600000
v -1.700001 3.500000 1.900000
v -1.500000 3.500000 1.900000
v -1.000000 3.400000 1.900000
v -1.700001 3.500000 0.600000
v -1.500000 3.500000 0.600000
v -1.000000 3.400000 0.600000
v -1.500000 3.600000 1.900000
v -1.300000 3.600000 1.900000
v -0.800000 3.500000 1.900000
v -1.500000 3.600000 0.600000
v -1.300000 3.600000 0.600000
v -0.800000 3.500000 0.600000
v -1.300000 3.700000 1.900000
v -1.000000 3.700000 1.900000
v -1.300000 3.700000 0.600000
v -1.000000 3.700000 0.600000
v -1.000000 3.800000 1.900000
v -0.800000 3.800000 1.900000
v -1.000000 3.800000 0.600000
v -0.800000 3.800000 0.600000
v -0.200000 3.500000 1.900000
v -0.200000 3.500000 0.600000
v -0.300000 6.400001 1.800000
v -0.300000 6.300001 1.800000
v -0.300000 6.400001 1.900000
v -0.300000 6.300001 1.900000
v 0.000000 6.300001 1.900000
v 0.000000 6.300001 1.800000
v 0.000000 6.400001 1.800000
v 0.000000 6.400001 1.900000
v -0.300000 6.300001 1.700001
v -0.300000 6.400001 1.700001
v -0.400000 6.400001 1.700001
v -0.400000 6.300001 1.700001
v -0.400000 6.400001 1.800001
v -0.400000 6.300001 1.800001
v 0.100000 6.300001 1.800001
v 0.100000 6.300001 1.700001
v 0.100000 6.400001 1.700001
v 0.100000 6.400001 1.800001
v 0.000000 6.400001 1.700001
v 0.000000 6.300001 1.700001
v -0.400000 6.300001 1.600001
v -0.500000 6.400001 1.700001
v -0.500000 6.300001 1.700001
v -0.500000 6.300001 1.600000
v 0.200000 6.300001 1.700001
v 0.200000 6.400001 1.700001
v -0.400000 6.300001 1.400000
v -0.500000 6.300001 1.400000
v -0.400000 6.300001 1.300000
v -0.400000 6.400001 1.300000
v -0.500000 6.400001 1.300000
v -0.500000 6.300001 1.300000
v 0.200000 6.300001 1.300000
v 0.200000 6.400001 1.300000
v 0.100000 6.400001 1.300000
v 0.100000 6.300001 1.300000
v -0.300000 6.300001 1.300000
v -0.300000 6.300001 1.200000
v -0.300000 6.400001 1.200000
v -0.300000 6.400001 1.300000
v -0.400000 6.400001 1.200000
v -0.400000 6.300001 1.200000
v 0.100000 6.300001 1.200000
v 0.100000 6.400001 1.200000
v 0.000000 6.400001 1.200000
v 0.000000 6.300001 1.200000
v 0.000000 6.400001 1.300000
v 0.000000 6.300001 1.300000
v -1.200000 6.400001 1.100000
v -0.300000 6.400001 1.100000
v -0.300000 6.300001 1.100000
v 0.000000 6.300001 1.100000
v 0.000000 6.400001 1.100000
v -1.100000 6.400001 1.000000
v -1.200000 6.400001 1.000000
v -0.200000 4.900000 1.600000
v -0.200000 4.900000 1.500000
v -0.200000 5.000000 1.500000
v -0.200000 5.000000 1.600000
v -0.300000 5.000000 1.600000
v -0.300000 5.000000 1.500000
v -0.300000 4.900000 1.600000
v -0.300000 4.900000 1.500000
v -0.300000 5.100000 1.500000
v -0.300000 5.100000 1.600000
v -0.400000 5.100000 1.600000
v -0.400000 5.100000 1.500000
v -0.400000 5.000000 1.600000
v -0.400000 5.000000 1.500000
v -0.200000 5.100000 1.600000
v -0.200000 5.100000 1.500000
v -0.200000 5.200000 1.500000
v -0.200000 5.200000 1.600000
v -0.300000 5.200000 1.600000
v -0.300000 5.200000 1.500000
v -0.200000 5.300000 1.600000
v -0.100000 5.300000 1.600001
v -0.100000 5.200000 1.600000
v 2.100000 3.300000 1.700001
v 2.100000 3.300000 1.600000
v 2.800001 3.300000 1.600000
v 2.800001 3.300000 1.700001
v 1.900000 3.300000 1.600000
v 1.900000 3.300000 1.500000
v 3.000000 3.300000 1.500000
v 3.000000 3.300000 1.600000
v 1.800000 3.300000 1.500000
v 1.800000 3.300000 1.400000
v 3.100001 3.300000 1.400000
v 3.100001 3.300000 1.500000
v 1.700001 3.300000 1.400000
v 3.200001 3.300000 1.400000
v 1.800000 3.300000 1.000000
v 1.700001 3.300000 1.000000
v 3.100001 3.300000 1.000000
v 3.200001 3.300000 1.000000
v 1.900000 3.300000 0.900000
v 1.800000 3.300000 0.900000
v 3.000000 3.300000 0.900000
v 3.100001 3.300000 0.900000
v 1.900000 3.300000 0.800000
v 2.100000 3.300000 0.800000
v 2.800001 3.300000 0.800000
v 3.000000 3.300000 0.800000
v 2.100000 3.300000 0.700000
v 2.800001 3.300000 0.700000
v 2.100000 3.400000 1.700001
v 2.100000 3.400000 1.800000
v 2.100000 3.300000 1.800001
v 2.800001 3.300000 1.800001
v 2.800001 3.400000 1.700001
v 2.800001 3.400000 1.800000
v 1.900000 3.400000 1.600000
v 1.900000 3.400000 1.700001
v 1.900000 3.300000 1.700001
v 2.100000 3.400000 1.600000
v 2.800001 3.400000 1.600000
v 3.000001 3.300000 1.700001
v 3.000000 3.400000 1.600000
v 3.000000 3.400000 1.700001
v 1.900000 3.400000 1.500000
v 1.800000 3.400000 1.500000
v 1.800000 3.400000 1.600000
v 1.800001 3.300000 1.600000
v 3.100001 3.300000 1.600000
v 3.100001 3.400000 1.500000
v 3.100001 3.400000 1.600000
v 3.000001 3.400000 1.500000
v 1.800001 3.400000 1.400000
v 1.700001 3.400000 1.400000
v 1.700001 3.400000 1.500000
v 1.700001 3.300000 1.500000
v 3.200001 3.300000 1.500000
v 3.200001 3.400000 1.400000
v 3.200001 3.400000 1.500000
v 3.100001 3.400000 1.400000
v 1.600000 3.400000 1.400000
v 1.600000 3.300000 1.400000
v 3.300001 3.300000 1.400000
v 3.300001 3.400000 1.400000
v 1.700001 3.400000 1.000000
v 1.600000 3.400000 1.000000
v 1.600000 3.300000 1.000000
v 3.300001 3.300000 1.000000
v 3.300001 3.400000 1.000000
v 3.200001 3.400000 1.000000
v 1.800000 3.400000 0.900000
v 1.800001 3.400000 1.000000
v 1.700001 3.400000 0.900000
v 1.700001 3.300000 0.900000
v 3.200001 3.300000 0.900000
v 3.200001 3.400000 0.900000
v 3.100001 3.400000 0.900000
v 3.100001 3.400000 1.000000
v 1.900000 3.400000 0.800000
v 1.900000 3.400000 0.900000
v 1.800000 3.400000 0.800000
v 1.800001 3.300000 0.800000
v 3.100001 3.300000 0.800000
v 3.100001 3.400000 0.800000
v 3.000000 3.400000 0.800000
v 3.000001 3.400000 0.900000
v 1.900000 3.400000 0.700000
v 1.900000 3.300000 0.700000
v 2.100000 3.400000 0.700000
v 2.100000 3.400000 0.800000
v 2.800001 3.400000 0.700000
v 2.800001 3.400000 0.800000
v 3.000001 3.300000 0.700000
v 3.000000 3.400000 0.700000
v 2.100000 3.400000 0.600000
v 2.100000 3.300000 0.600000
v 2.800001 3.300000 0.600000
v 2.800001 3.400000 0.600000
v 2.100000 3.500000 1.800000
v 2.100000 3.500000 1.900000
v 2.100000 3.400000 1.900000
v 2.800001 3.400000 1.900000
v 2.800001 3.500000 1.800000
v 2.800001 3.500000 1.900000
v 1.900000 3.500000 1.700001
v 1.900000 3.500000 1.800001
v 1.900000 3.400000 1.800001
v 2.100000 3.500000 1.700001
v 2.800001 3.500000 1.700001
v 3.000001 3.400000 1.800001
v 3.000001 3.500000 1.700001
v 3.000001 3.500000 1.800001
v 1.900000 3.500000 1.600000
v 1.800000 3.500000 1.600000
v 1.800001 3.500000 1.700001
v 1.800001 3.400000 1.700001
v 3.100001 3.400000 1.700001
v 3.100001 3.500000 1.600000
v 3.100001 3.500000 1.700001
v 3.000001 3.500000 1.600000
v 1.800001 3.500000 1.500000
v 1.700001 3.500000 1.500000
v 1.700001 3.500000 1.600000
v 1.700001 3.400000 1.600000
v 3.200001 3.400000 1.600000
v 3.200001 3.500000 1.500000
v 3.200001 3.500000 1.600000
v 3.100001 3.500000 1.500000
v 1.700001 3.500000 1.400000
v 1.600000 3.500000 1.400000
v 1.600000 3.500000 1.500000
v 1.600000 3.400000 1.500000
v 3.300001 3.400000 1.500000
v 3.300001 3.500000 1.400000
v 3.300001 3.500000 1.500000
v 3.200001 3.500000 1.400000
v 1.500000 3.500000 1.400000
v 1.500000 3.400000 1.400000
v 3.400001 3.400000 1.400000
v 3.400001 3.500000 1.400000
v 1.600000 3.500000 1.000000
v 1.500000 3.500000 1.000000
v 1.500000 3.400000 1.000000
v 3.400001 3.400000 1.000000
v 3.400001 3.500000 1.000000
v 3.300001 3.500000 1.000000
v 1.700001 3.500000 0.900000
v 1.700001 3.500000 1.000000
v 1.600000 3.500000 0.900000
v 1.600000 3.400000 0.900000
v 3.300001 3.400000 0.900000
v 3.300001 3.500000 0.900000
v 3.200001 3.500000 0.900000
v 3.200001 3.500000 1.000000
v 1.800000 3.500000 0.800000
v 1.800001 3.500000 0.900000
v 1.700001 3.500000 0.800000
v 1.700001 3.400000 0.800000
v 3.200001 3.400000 0.800000
v 3.200001 3.500000 0.800000
v 3.100001 3.500000 0.800000
v 3.100001 3.500000 0.900000
v 1.900000 3.500000 0.700000
v 1.900000 3.500000 0.800000
v 1.800001 3.500000 0.700000
v 1.800001 3.400000 0.700000
v 3.100001 3.400000 0.700000
v 3.100001 3.500000 0.700000
v 3.000001 3.500000 0.700000
v 3.000001 3.500000 0.800000
v 1.900000 3.500000 0.600000
v 1.900000 3.400000 0.600000
v 2.100000 3.500000 0.600000
v 2.100000 3.500000 0.700000
v 2.800001 3.500000 0.600000
v 2.800001 3.500000 0.700000
v 3.000001 3.400000 0.600000
v 3.000001 3.500000 0.600000
v -0.500000 4.700000 1.500000
v -0.500000 4.800000 1.500000
v -0.200000 4.800000 1.500000
v -0.200000 4.700000 1.500000
v 2.700001 4.900000 1.500000
v 2.700001 4.900000 1.600000
v 2.900001 4.900000 1.500000
v 2.900001 4.900000 1.600000
v -0.600000 4.800000 1.500000
v -0.600000 4.900000 1.500000
v -0.100000 4.900000 1.500000
v -0.100000 4.800000 1.500000
v 2.600001 4.900000 1.400000
v 2.600001 4.900000 1.500000
v 3.000001 4.900000 1.400000
v 3.000001 4.900000 1.500000
v 2.500000 4.900000 1.400000
v 3.100001 4.900000 1.400000
v 2.600001 4.900000 1.100000
v 2.500000 4.900000 1.100000
v 3.100001 4.900000 1.100000
v 3.000001 4.900000 1.100000
v 2.700001 4.900000 1.000000
v 2.600001 4.900000 1.000000
v 3.000001 4.900000 1.000000
v 2.900001 4.900000 1.000000
v 2.700001 4.900000 0.900000
v 2.900001 4.900000 0.900000
v 2.700001 4.900000 1.700001
v 2.900001 4.900000 1.700001
v 2.600001 4.900000 1.600000
v 3.000001 4.900000 1.600000
v -0.700000 4.900000 1.500000
v 0.000000 4.900000 1.500000
v 2.500000 4.900000 1.500000
v 3.100001 4.900000 1.500000
v 2.400001 4.900000 1.400000
v 3.200001 4.900000 1.400000
v 2.400001 4.900000 1.100000
v 3.200001 4.900000 1.100000
v 2.500000 4.900000 1.000000
v 3.100001 4.900000 1.000000
v 2.600001 4.900000 0.900000
v 3.000001 4.900000 0.900000
v 2.700001 4.900000 0.800000
v 2.900001 4.900000 0.800000
v 2.700001 5.200000 1.700001
v 2.700001 5.200000 1.600000
v 2.900001 5.200000 1.600000
v 2.900001 5.200000 1.700001
v 2.600001 5.200000 1.600000
v 2.600001 5.200000 1.500000
v 2.700001 5.200000 1.500000
v 3.000001 5.200000 1.500000
v 3.000001 5.200000 1.600000
v 2.900001 5.200000 1.500000
v -0.700000 5.200000 1.500000
v -0.600000 5.200000 1.500000
v 0.000000 5.200000 1.500000
v 2.500000 5.200000 1.500000
v 2.500000 5.200000 1.400000
v 2.600001 5.200000 1.400000
v 3.100001 5.200000 1.400000
v 3.100001 5.200000 1.500000
v 3.000001 5.200000 1.400000
v 2.400001 5.200000 1.400000
v 3.200001 5.200000 1.400000
v 2.500000 5.200000 1.100000
v 2.400001 5.200000 1.100000
v 3.200001 5.200000 1.100000
v 3.100001 5.200000 1.100000
v 2.600001 5.200000 1.000000
v 2.500000 5.200000 1.000000
v 2.600001 5.200000 1.100000
v 3.100001 5.200000 1.000000
v 3.000001 5.200000 1.000000
v 3.000001 5.200000 1.100000
v 2.700001 5.200000 0.900000
v 2.600001 5.200000 0.900000
v 2.700001 5.200000 1.000000
v 3.000001 5.200000 0.900000
v 2.900001 5.200000 0.900000
v 2.900001 5.200000 1.000000
v 2.700001 5.200000 0.800000
v 2.900001 5.200000 0.800000
v 2.700001 5.300000 1.600000
v 2.700001 5.300000 1.500000
v 2.900001 5.300000 1.500000
v 2.900001 5.300000 1.600000
v -0.600000 5.300000 1.500000
v -0.500000 5.300000 1.500000
v 2.600001 5.300000 1.500000
v 2.600001 5.300000 1.400000
v 2.700001 5.300000 1.400000
v 3.000001 5.300000 1.400000
v 3.000001 5.300000 1.500000
v 2.900001 5.300000 1.400000
v 2.500000 5.300000 1.400000
v 3.100001 5.300000 1.400000
v 2.600001 5.300000 1.100000
v 2.500000 5.300000 1.100000
v 3.100001 5.300000 1.100000
v 3.000001 5.300000 1.100000
v 2.700001 5.300000 1.000000
v 2.600001 5.300000 1.000000
v 2.700001 5.300000 1.100000
v 3.000001 5.300000 1.000000
v 2.900001 5.300000 1.000000
v 2.900001 5.300000 1.100000
v 2.700001 5.300000 0.900000
v 2.900001 5.300000 0.900000
v -0.500000 5.400001 1.500000
v -0.200000 5.400001 1.500000
v 2.700001 5.400001 1.500000
v 2.700001 5.400001 1.400000
v 2.900001 5.400001 1.400000
v 2.900001 5.400001 1.500000
v 2.600001 5.400001 1.400000
v 3.000001 5.400001 1.400000
v 2.700001 5.400001 1.100000
v 2.600001 5.400001 1.100000
v 2.900001 5.400001 1.100000
v 3.000001 5.400001 1.100000
v 2.700001 5.400001 1.000000
v 2.900001 5.400001 1.000000
v -0.500000 6.100000 1.600000
v -0.500000 6.100000 1.400000
v -1.600000 6.100000 1.200000
v -1.100000 6.100000 1.200000
v -0.400000 6.200001 1.600000
v -0.500000 6.200001 1.600000
v -0.500000 6.200001 1.400000
v -0.400000 6.200001 1.400000
v -1.700000 6.200001 1.200000
v -1.700001 6.100000 1.200000
v -1.000000 6.100000 1.200000
v -1.000000 6.200001 1.200000
v -0.600000 6.300001 1.600000
v -0.600000 6.300001 1.400000
v -1.800000 6.300001 1.200000
v -1.800001 6.200001 1.200000
v -1.800001 6.300001 1.300000
v -1.800001 6.200001 1.300000
v -0.900000 6.200001 1.300000
v -0.900000 6.200001 1.200000
v -0.900000 6.300001 1.200000
v -0.900000 6.300001 1.300000
v -1.800001 6.300001 1.100000
v -0.900000 6.300001 1.100000
v -1.800000 6.500000 1.100000
v -1.800001 6.500000 1.200000
v -0.900000 6.500000 1.100000
v -0.900000 6.500000 1.200000
v -1.800001 6.500000 1.000000
v -0.900000 6.500000 1.000000
v -1.800001 6.700001 1.000000
v -1.800001 6.700001 1.100000
v -0.900000 6.700001 1.000000
v -0.900000 6.700001 1.100000
v -1.700001 6.800001 1.000000
v -1.700001 6.800001 1.100000
v -1.000000 6.800001 1.000000
v -1.000000 6.800001 1.100000
v -1.600000 6.900001 1.000000
v -1.600000 6.900001 1.100000
v -1.100000 6.900001 1.000000
v -1.100000 6.900001 1.100000
v 0.000000 3.500000 0.800000
v 0.900000 3.500000 0.800000
v -0.700000 4.700000 1.700001
v -0.800000 4.700000 1.700001
v -0.500000 4.700000 1.700001
v -0.200000 4.700000 1.700001
v 0.100000 4.700000 1.700001
v 0.000000 4.700000 1.700001
v 2.600001 4.700000 1.700001
v 2.600001 4.700000 1.600000
v 2.700001 4.700000 1.600000
v 2.900001 4.700000 1.600000
v 3.000001 4.700000 1.600000
v 3.000001 4.700000 1.700001
v 2.500000 4.700000 1.600000
v 2.500000 4.700000 1.500000
v 2.600001 4.700000 1.500000
v 2.700001 4.700000 1.500000
v 2.900001 4.700000 1.500000
v 3.000001 4.700000 1.500000
v 3.100001 4.700000 1.500000
v 3.100001 4.700000 1.600000
v 2.400001 4.700000 1.500000
v 2.500000 4.700000 1.400000
v 2.600001 4.700000 1.400000
v 3.000001 4.700000 1.400000
v 3.100001 4.700000 1.400000
v 3.200001 4.700000 1.500000
v -0.200000 4.700000 1.300000
v 0.000000 4.700000 1.300000
v 2.500000 4.700000 1.100000
v 3.100001 4.700000 1.100000
v 2.500000 4.700000 1.000000
v 2.400001 4.700000 1.000000
v 2.600001 4.700000 1.000000
v 2.600001 4.700000 1.100000
v 3.000001 4.700000 1.100000
v 3.000001 4.700000 1.000000
v 3.100001 4.700000 1.000000
v 3.200001 4.700000 1.000000
v -0.700000 4.700000 0.900000
v -0.800000 4.700000 0.900000
v -0.500000 4.700000 0.900000
v 0.000000 4.700000 0.900000
v 0.100000 4.700000 0.900000
v 2.600001 4.700000 0.900000
v 2.500000 4.700000 0.900000
v 2.700001 4.700000 0.900000
v 2.700001 4.700000 1.000000
v 2.900001 4.700000 1.000000
v 2.900001 4.700000 0.900000
v 3.000001 4.700000 0.900000
v 3.100001 4.700000 0.900000
v 2.600001 4.700000 0.800000
v 3.000001 4.700000 0.800000
v -0.600000 4.800000 1.700000
v -0.500000 4.800000 1.700001
v -0.200000 4.800000 1.700001
v -0.100000 4.800000 1.700000
v -0.600000 4.900000 1.700001
v -0.700000 4.900000 1.700001
v 0.000000 4.900000 1.700001
v -0.100000 4.900000 1.700001
v -0.700000 4.900000 0.900000
v 0.000000 4.900000 0.900000
v -0.800000 4.900000 1.700001
v 0.100000 4.900000 1.700001
v -0.800000 4.900000 0.900000
v 0.100000 4.900000 0.900000
v -0.700000 5.200000 1.700001
v -0.800000 5.200000 1.700001
v 0.100000 5.200000 1.700001
v 0.000000 5.200000 1.700001
v -0.700000 5.200000 0.900000
v -0.800000 5.200000 0.900000
v 0.000000 5.200000 0.900000
v 0.100000 5.200000 0.900000
v -0.600000 5.200000 1.700001
v -0.600000 5.300000 1.700001
v -0.700000 5.300000 1.700001
v 0.000000 5.300000 1.700001
v -0.100000 5.300000 1.700001
v -0.100000 5.200000 1.700001
v -0.600000 5.300000 0.900000
v -0.700000 5.300000 0.900000
v -0.100000 5.300000 0.900000
v 0.000000 5.300000 0.900000
v -0.500000 5.300000 1.700001
v -0.500000 5.400001 1.700001
v -0.600000 5.400001 1.700001
v -0.100000 5.400001 1.700001
v -0.200000 5.400001 1.700001
v -0.200000 5.300000 1.700001
v -0.500000 5.400001 0.900000
v -0.600000 5.400001 0.900000
v -0.200000 5.400001 0.900000
v -0.100000 5.400001 0.900000
v -0.500000 5.500000 1.700001
v -0.200000 5.500000 1.700001
v -0.500000 5.500000 0.900000
v -0.200000 5.500000 0.900000
v -2.700001 6.800001 1.900000
v -2.700001 6.800001 0.600000
v 1.200000 4.700000 1.500000
v 1.200000 4.700000 1.600000
v 1.600000 4.700000 1.500000
v 1.600000 4.700000 1.600000
v 1.100000 4.700000 1.500000
v 1.700001 4.700000 1.500000
v 1.200000 4.700000 1.100000
v 1.100000 4.700000 1.100000
v 1.700001 4.700000 1.100000
v 1.600000 4.700000 1.100000
v 1.200000 4.700000 1.000000
v 1.600000 4.700000 1.000000
v 1.200000 4.700000 1.700001
v 1.600000 4.700000 1.700001
v 1.100000 4.700000 1.600000
v 1.700001 4.700000 1.600000
v 1.000000 4.700000 1.500000
v 1.800001 4.700000 1.500000
v 1.000000 4.700000 1.100000
v 1.800001 4.700000 1.100000
v 1.100000 4.700000 1.000000
v 1.700001 4.700000 1.000000
v 1.200000 4.700000 0.900000
v 1.600000 4.700000 0.900000
v 1.200000 5.200000 1.700001
v 1.600000 5.200000 1.700001
v 1.100000 5.200000 1.600000
v 1.700001 5.200000 1.600000
v 1.000000 5.200000 1.500000
v 1.800001 5.200000 1.500000
v 1.000000 5.200000 1.100000
v 1.800001 5.200000 1.100000
v 1.100000 5.200000 1.000000
v 1.700001 5.200000 1.000000
v 1.200000 5.200000 0.900000
v 1.600000 5.200000 0.900000
v 1.400000 5.300000 1.400000
v 1.400000 5.300000 1.500000
v 1.300000 5.300000 1.500000
v 1.300000 5.300000 1.400000
v 1.400000 5.300000 1.300000
v 1.300000 5.300000 1.200000
v 1.500000 5.300000 1.300000
v 1.400000 5.300000 1.200000
v 1.400000 5.300000 1.100000
v 1.300000 5.300000 1.100000
v 1.500000 5.300000 1.000000
v 1.400000 5.300000 1.000000
v 1.400000 5.400001 1.300000
v 1.400000 5.400001 1.400000
v 1.300000 5.400001 1.300000
v 1.300000 5.400001 1.400000
v 1.400000 5.400001 1.500000
v 1.400000 5.500000 1.400000
v 1.400000 5.500000 1.500000
v 1.300000 5.500000 1.500000
v 1.300000 5.500000 1.400000
v 1.300000 5.400001 1.500000
v 1.300000 5.500000 1.300000
v 1.200000 5.500000 1.300000
v 1.200000 5.400001 1.300000
v 1.200000 5.500000 1.400000
v 1.200000 5.400001 1.400000
v 1.500000 5.400001 1.400000
v 1.500000 5.400001 1.300000
v 1.500000 5.500000 1.300000
v 1.500000 5.500000 1.400000
v 1.400000 5.500000 1.300000
v 1.400000 5.500000 1.200000
v 1.300000 5.500000 1.200000
v 1.600000 6.100000 1.700001
v 1.600000 6.100000 1.100000
v 1.600000 6.300001 1.700001
v 1.600000 6.300001 1.100000
v 0.500000 6.300001 1.700001
v 0.500000 6.300001 1.100000
v 0.500000 6.500000 1.700001
v 0.500000 6.500000 1.100000
v 2.900001 6.800001 1.800001
v 3.300001 6.800001 1.800001
v 2.900001 6.800001 0.800000
v 3.300001 6.800001 0.800000
vn -0.0000 1.0000 -0.0000
vn -0.0000 -0.0000 1.0000
vn -0.0000 -0.0000 -1.0000
vn 1.0000 -0.0000 -0.0000
vn -0.0000 -1.0000 -0.0000
vn -1.0000 -0.0000 -0.0000
vn -0.9988 0.0499 -0.0000
vn -0.8944 -0.0000 -0.4472
vn -0.8944 -0.0000 0.4472
vn -0.9487 -0.0000 0.3162
vn -0.8480 -0.0000 -0.5300
vn 0.9988 0.0499 -0.0000
vt 0.806763 0.855072
vt 0.801932 0.850242
vt 0.811594 0.850242
vt 0.265700 0.990338
vt 0.251208 0.995169
vt 0.251208 0.990338
vt 0.338164 0.816425
vt 0.381643 0.859903
vt 0.338164 0.859903
vt 0.995169 0.096618
vt 0.990338 0.101449
vt 0.990338 0.096618
vt 0.144928 0.985507
vt 0.227053 0.980676
vt 0.144928 0.980676
vt 0.985507 0.004831
vt 0.980676 0.009662
vt 0.980676 0.004831
vt 0.739130 0.768116
vt 0.743961 0.763285
vt 0.739130 0.763285
vt 0.251208 0.966184
vt 0.246377 0.971014
vt 0.246377 0.966184
vt 0.985507 0.410628
vt 0.990338 0.415459
vt 0.995169 0.415459
vt 0.028986 0.980676
vt 0.009662 0.975845
vt 0.009662 0.980676
vt 0.352657 0.971014
vt 0.357488 0.966184
vt 0.352657 0.966184
vt 0.024155 0.990338
vt 0.000000 0.990338
vt 0.019324 0.985507
vt 0.309179 0.966184
vt 0.294686 0.956522
vt 0.294686 0.966184
vt 0.623188 0.980676
vt 0.705314 0.975845
vt 0.623188 0.975845
vt 0.685990 0.144928
vt 0.753623 0.338164
vt 0.753623 0.144928
vt 0.454106 0.990338
vt 0.458937 0.995169
vt 0.458937 0.990338
vt 0.347826 0.995169
vt 0.352657 0.990338
vt 0.347826 0.990338
vt 0.342995 0.951691
vt 0.342995 0.956522
vt 0.347826 0.966184
vt 0.990338 0.400966
vt 0.985507 0.400966
vt 0.835749 0.768116
vt 0.869565 0.763285
vt 0.869565 0.768116
vt 0.381643 0.927536
vt 0.386473 0.922705
vt 0.386473 0.932367
vt 0.942029 0.729469
vt 0.932367 0.743961
vt 0.942029 0.743961
vt 0.685990 0.985507
vt 0.661836 0.990338
vt 0.661836 0.985507
vt 0.990338 0.130435
vt 0.995169 0.135266
vt 0.995169 0.130435
vt 0.942029 0.512077
vt 0.937198 0.516908
vt 0.932367 0.516908
vt 0.990338 0.483092
vt 0.995169 0.487923
vt 0.995169 0.483092
vt 0.980676 0.666667
vt 0.961353 0.671498
vt 0.980676 0.671498
vt 0.951691 0.748792
vt 0.932367 0.797101
vt 0.932367 0.748792
vt 0.975845 0.797101
vt 0.980676 0.801932
vt 0.975845 0.801932
vt 0.980676 0.077295
vt 0.985507 0.072464
vt 0.980676 0.072464
vt 0.275362 0.971014
vt 0.280193 0.966184
vt 0.275362 0.966184
vt 0.971014 0.067633
vt 0.975845 0.072464
vt 0.971014 0.072464
vt 0.990338 0.367150
vt 0.995169 0.371981
vt 0.995169 0.367150
vt 0.946860 0.961353
vt 0.937198 0.966184
vt 0.937198 0.961353
vt 0.975845 0.603865
vt 0.980676 0.599034
vt 0.975845 0.599034
vt 0.657005 0.990338
vt 0.637681 0.985507
vt 0.975845 0.111111
vt 0.980676 0.115942
vt 0.975845 0.115942
vt 0.565217 0.985507
vt 0.541063 0.990338
vt 0.541063 0.985507
vt 0.806763 0.729469
vt 0.801932 0.734300
vt 0.801932 0.729469
vt 0.937198 0.415459
vt 0.888889 0.376812
vt 0.937198 0.376812
vt 0.801932 0.724638
vt 0.792271 0.719807
vt 0.792271 0.724638
vt 0.990338 0.816425
vt 0.985507 0.821256
vt 0.985507 0.816425
vt 0.507246 0.990338
vt 0.516908 0.995169
vt 0.516908 0.990338
vt 0.990338 0.864734
vt 0.985507 0.869565
vt 0.985507 0.864734
vt 0.966184 0.908213
vt 0.980676 0.922705
vt 0.980676 0.908213
vt 0.879227 0.971014
vt 0.859903 0.975845
vt 0.859903 0.971014
vt 0.990338 0.516908
vt 0.995169 0.521739
vt 0.995169 0.516908
vt 0.169082 0.966184
vt 0.178744 0.966184
vt 0.207729 0.971014
vt 0.420290 0.980676
vt 0.425121 0.985507
vt 0.425121 0.980676
vt 0.884058 0.772947
vt 0.879227 0.777778
vt 0.879227 0.772947
vt 0.990338 0.048309
vt 0.980676 0.043478
vt 0.980676 0.048309
vt 0.995169 0.217391
vt 0.990338 0.222222
vt 0.990338 0.217391
vt 0.975845 0.869565
vt 0.980676 0.893720
vt 0.980676 0.869565
vt 0.381643 0.917874
vt 0.381643 0.908213
vt 0.386473 0.903382
vt 0.318841 0.985507
vt 0.280193 0.990338
vt 0.318841 0.990338
vt 0.845411 0.956522
vt 0.840580 0.961353
vt 0.835749 0.946860
vt 0.371981 0.975845
vt 0.289855 0.971014
vt 0.289855 0.975845
vt 0.995169 0.314010
vt 0.990338 0.318841
vt 0.990338 0.314010
vt 0.975845 0.792271
vt 0.980676 0.772947
vt 0.975845 0.772947
vt 0.985507 0.449275
vt 0.990338 0.458937
vt 0.990338 0.449275
vt 0.975845 0.589372
vt 0.980676 0.594203
vt 0.980676 0.589372
vt 0.980676 0.183575
vt 0.985507 0.159420
vt 0.980676 0.159420
vt 0.980676 0.014493
vt 0.985507 0.019324
vt 0.980676 0.019324
vt 0.985507 0.753623
vt 0.990338 0.748792
vt 0.985507 0.748792
vt 0.985507 0.980676
vt 0.990338 0.985507
vt 0.985507 0.985507
vt 0.743961 0.724638
vt 0.748792 0.729469
vt 0.748792 0.724638
vt 0.990338 0.183575
vt 0.995169 0.178744
vt 0.995169 0.183575
vt 0.362319 0.990338
vt 0.357488 0.995169
vt 0.357488 0.990338
vt 0.971014 0.681159
vt 0.975845 0.685990
vt 0.975845 0.681159
vt 0.212560 0.966184
vt 0.217391 0.971014
vt 0.212560 0.971014
vt 0.811594 0.734300
vt 0.806763 0.739130
vt 0.806763 0.734300
vt 0.782609 0.971014
vt 0.777778 0.966184
vt 0.777778 0.971014
vt 0.995169 0.188406
vt 0.990338 0.188406
vt 0.782609 0.676328
vt 0.855072 0.714976
vt 0.782609 0.714976
vt 0.985507 0.584541
vt 0.990338 0.574879
vt 0.985507 0.574879
vt 0.985507 0.826087
vt 0.980676 0.811594
vt 0.985507 0.811594
vt 0.942029 0.144928
vt 0.898551 0.140097
vt 0.898551 0.144928
vt 0.937198 0.985507
vt 0.951691 0.980676
vt 0.937198 0.980676
vt 0.961353 0.657005
vt 0.971014 0.647343
vt 0.971014 0.657005
vt 0.951691 0.835749
vt 0.951691 0.797101
vt 0.956522 0.797101
vt 0.980676 0.164251
vt 0.975845 0.135266
vt 0.980676 0.135266
vt 0.314010 0.971014
vt 0.314010 0.966184
vt 0.966184 0.845411
vt 0.971014 0.840580
vt 0.966184 0.840580
vt 0.985507 0.149758
vt 0.990338 0.135266
vt 0.985507 0.135266
vt 0.980676 0.367150
vt 0.985507 0.342995
vt 0.980676 0.342995
vt 0.971014 0.787440
vt 0.971014 0.792271
vt 0.990338 0.420290
vt 0.980676 0.415459
vt 0.985507 0.444444
vt 0.975845 0.449275
vt 0.975845 0.444444
vt 0.294686 0.971014
vt 0.024155 0.985507
vt 0.033816 0.985507
vt 0.062802 0.980676
vt 0.734300 0.763285
vt 0.739130 0.758454
vt 0.734300 0.758454
vt 0.985507 0.623188
vt 0.990338 0.613527
vt 0.985507 0.613527
vt 0.956522 0.637681
vt 0.961353 0.632850
vt 0.956522 0.632850
vt 0.874396 0.386473
vt 0.879227 0.381643
vt 0.874396 0.381643
vt 0.893720 0.599034
vt 0.888889 0.608696
vt 0.884058 0.603865
vt 0.985507 0.294686
vt 0.990338 0.280193
vt 0.985507 0.280193
vt 0.990338 0.922705
vt 0.985507 0.927536
vt 0.985507 0.922705
vt 0.971014 0.816425
vt 0.975845 0.821256
vt 0.975845 0.816425
vt 0.985507 0.502415
vt 0.990338 0.492754
vt 0.985507 0.492754
vt 0.990338 0.381643
vt 0.995169 0.376812
vt 0.990338 0.376812
vt 0.739130 0.966184
vt 0.743961 0.961353
vt 0.739130 0.961353
vt 0.937198 0.338164
vt 0.951691 0.400966
vt 0.951691 0.338164
vt 0.975845 0.077295
vt 0.458937 0.961353
vt 0.521739 0.946860
vt 0.458937 0.946860
vt 0.966184 0.603865
vt 0.932367 0.565217
vt 0.966184 0.565217
vt 0.995169 0.420290
vt 0.990338 0.425121
vt 0.980676 0.855072
vt 0.985507 0.855072
vt 0.922705 0.144928
vt 0.922705 0.338164
vt 0.062802 0.985507
vt 0.951691 0.038647
vt 0.946860 0.043478
vt 0.932367 0.043478
vt 0.961353 0.371981
vt 0.980676 0.357488
vt 0.961353 0.357488
vt 0.995169 0.198068
vt 0.990338 0.193237
vt 0.990338 0.198068
vt 0.806763 0.768116
vt 0.811594 0.763285
vt 0.806763 0.763285
vt 0.971014 0.425121
vt 0.975845 0.429952
vt 0.971014 0.429952
vt 0.990338 0.285024
vt 0.995169 0.280193
vt 0.497585 0.995169
vt 0.487923 0.990338
vt 0.497585 0.990338
vt 0.743961 0.734300
vt 0.739130 0.739130
vt 0.739130 0.734300
vt 0.516908 0.975845
vt 0.536232 0.975845
vt 0.512077 0.971014
vt 0.811594 0.758454
vt 0.816425 0.763285
vt 0.816425 0.758454
vt 0.985507 0.850242
vt 0.990338 0.855072
vt 0.990338 0.850242
vt 0.985507 0.178744
vt 0.990338 0.164251
vt 0.985507 0.164251
vt 0.207729 0.975845
vt 0.748792 0.410628
vt 0.676328 0.405797
vt 0.700483 0.405797
vt 0.985507 0.710145
vt 0.990338 0.714976
vt 0.990338 0.710145
vt 0.333333 0.917874
vt 0.140097 0.903382
vt 0.333333 0.903382
vt 0.821256 0.338164
vt 0.821256 0.144928
vt 0.971014 0.956522
vt 0.980676 0.971014
vt 0.980676 0.956522
vt 0.613527 0.985507
vt 0.589372 0.990338
vt 0.589372 0.985507
vt 0.990338 0.739130
vt 0.980676 0.734300
vt 0.990338 0.734300
vt 0.971014 0.888889
vt 0.951691 0.874396
vt 0.971014 0.874396
vt 0.043478 0.043478
vt 0.072464 0.053140
vt 0.106280 0.198068
vt 0.458937 0.971014
vt 0.454106 0.951691
vt 0.454106 0.971014
vt 0.971014 0.608696
vt 0.975845 0.613527
vt 0.971014 0.613527
vt 0.985507 0.309179
vt 0.980676 0.328502
vt 0.980676 0.309179
vt 0.971014 0.009662
vt 0.975845 0.014493
vt 0.975845 0.009662
vt 0.922705 0.714976
vt 0.932367 0.685990
vt 0.932367 0.676328
vt 0.927536 0.425121
vt 0.893720 0.425121
vt 0.888889 0.429952
vt 0.956522 0.787440
vt 0.951691 0.792271
vt 0.951691 0.787440
vt 0.879227 0.579710
vt 0.806763 0.628019
vt 0.879227 0.628019
vt 0.980676 0.487923
vt 0.971014 0.487923
vt 0.990338 0.251208
vt 0.985507 0.236715
vt 0.990338 0.236715
vt 0.995169 0.033816
vt 0.990338 0.028986
vt 0.990338 0.033816
vt 0.342995 0.874396
vt 0.342995 0.888889
vt 0.371981 0.893720
vt 0.898551 0.449275
vt 0.888889 0.444444
vt 0.888889 0.454106
vt 0.990338 0.062802
vt 0.995169 0.067633
vt 0.995169 0.062802
vt 0.985507 0.637681
vt 0.990338 0.647343
vt 0.990338 0.637681
vt 0.995169 0.497585
vt 0.995169 0.492754
vt 0.429952 0.985507
vt 0.396135 0.990338
vt 0.396135 0.985507
vt 0.990338 0.362319
vt 0.995169 0.309179
vt 0.990338 0.309179
vt 0.942029 0.637681
vt 0.942029 0.632850
vt 0.338164 0.888889
vt 0.333333 0.888889
vt 0.386473 0.995169
vt 0.386473 0.990338
vt 0.570048 0.961353
vt 0.579710 0.961353
vt 0.541063 0.966184
vt 0.975845 0.521739
vt 0.980676 0.526570
vt 0.975845 0.526570
vt 0.985507 0.801932
vt 0.990338 0.806763
vt 0.985507 0.806763
vt 0.990338 0.961353
vt 0.985507 0.966184
vt 0.985507 0.961353
vt 0.613527 0.642512
vt 0.603865 0.647343
vt 0.579710 0.628019
vt 0.811594 0.739130
vt 0.816425 0.739130
vt 0.985507 0.565217
vt 0.990338 0.555556
vt 0.985507 0.555556
vt 0.995169 0.565217
vt 0.990338 0.570048
vt 0.990338 0.565217
vt 0.980676 0.188406
vt 0.975845 0.164251
vt 0.062802 0.966184
vt 0.000000 0.951691
vt 0.062802 0.951691
vt 0.951691 0.806763
vt 0.937198 0.797101
vt 0.937198 0.806763
vt 0.961353 0.806763
vt 0.961353 0.797101
vt 0.980676 0.705314
vt 0.985507 0.695652
vt 0.980676 0.695652
vt 0.821256 0.386473
vt 0.830918 0.391304
vt 0.821256 0.391304
vt 0.294686 0.951691
vt 0.289855 0.966184
vt 0.985507 0.603865
vt 0.980676 0.579710
vt 0.985507 0.579710
vt 0.294686 0.990338
vt 0.280193 0.995169
vt 0.541063 0.971014
vt 0.541063 0.975845
vt 0.787440 0.975845
vt 0.811594 0.971014
vt 0.787440 0.971014
vt 0.811594 0.729469
vt 0.256039 0.966184
vt 0.275362 0.956522
vt 0.256039 0.956522
vt 0.077295 0.990338
vt 0.062802 0.995169
vt 0.082126 0.990338
vt 0.995169 0.053140
vt 0.980676 0.053140
vt 0.000000 0.932367
vt 0.067633 0.888889
vt 0.067633 0.932367
vt 0.946860 0.835749
vt 0.932367 0.898551
vt 0.932367 0.835749
vt 0.985507 0.057971
vt 0.980676 0.057971
vt 0.961353 0.053140
vt 0.864734 0.391304
vt 0.864734 0.386473
vt 0.971014 0.855072
vt 0.966184 0.859903
vt 0.966184 0.855072
vt 0.449275 0.990338
vt 0.454106 0.995169
vt 0.449275 0.995169
vt 0.893720 0.338164
vt 0.908213 0.144928
vt 0.908213 0.338164
vt 0.772947 0.700483
vt 0.579710 0.714976
vt 0.579710 0.700483
vt 0.966184 0.420290
vt 0.980676 0.400966
vt 0.980676 0.420290
vt 0.323671 0.966184
vt 0.318841 0.971014
vt 0.323671 0.971014
vt 0.975845 0.565217
vt 0.980676 0.570048
vt 0.980676 0.565217
vt 0.990338 0.357488
vt 0.995169 0.362319
vt 0.995169 0.357488
vt 0.536232 0.990338
vt 0.512077 0.985507
vt 0.536232 0.985507
vt 0.961353 0.681159
vt 0.971014 0.685990
vt 0.961353 0.685990
vt 0.285024 0.971014
vt 0.285024 0.966184
vt 0.975845 0.632850
vt 0.971014 0.637681
vt 0.971014 0.632850
vt 0.966184 0.613527
vt 0.966184 0.608696
vt 0.516908 0.966184
vt 0.521739 0.971014
vt 0.468599 0.995169
vt 0.956522 0.183575
vt 0.975845 0.159420
vt 0.956522 0.159420
vt 0.850242 0.942029
vt 0.859903 0.942029
vt 0.888889 0.932367
vt 0.990338 0.140097
vt 0.985507 0.719807
vt 0.985507 0.714976
vt 0.811594 0.980676
vt 0.748792 0.985507
vt 0.748792 0.980676
vt 0.816425 0.734300
vt 0.966184 0.135266
vt 0.956522 0.072464
vt 0.966184 0.072464
vt 0.980676 0.985507
vt 0.951691 0.975845
vt 0.951691 0.985507
vt 0.971014 0.594203
vt 0.966184 0.599034
vt 0.966184 0.594203
vt 0.985507 0.676328
vt 0.990338 0.681159
vt 0.990338 0.676328
vt 0.966184 0.009662
vt 0.961353 0.038647
vt 0.966184 0.000000
vt 0.917874 0.676328
vt 0.922705 0.676328
vt 0.975845 0.618357
vt 0.971014 0.623188
vt 0.971014 0.618357
vt 0.980676 0.647343
vt 0.985507 0.628019
vt 0.980676 0.628019
vt 0.995169 0.434783
vt 0.985507 0.429952
vt 0.985507 0.434783
vt 0.869565 0.772947
vt 0.444444 0.990338
vt 0.434783 0.995169
vt 0.434783 0.990338
vt 0.995169 0.144928
vt 0.990338 0.149758
vt 0.990338 0.144928
vt 0.990338 0.700483
vt 0.985507 0.705314
vt 0.985507 0.700483
vt 0.995169 0.396135
vt 0.990338 0.396135
vt 0.975845 0.637681
vt 0.971014 0.642512
vt 0.975845 0.642512
vt 0.971014 0.082126
vt 0.975845 0.086957
vt 0.975845 0.082126
vt 0.990338 0.342995
vt 0.971014 0.338164
vt 0.971014 0.342995
vt 0.951691 0.719807
vt 0.932367 0.714976
vt 0.932367 0.719807
vt 0.352657 0.995169
vt 0.971014 0.859903
vt 0.975845 0.864734
vt 0.971014 0.864734
vt 0.990338 0.429952
vt 0.995169 0.425121
vt 0.995169 0.101449
vt 0.990338 0.106280
vt 0.806763 0.961353
vt 0.801932 0.966184
vt 0.801932 0.961353
vt 0.990338 0.502415
vt 0.990338 0.497585
vt 0.396135 0.966184
vt 0.386473 0.971014
vt 0.386473 0.966184
vt 0.995169 0.439614
vt 0.990338 0.444444
vt 0.990338 0.439614
vt 0.995169 0.405797
vt 0.995169 0.400966
vt 0.990338 0.265700
vt 0.995169 0.270531
vt 0.990338 0.270531
vt 0.908213 0.589372
vt 0.903382 0.594203
vt 0.903382 0.589372
vt 0.975845 0.096618
vt 0.971014 0.101449
vt 0.971014 0.096618
vt 0.705314 0.980676
vt 0.811594 0.879227
vt 0.884058 0.927536
vt 0.884058 0.879227
vt 0.956522 0.439614
vt 0.937198 0.400966
vt 0.956522 0.400966
vt 0.995169 0.246377
vt 0.990338 0.246377
vt 0.990338 0.352657
vt 0.995169 0.347826
vt 0.990338 0.347826
vt 0.579710 0.995169
vt 0.579710 0.990338
vt 0.980676 0.642512
vt 0.975845 0.661836
vt 0.169082 0.951691
vt 0.125604 0.956522
vt 0.125604 0.951691
vt 0.971014 0.550725
vt 0.975845 0.555556
vt 0.975845 0.550725
vt 0.985507 0.458937
vt 0.990338 0.468599
vt 0.927536 0.053140
vt 0.927536 0.048309
vt 0.917874 0.043478
vt 0.975845 0.439614
vt 0.985507 0.439614
vt 0.908213 0.951691
vt 0.898551 0.956522
vt 0.898551 0.951691
vt 0.758454 0.990338
vt 0.734300 0.985507
vt 0.734300 0.990338
vt 0.995169 0.444444
vt 0.995169 0.449275
vt 0.792271 0.729469
vt 0.990338 0.512077
vt 0.990338 0.594203
vt 0.985507 0.594203
vt 0.830918 0.347826
vt 0.874396 0.352657
vt 0.879227 0.376812
vt 0.980676 0.106280
vt 0.985507 0.101449
vt 0.980676 0.101449
vt 0.971014 0.545894
vt 0.966184 0.550725
vt 0.985507 0.975845
vt 0.990338 0.980676
vt 0.376812 0.975845
vt 0.371981 0.971014
vt 0.381643 0.971014
vt 0.159420 0.995169
vt 0.140097 0.990338
vt 0.140097 0.995169
vt 0.149758 0.985507
vt 0.106280 0.990338
vt 0.106280 0.985507
vt 0.193237 0.990338
vt 0.236715 0.985507
vt 0.193237 0.985507
vt 0.734300 0.739130
vt 0.826087 0.772947
vt 0.835749 0.777778
vt 0.835749 0.772947
vt 0.961353 0.714976
vt 0.966184 0.710145
vt 0.917874 0.927536
vt 0.908213 0.922705
vt 0.942029 0.913043
vt 0.990338 0.289855
vt 0.995169 0.285024
vt 0.333333 0.932367
vt 0.140097 0.917874
vt 0.140097 0.932367
vt 0.975845 0.545894
vt 0.956522 0.236715
vt 0.971014 0.207729
vt 0.956522 0.207729
vt 0.966184 0.062802
vt 0.961353 0.072464
vt 0.961353 0.062802
vt 0.975845 0.758454
vt 0.975845 0.753623
vt 0.980676 0.748792
vt 0.990338 0.086957
vt 0.995169 0.091787
vt 0.990338 0.091787
vt 0.985507 0.946860
vt 0.990338 0.942029
vt 0.985507 0.942029
vt 0.946860 0.695652
vt 0.956522 0.676328
vt 0.946860 0.676328
vt 0.502415 0.966184
vt 0.512077 0.966184
vt 0.975845 0.628019
vt 0.975845 0.623188
vt 0.850242 0.642512
vt 0.884058 0.628019
vt 0.816425 0.376812
vt 0.811594 0.381643
vt 0.811594 0.376812
vt 0.826087 0.768116
vt 0.801932 0.772947
vt 0.801932 0.768116
vt 0.980676 0.555556
vt 0.782609 0.961353
vt 0.782609 0.966184
vt 0.971014 0.763285
vt 0.985507 0.772947
vt 0.971014 0.772947
vt 0.946860 0.077295
vt 0.903382 0.096618
vt 0.922705 0.091787
vt 0.550725 0.990338
vt 0.541063 0.995169
vt 0.241546 0.966184
vt 0.990338 0.603865
vt 0.763285 0.966184
vt 0.768116 0.971014
vt 0.763285 0.971014
vt 0.966184 0.971014
vt 0.951691 0.971014
vt 0.966184 0.434783
vt 0.966184 0.429952
vt 0.990338 0.154589
vt 0.995169 0.159420
vt 0.990338 0.159420
vt 0.942029 0.338164
vt 0.937198 0.144928
vt 0.971014 0.806763
vt 0.971014 0.801932
vt 0.811594 0.830918
vt 0.985507 0.743961
vt 0.985507 0.739130
vt 0.995169 0.111111
vt 0.985507 0.115942
vt 0.985507 0.111111
vt 0.990338 0.671498
vt 0.985507 0.661836
vt 0.990338 0.661836
vt 0.342995 0.966184
vt 0.328502 0.956522
vt 0.971014 0.246377
vt 0.975845 0.256039
vt 0.956522 0.256039
vt 0.125604 0.975845
vt 0.125604 0.971014
vt 0.908213 0.942029
vt 0.942029 0.946860
vt 0.942029 0.942029
vt 0.280193 0.971014
vt 0.560386 0.990338
vt 0.550725 0.995169
vt 0.995169 0.478261
vt 0.990338 0.478261
vt 0.995169 0.289855
vt 0.990338 0.294686
vt 0.980676 0.096618
vt 0.995169 0.212560
vt 0.990338 0.212560
vt 0.990338 0.077295
vt 0.995169 0.082126
vt 0.995169 0.077295
vt 0.985507 0.265700
vt 0.956522 0.265700
vt 0.647343 0.690821
vt 0.657005 0.685990
vt 0.681159 0.700483
vt 0.980676 0.903382
vt 0.980676 0.898551
vt 0.971014 0.898551
vt 0.376812 0.966184
vt 0.381643 0.966184
vt 0.961353 0.140097
vt 0.971014 0.140097
vt 0.971014 0.154589
vt 0.980676 0.280193
vt 0.985507 0.285024
vt 0.980676 0.285024
vt 0.251208 0.951691
vt 0.980676 0.120773
vt 0.971014 0.115942
vt 0.971014 0.111111
vt 0.975845 0.425121
vt 0.985507 0.425121
vt 0.980676 0.613527
vt 0.932367 0.429952
vt 0.898551 0.434783
vt 0.000000 0.816425
vt 0.000000 0.743961
vt 0.014493 0.758454
vt 0.990338 0.463768
vt 0.995169 0.458937
vt 0.971014 0.748792
vt 0.502415 0.961353
vt 0.468599 0.966184
vt 0.236715 0.990338
vt 0.222222 0.995169
vt 0.222222 0.990338
vt 0.193237 0.942029
vt 0.193237 0.932367
vt 0.734300 0.734300
vt 0.975845 0.120773
vt 0.903382 0.961353
vt 0.893720 0.966184
vt 0.893720 0.961353
vt 0.985507 0.657005
vt 0.985507 0.647343
vt 0.985507 0.792271
vt 0.990338 0.797101
vt 0.985507 0.797101
vt 0.995169 0.024155
vt 0.990338 0.019324
vt 0.990338 0.024155
vt 0.985507 0.951691
vt 0.956522 0.956522
vt 0.956522 0.951691
vt 0.338164 0.917874
vt 0.811594 0.946860
vt 0.792271 0.908213
vt 0.792271 0.946860
vt 0.980676 0.676328
vt 0.966184 0.835749
vt 0.975845 0.381643
vt 0.971014 0.386473
vt 0.975845 0.386473
vt 0.961353 0.666667
vt 0.956522 0.671498
vt 0.956522 0.666667
vt 0.328502 0.951691
vt 0.985507 0.222222
vt 0.971014 0.222222
vt 0.806763 0.758454
vt 0.980676 0.062802
vt 0.768116 0.966184
vt 0.772947 0.971014
vt 0.772947 0.966184
vt 0.990338 0.454106
vt 0.386473 0.357488
vt 0.386473 0.714976
vt 0.995169 0.574879
vt 0.990338 0.579710
vt 0.541063 0.980676
vt 0.961353 0.676328
vt 0.971014 0.676328
vt 0.386473 0.975845
vt 0.381643 0.951691
vt 0.386473 0.951691
vt 0.995169 0.207729
vt 0.990338 0.207729
vt 0.990338 0.473430
vt 0.995169 0.468599
vt 0.893720 0.951691
vt 0.318841 0.797101
vt 0.323671 0.792271
vt 0.985507 0.787440
vt 0.937198 0.632850
vt 0.937198 0.618357
vt 0.942029 0.613527
vt 0.927536 0.033816
vt 0.951691 0.033816
vt 0.932367 0.009662
vt 0.806763 0.376812
vt 0.811594 0.357488
vt 0.806763 0.357488
vt 0.971014 0.560386
vt 0.966184 0.560386
vt 0.091787 0.980676
vt 0.821256 0.777778
vt 0.821256 0.772947
vt 0.821256 0.932367
vt 0.830918 0.937198
vt 0.826087 0.937198
vt 0.758454 0.777778
vt 0.748792 0.772947
vt 0.748792 0.777778
vt 0.995169 0.541063
vt 0.990338 0.545894
vt 0.990338 0.541063
vt 0.821256 0.342995
vt 0.821256 0.347826
vt 0.985507 0.917874
vt 0.140097 0.927536
vt 0.067633 0.927536
vt 0.338164 0.990338
vt 0.328502 0.995169
vt 0.328502 0.990338
vt 0.990338 0.690821
vt 0.985507 0.690821
vt 0.980676 0.739130
vt 0.975845 0.714976
vt 0.980676 0.714976
vt 0.816425 0.352657
vt 0.811594 0.352657
vt 0.743961 0.772947
vt 0.748792 0.768116
vt 0.743961 0.768116
vt 0.995169 0.106280
vt 0.990338 0.111111
vt 0.956522 0.695652
vt 0.971014 0.570048
vt 0.971014 0.565217
vt 0.101449 0.990338
vt 0.082126 0.995169
vt 0.995169 0.328502
vt 0.990338 0.333333
vt 0.990338 0.328502
vt 0.995169 0.342995
vt 0.879227 0.352657
vt 0.884058 0.357488
vt 0.884058 0.352657
vt 0.985507 0.193237
vt 0.357488 0.985507
vt 0.821256 0.381643
vt 0.816425 0.386473
vt 0.816425 0.381643
vt 0.990338 0.835749
vt 0.985507 0.840580
vt 0.990338 0.840580
vt 0.541063 0.922705
vt 0.458937 0.922705
vt 0.990338 0.695652
vt 0.777778 0.710145
vt 0.777778 0.714976
vt 0.966184 0.637681
vt 0.985507 0.521739
vt 0.990338 0.521739
vt 0.782609 0.985507
vt 0.758454 0.985507
vt 0.985507 0.685990
vt 0.816425 0.347826
vt 0.821256 0.352657
vt 0.811594 0.956522
vt 0.787440 0.951691
vt 0.806763 0.951691
vt 0.710145 0.990338
vt 0.710145 0.985507
vt 0.985507 0.468599
vt 0.985507 0.207729
vt 0.961353 0.304348
vt 0.966184 0.309179
vt 0.966184 0.304348
vt 0.415459 0.990338
vt 0.425121 0.995169
vt 0.415459 0.995169
vt 0.932367 0.908213
vt 0.922705 0.908213
vt 0.734300 0.946860
vt 0.541063 0.942029
vt 0.541063 0.946860
vt 0.990338 0.705314
vt 0.207729 0.980676
vt 0.125604 0.980676
vt 0.371981 0.961353
vt 0.376812 0.951691
vt 0.371981 0.956522
vt 0.995169 0.545894
vt 0.990338 0.550725
vt 0.995169 0.550725
vt 0.908213 0.714976
vt 0.628019 0.966184
vt 0.584541 0.966184
vt 0.599034 0.961353
vt 0.985507 0.859903
vt 0.961353 0.483092
vt 0.879227 0.478261
vt 0.961353 0.478261
vt 0.980676 0.000000
vt 0.985507 0.000000
vt 0.888889 0.888889
vt 0.888889 0.879227
vt 0.893720 0.893720
vt 0.893720 0.908213
vt 0.893720 0.714976
vt 0.971014 0.830918
vt 0.966184 0.830918
vt 0.971014 0.463768
vt 0.980676 0.458937
vt 0.985507 0.454106
vt 0.342995 0.811594
vt 0.338164 0.743961
vt 0.342995 0.816425
vt 0.792271 0.903382
vt 0.811594 0.898551
vt 0.772947 0.903382
vt 0.990338 0.000000
vt 0.995169 0.004831
vt 0.990338 0.004831
vt 0.917874 0.125604
vt 0.942029 0.130435
vt 0.922705 0.111111
vt 0.801932 0.956522
vt 0.782609 0.956522
vt 0.850242 0.338164
vt 0.850242 0.144928
vt 0.966184 0.275362
vt 0.971014 0.265700
vt 0.966184 0.265700
vt 0.579710 0.072464
vt 0.579710 0.144928
vt 0.178744 0.995169
vt 0.178744 0.990338
vt 0.062802 0.990338
vt 0.975845 0.743961
vt 0.975845 0.739130
vt 0.879227 0.338164
vt 0.879227 0.144928
vt 0.985507 0.386473
vt 0.985507 0.367150
vt 0.685990 0.990338
vt 0.386473 0.942029
vt 0.193237 0.946860
vt 0.932367 0.975845
vt 0.903382 0.971014
vt 0.893720 0.971014
vt 0.371981 0.932367
vt 0.376812 0.913043
vt 0.371981 0.913043
vt 0.975845 0.811594
vt 0.980676 0.816425
vt 0.792271 0.782609
vt 0.758454 0.782609
vt 0.806763 0.971014
vt 0.806763 0.966184
vt 0.792271 0.777778
vt 0.801932 0.777778
vt 0.502415 0.985507
vt 0.903382 0.966184
vt 0.946860 0.908213
vt 0.980676 0.492754
vt 0.971014 0.492754
vt 0.057971 0.990338
vt 0.995169 0.009662
vt 0.990338 0.014493
vt 0.990338 0.009662
vt 0.734300 0.932367
vt 0.541063 0.932367
vt 0.405797 0.932367
vt 0.429952 0.937198
vt 0.420290 0.946860
vt 0.787440 0.922705
vt 0.792271 0.922705
vt 0.256039 0.971014
vt 0.961353 0.328502
vt 0.951691 0.265700
vt 0.951691 0.328502
vt 0.570048 0.990338
vt 0.990338 0.884058
vt 0.985507 0.888889
vt 0.985507 0.884058
vt 0.975845 0.893720
vt 0.971014 0.893720
vt 0.990338 0.801932
vt 0.338164 0.995169
vt 0.536232 0.995169
vt 0.236715 0.951691
vt 0.236715 0.966184
vt 0.425121 0.966184
vt 0.429952 0.966184
vt 0.990338 0.908213
vt 0.985507 0.913043
vt 0.985507 0.908213
vt 0.990338 0.743961
vt 0.995169 0.560386
vt 0.990338 0.560386
vt 0.975845 0.850242
vt 0.971014 0.850242
vt 0.033816 0.966184
vt 0.400966 0.975845
vt 0.400966 0.980676
vt 0.995169 0.454106
vt 0.995169 0.294686
vt 0.990338 0.299517
vt 0.396135 0.980676
vt 0.685990 0.980676
vt 0.705314 0.951691
vt 0.710145 0.956522
vt 0.705314 0.971014
vt 0.966184 0.826087
vt 0.971014 0.826087
vt 0.376812 0.811594
vt 0.342995 0.748792
vt 0.376812 0.748792
vt 0.207729 0.995169
vt 0.207729 0.990338
vt 0.980676 0.603865
vt 0.975845 0.608696
vt 0.782609 0.628019
vt 0.816425 0.637681
vt 0.995169 0.507246
vt 0.990338 0.507246
vt 0.971014 0.062802
vt 0.975845 0.990338
vt 0.956522 0.985507
vt 0.975845 0.985507
vt 0.149758 0.990338
vt 0.971014 0.869565
vt 0.966184 0.874396
vt 0.458937 0.985507
vt 0.487923 0.985507
vt 0.420290 0.985507
vt 0.400966 0.985507
vt 0.734300 0.942029
vt 0.381643 0.888889
vt 0.386473 0.816425
vt 0.381643 0.816425
vt 0.985507 0.879227
vt 0.971014 0.603865
vt 0.178744 0.951691
vt 0.173913 0.956522
vt 0.173913 0.951691
vt 0.971014 0.454106
vt 0.971014 0.449275
vt 0.985507 0.357488
vt 0.623188 0.971014
vt 0.705314 0.966184
vt 0.623188 0.966184
vt 0.932367 0.642512
vt 0.932367 0.671498
vt 0.995169 0.140097
vt 0.560386 0.995169
vt 0.975845 0.024155
vt 0.975845 0.019324
vt 0.748792 0.342995
vt 0.739130 0.342995
vt 0.806763 0.338164
vt 0.951691 0.391304
vt 0.990338 0.777778
vt 0.985507 0.782609
vt 0.985507 0.777778
vt 0.985507 0.531401
vt 0.990338 0.536232
vt 0.990338 0.531401
vt 0.251208 0.787440
vt 0.251208 0.768116
vt 0.294686 0.758454
vt 0.782609 0.951691
vt 0.763285 0.951691
vt 0.753623 0.942029
vt 0.502415 0.980676
vt 0.429952 0.980676
vt 0.980676 0.545894
vt 0.980676 0.541063
vt 0.990338 0.763285
vt 0.985507 0.768116
vt 0.985507 0.763285
vt 0.971014 0.690821
vt 0.990338 0.227053
vt 0.995169 0.222222
vt 0.966184 0.584541
vt 0.971014 0.579710
vt 0.966184 0.579710
vt 0.990338 0.772947
vt 0.990338 0.956522
vt 0.985507 0.956522
vt 0.821256 0.985507
vt 0.801932 0.990338
vt 0.801932 0.985507
vt 0.990338 0.304348
vt 0.995169 0.299517
vt 0.541063 0.951691
vt 0.990338 0.787440
vt 0.980676 0.792271
vt 0.980676 0.787440
vt 0.879227 0.990338
vt 0.898551 0.985507
vt 0.879227 0.985507
vt 0.879227 0.468599
vt 0.942029 0.478261
vt 0.942029 0.468599
vt 0.975845 0.033816
vt 0.985507 0.033816
vt 0.995169 0.028986
vt 0.014493 0.014493
vt 0.024155 0.198068
vt 0.024155 0.202899
vt 0.980676 0.550725
vt 0.937198 0.613527
vt 0.942029 0.608696
vt 0.937198 0.608696
vt 0.275362 0.951691
vt 0.758454 0.724638
vt 0.758454 0.719807
vt 0.729469 0.908213
vt 0.386473 0.908213
vt 0.990338 0.753623
vt 0.985507 0.758454
vt 0.855072 0.676328
vt 0.990338 0.391304
vt 0.985507 0.391304
vt 0.729469 0.739130
vt 0.729469 0.758454
vt 0.971014 0.521739
vt 0.980676 0.507246
vt 0.971014 0.507246
vt 0.985507 0.734300
vt 0.985507 0.376812
vt 0.975845 0.574879
vt 0.971014 0.574879
vt 0.429952 0.975845
vt 0.429952 0.971014
vt 0.985507 0.893720
vt 0.990338 0.898551
vt 0.985507 0.898551
vt 0.816425 0.971014
vt 0.850242 0.975845
vt 0.666667 0.951691
vt 0.666667 0.966184
vt 0.884058 0.777778
vt 0.821256 0.782609
vt 0.971014 0.135266
vt 0.971014 0.130435
vt 0.951691 0.072464
vt 0.951691 0.067633
vt 0.927536 0.067633
vt 0.734300 0.038647
vt 0.748792 0.038647
vt 0.787440 0.043478
vt 0.975845 0.106280
vt 0.975845 0.101449
vt 0.961353 0.342995
vt 0.990338 0.951691
vt 0.990338 0.946860
vt 0.980676 0.826087
vt 0.980676 0.840580
vt 0.309179 0.990338
vt 0.294686 0.995169
vt 0.386473 0.946860
vt 0.193237 0.951691
vt 0.961353 0.376812
vt 0.971014 0.381643
vt 0.971014 0.376812
vt 0.028986 0.971014
vt 0.000000 0.966184
vt 0.033816 0.971014
vt 0.995169 0.275362
vt 0.990338 0.275362
vt 0.995169 0.531401
vt 0.990338 0.758454
vt 0.975845 0.748792
vt 0.811594 0.439614
vt 0.874396 0.478261
vt 0.874396 0.439614
vt 0.884058 0.376812
vt 0.888889 0.357488
vt 0.309179 0.980676
vt 0.227053 0.985507
vt 0.236715 0.845411
vt 0.299517 0.888889
vt 0.966184 0.956522
vt 0.951691 0.956522
vt 0.990338 0.371981
vt 0.487923 0.995169
vt 0.478261 0.990338
vt 0.120773 0.990338
vt 0.101449 0.995169
vt 0.502415 0.995169
vt 0.975845 0.806763
vt 0.980676 0.806763
vt 0.975845 0.420290
vt 0.985507 0.420290
vt 0.985507 0.516908
vt 0.874396 0.347826
vt 0.879227 0.347826
vt 0.995169 0.570048
vt 0.782609 0.990338
vt 0.579710 0.000000
vt 0.386473 0.000000
vt 0.743961 0.971014
vt 0.743961 0.966184
vt 0.468599 0.971014
vt 0.985507 0.415459
vt 0.980676 0.391304
vt 0.898551 0.946860
vt 0.908213 0.946860
vt 0.980676 0.637681
vt 0.685990 0.338164
vt 0.140097 0.961353
vt 0.154589 0.961353
vt 0.381643 0.811594
vt 0.376812 0.816425
vt 0.376812 0.806763
vt 0.985507 0.260870
vt 0.985507 0.251208
vt 0.792271 0.714976
vt 0.758454 0.714976
vt 0.971014 0.531401
vt 0.971014 0.536232
vt 0.975845 0.531401
vt 0.956522 0.792271
vt 0.995169 0.381643
vt 0.990338 0.386473
vt 0.458937 0.966184
vt 0.579710 0.922705
vt 0.956522 0.608696
vt 0.961353 0.613527
vt 0.961353 0.608696
vt 0.961353 0.874396
vt 0.961353 0.845411
vt 0.342995 0.971014
vt 0.980676 0.652174
vt 0.980676 0.657005
vt 0.893720 0.144928
vt 0.893720 0.763285
vt 0.821256 0.758454
vt 0.888889 0.758454
vt 0.628019 0.951691
vt 0.613527 0.956522
vt 0.599034 0.956522
vt 0.975845 0.835749
vt 0.971014 0.835749
vt 0.966184 0.342995
vt 0.971014 0.304348
vt 0.995169 0.231884
vt 0.990338 0.231884
vt 0.990338 0.821256
vt 0.884058 0.613527
vt 0.913043 0.676328
vt 0.884058 0.676328
vt 0.961353 0.241546
vt 0.975845 0.236715
vt 0.971014 0.241546
vt 0.995169 0.502415
vt 0.985507 0.256039
vt 0.980676 0.236715
vt 0.806763 0.893720
vt 0.801932 0.888889
vt 0.990338 0.053140
vt 0.995169 0.057971
vt 0.990338 0.057971
vt 0.777778 0.961353
vt 0.990338 0.628019
vt 0.932367 0.439614
vt 0.932367 0.415459
vt 0.980676 0.884058
vt 0.869565 0.980676
vt 0.966184 0.811594
vt 0.966184 0.806763
vt 0.512077 0.975845
vt 0.512077 0.980676
vt 0.980676 0.516908
vt 0.985507 0.681159
vt 0.951691 0.468599
vt 0.990338 0.260870
vt 0.995169 0.256039
vt 0.990338 0.256039
vt 0.801932 0.763285
vt 0.985507 0.937198
vt 0.884058 0.874396
vt 0.888889 0.801932
vt 0.884058 0.801932
vt 0.376812 0.990338
vt 0.367150 0.995169
vt 0.367150 0.990338
vt 0.975845 0.202899
vt 0.975845 0.188406
vt 0.951691 0.888889
vt 0.951691 0.893720
vt 0.980676 0.618357
vt 0.961353 0.265700
vt 0.024155 0.270531
vt 0.362319 0.270531
vt 0.024155 0.289855
vt 0.975845 0.323671
vt 0.975845 0.314010
vt 0.971014 0.434783
vt 0.975845 0.434783
vt 0.975845 0.579710
vt 0.971014 0.584541
vt 0.946860 0.338164
vt 0.946860 0.144928
vt 0.980676 0.304348
vt 0.975845 0.309179
vt 0.975845 0.304348
vt 0.980676 0.294686
vt 0.985507 0.299517
vt 0.792271 0.772947
vt 0.758454 0.772947
vt 0.729469 0.898551
vt 0.729469 0.850242
vt 0.231884 0.845411
vt 0.000000 0.888889
vt 0.231884 0.850242
vt 0.338164 0.932367
vt 0.342995 0.913043
vt 0.338164 0.913043
vt 0.429952 0.951691
vt 0.917874 0.990338
vt 0.898551 0.990338
vt 0.932367 0.004831
vt 0.927536 0.009662
vt 0.927536 0.000000
vt 0.932367 0.526570
vt 0.917874 0.483092
vt 0.932367 0.483092
vt 0.995169 0.173913
vt 0.990338 0.169082
vt 0.995169 0.169082
vt 0.821256 0.739130
vt 0.980676 0.864734
vt 0.932367 0.632850
vt 0.937198 0.628019
vt 0.932367 0.628019
vt 0.038647 0.990338
vt 0.057971 0.995169
vt 0.995169 0.014493
vt 0.985507 0.289855
vt 0.748792 0.594203
vt 0.792271 0.594203
vt 0.971014 0.444444
vt 0.000000 0.942029
vt 0.173913 0.758454
vt 0.169082 0.758454
vt 0.893720 0.913043
vt 0.884058 0.913043
vt 0.985507 0.086957
vt 0.980676 0.091787
vt 0.980676 0.086957
vt 0.405797 0.995169
vt 0.405797 0.990338
vt 0.980676 0.975845
vt 0.975845 0.062802
vt 0.980676 0.299517
vt 0.951691 0.951691
vt 0.951691 0.946860
vt 0.956522 0.990338
vt 0.937198 0.990338
vt 0.995169 0.323671
vt 0.985507 0.328502
vt 0.975845 0.289855
vt 0.975845 0.285024
vt 0.995169 0.241546
vt 0.990338 0.241546
vt 0.526570 0.995169
vt 0.526570 0.990338
vt 0.743961 0.729469
vt 0.739130 0.729469
vt 0.951691 0.144928
vt 0.942029 0.140097
vt 0.951691 0.140097
vt 0.748792 0.734300
vt 0.990338 0.811594
vt 0.120773 0.966184
vt 0.125604 0.966184
vt 0.579710 0.908213
vt 0.772947 0.922705
vt 0.985507 0.067633
vt 0.985507 0.053140
vt 0.425121 0.990338
vt 0.429952 0.990338
vt 0.990338 0.584541
vt 0.990338 0.125604
vt 0.985507 0.096618
vt 0.884058 0.763285
vt 0.893720 0.768116
vt 0.888889 0.768116
vt 0.763285 0.956522
vt 0.743961 0.956522
vt 0.966184 0.439614
vt 0.734300 0.966184
vt 0.739130 0.971014
vt 0.975845 0.830918
vt 0.966184 0.541063
vt 0.966184 0.545894
vt 0.966184 0.821256
vt 0.971014 0.821256
vt 0.971014 0.743961
vt 0.971014 0.106280
vt 0.980676 0.473430
vt 0.971014 0.473430
vt 0.932367 0.613527
vt 0.376812 0.995169
vt 0.236715 0.956522
vt 0.217391 0.966184
vt 0.217391 0.956522
vt 0.434783 0.956522
vt 0.990338 0.072464
vt 0.917874 0.579710
vt 0.579710 0.531401
vt 0.995169 0.251208
vt 0.966184 0.410628
vt 0.961353 0.400966
vt 0.966184 0.400966
vt 0.599034 0.995169
vt 0.599034 0.990338
vt 0.995169 0.193237
vt 0.381643 0.729469
vt 0.314010 0.425121
vt 0.246377 0.434783
vt 0.961353 0.661836
vt 0.980676 0.661836
vt 0.990338 0.434783
vt 0.309179 0.985507
vt 0.391304 0.980676
vt 0.990338 0.487923
vt 0.995169 0.038647
vt 0.961353 0.043478
vt 0.951691 0.043478
vt 0.951691 0.048309
vt 0.980676 0.381643
vt 0.971014 0.371981
vt 0.478261 0.995169
vt 0.792271 0.768116
vt 0.975845 0.855072
vt 0.980676 0.850242
vt 0.966184 0.628019
vt 0.966184 0.632850
vt 0.995169 0.352657
vt 0.942029 0.956522
vt 0.942029 0.951691
vt 0.971014 0.077295
vt 0.990338 0.202899
vt 0.985507 0.903382
vt 0.000000 0.946860
vt 0.951691 0.840580
vt 0.946860 0.845411
vt 0.946860 0.840580
vt 0.975845 0.333333
vt 0.985507 0.333333
vt 0.971014 0.328502
vt 0.985507 0.536232
vt 0.985507 0.541063
vt 0.777778 0.917874
vt 0.787440 0.913043
vt 0.758454 0.768116
vt 0.096618 0.782609
vt 0.130435 0.797101
vt 0.057971 0.801932
vt 0.072464 0.927536
vt 0.748792 0.719807
vt 0.072464 0.932367
vt 0.077295 0.927536
vt 0.328502 0.966184
vt 0.811594 0.966184
vt 0.816425 0.966184
vt 0.985507 0.845411
vt 0.024155 0.367150
vt 0.033816 0.338164
vt 0.376812 0.362319
vt 0.371981 0.980676
vt 0.289855 0.980676
vt 0.386473 0.806763
vt 0.376812 0.743961
vt 0.386473 0.743961
vt 0.985507 0.671498
vt 0.362319 0.966184
vt 0.376812 0.971014
vt 0.309179 0.995169
vt 0.318841 0.995169
vt 0.990338 0.874396
vt 0.990338 0.869565
vt 0.990338 0.038647
vt 0.995169 0.043478
vt 0.995169 0.463768
vt 0.391304 0.985507
vt 0.859903 0.956522
vt 0.850242 0.956522
vt 0.966184 0.497585
vt 0.956522 0.487923
vt 0.961353 0.487923
vt 0.956522 0.642512
vt 0.942029 0.642512
vt 0.990338 0.830918
vt 0.985507 0.830918
vt 0.681159 0.628019
vt 0.840580 0.985507
vt 0.821256 0.990338
vt 0.840580 0.990338
vt 0.734300 0.971014
vt 0.729469 0.951691
vt 0.734300 0.951691
vt 0.995169 0.391304
vt 0.859903 0.985507
vt 0.971014 0.024155
vt 0.975845 0.028986
vt 0.971014 0.028986
vt 0.980676 0.038647
vt 0.512077 0.990338
vt 0.661836 0.405797
vt 0.579710 0.405797
vt 0.956522 0.772947
vt 0.140097 0.888889
vt 0.975845 0.004831
vt 0.884058 0.381643
vt 0.971014 0.599034
vt 0.975845 0.594203
vt 0.966184 0.555556
vt 0.971014 0.555556
vt 0.613527 0.990338
vt 0.966184 0.937198
vt 0.966184 0.922705
vt 0.980676 0.835749
vt 0.937198 0.956522
vt 0.903382 0.956522
vt 0.990338 0.724638
vt 0.985507 0.729469
vt 0.985507 0.724638
vt 0.951691 0.772947
vt 0.990338 0.657005
vt 0.980676 0.289855
vt 0.975845 0.294686
vt 0.971014 0.589372
vt 0.995169 0.338164
vt 0.990338 0.338164
vt 0.980676 0.067633
vt 0.975845 0.067633
vt 0.990338 0.067633
vt 0.995169 0.072464
vt 0.990338 0.323671
vt 0.193237 0.995169
vt 0.995169 0.526570
vt 0.884058 0.893720
vt 0.888889 0.908213
vt 0.975845 0.560386
vt 0.980676 0.082126
vt 0.975845 0.207729
vt 0.971014 0.975845
vt 0.971014 0.971014
vt 0.990338 0.937198
vt 0.830918 0.342995
vt 0.864734 0.338164
vt 0.830918 0.338164
vt 0.961353 0.391304
vt 0.212560 0.951691
vt 0.995169 0.164251
vt 0.971014 0.000000
vt 0.879227 0.613527
vt 0.811594 0.782609
vt 0.884058 0.830918
vt 0.874396 0.985507
vt 0.811594 0.985507
vt 0.966184 0.850242
vt 0.975845 0.695652
vt 0.966184 0.695652
vt 0.971014 0.700483
vt 0.879227 0.966184
vt 0.884058 0.961353
vt 0.850242 0.971014
vt 0.956522 0.835749
vt 0.956522 0.840580
vt 0.859903 0.990338
vt 0.985507 0.014493
vt 0.768116 0.961353
vt 0.763285 0.961353
vt 0.309179 0.956522
vt 0.314010 0.951691
vt 0.980676 0.797101
vt 0.980676 0.024155
vt 0.942029 0.603865
vt 0.806763 0.483092
vt 0.579710 0.410628
vt 0.579710 0.483092
vt 0.980676 0.270531
vt 0.980676 0.275362
vt 0.975845 0.270531
vt 0.811594 0.478261
vt 0.879227 0.483092
vt 0.975845 0.502415
vt 0.975845 0.497585
vt 0.990338 0.082126
vt 0.975845 0.091787
vt 0.971014 0.091787
vt 0.362319 0.995169
vt 0.995169 0.386473
vt 0.613527 0.980676
vt 0.869565 0.975845
vt 0.120773 0.995169
vt 0.995169 0.555556
vt 0.425121 0.971014
vt 0.396135 0.971014
vt 0.806763 0.724638
vt 0.980676 0.028986
vt 0.990338 0.178744
vt 0.082126 0.927536
vt 0.077295 0.932367
vt 0.748792 0.009662
vt 0.734300 0.009662
vt 0.618357 0.004831
vt 0.347826 0.908213
vt 0.342995 0.903382
vt 0.371981 0.903382
vt 0.888889 0.439614
vt 0.806763 0.396135
vt 0.806763 0.439614
vt 0.946860 0.942029
vt 0.946860 0.937198
vt 0.975845 0.570048
vt 0.990338 0.879227
vt 0.990338 0.932367
vt 0.990338 0.927536
vt 0.154589 0.966184
vt 0.159420 0.971014
vt 0.946860 0.975845
vt 0.850242 0.927536
vt 0.888889 0.927536
vt 0.995169 0.236715
vt 0.236715 0.971014
vt 0.381643 0.980676
vt 0.381643 0.975845
vt 0.966184 0.623188
vt 0.971014 0.714976
vt 0.966184 0.478261
vt 0.951691 0.439614
vt 0.980676 0.685990
vt 0.975845 0.690821
vt 0.980676 0.690821
vt 0.980676 0.584541
vt 0.975845 0.584541
vt 0.111111 0.971014
vt 0.115942 0.971014
vt 0.995169 0.202899
vt 0.173913 0.961353
vt 0.178744 0.956522
vt 0.995169 0.318841
vt 0.946860 0.893720
vt 0.946860 0.888889
vt 0.019324 0.995169
vt -0.000000 0.995169
vt 0.932367 0.966184
vt 0.942029 0.971014
vt 0.937198 0.971014
vt 0.864734 0.396135
vt 0.830918 0.396135
vt 0.985507 0.183575
vt 0.985507 0.028986
vt 0.985507 0.024155
vt 0.729469 0.782609
vt 0.956522 0.613527
vt 0.985507 0.835749
vt 0.961353 0.439614
vt 0.961353 0.410628
vt 0.985507 0.082126
vt 0.864734 0.342995
vt 0.864734 0.347826
vt 0.019324 0.990338
vt 0.975845 0.299517
vt 0.207729 0.966184
vt 0.990338 0.768116
vt 0.995169 0.333333
vt 0.966184 0.454106
vt 0.565217 0.990338
vt 0.961353 0.386473
vt 0.995169 0.304348
vt 0.280193 0.985507
vt 0.589372 0.526570
vt 0.908213 0.526570
vt 0.990338 0.913043
vt 0.874396 0.980676
vt 0.985507 0.125604
vt 0.975845 0.125604
vt 0.990338 0.120773
vt 0.971014 0.294686
vt 0.971014 0.289855
vt 0.995169 0.125604
vt 0.995169 0.120773
vt 0.971014 0.845411
vt 0.995169 0.154589
vt 0.995169 0.149758
vt 0.888889 0.961353
vt 0.884058 0.975845
vt 0.990338 0.975845
vt 0.980676 0.946860
vt 0.990338 0.719807
vt 0.236715 0.995169
vt 0.386473 0.888889
vt 0.381643 0.898551
vt 0.159420 0.990338
vt 0.811594 0.888889
vt 0.806763 0.888889
vt 0.801932 0.855072
vt 0.265700 0.995169
vt 0.985507 0.009662
vt 0.251208 0.971014
vt 0.995169 0.410628
vt 0.028986 0.975845
vt 0.357488 0.971014
vt 0.000000 0.980676
vt 0.004831 0.980676
vt 0.004831 0.985507
vt 0.019324 0.980676
vt 0.024155 0.980676
vt 0.347826 0.951691
vt 0.990338 0.410628
vt 0.835749 0.763285
vt 0.376812 0.932367
vt 0.376812 0.927536
vt 0.381643 0.922705
vt 0.932367 0.729469
vt 0.937198 0.512077
vt 0.942029 0.516908
vt 0.985507 0.077295
vt 0.946860 0.966184
vt 0.637681 0.990338
vt 0.980676 0.111111
vt 0.888889 0.415459
vt 0.801932 0.719807
vt 0.507246 0.995169
vt 0.879227 0.975845
vt 0.169082 0.971014
vt 0.990338 0.043478
vt 0.376812 0.922705
vt 0.376812 0.908213
vt 0.381643 0.903382
vt 0.386473 0.917874
vt 0.845411 0.937198
vt 0.850242 0.937198
vt 0.845411 0.961353
vt 0.835749 0.961353
vt 0.956522 0.657005
vt 0.956522 0.647343
vt 0.961353 0.647343
vt 0.961353 0.642512
vt 0.971014 0.661836
vt 0.975845 0.647343
vt 0.975845 0.657005
vt 0.309179 0.971014
vt 0.975845 0.787440
vt 0.990338 0.623188
vt 0.961353 0.637681
vt 0.879227 0.386473
vt 0.884058 0.584541
vt 0.888889 0.584541
vt 0.898551 0.589372
vt 0.898551 0.594203
vt 0.893720 0.594203
vt 0.898551 0.599034
vt 0.898551 0.603865
vt 0.879227 0.603865
vt 0.879227 0.589372
vt 0.884058 0.589372
vt 0.903382 0.603865
vt 0.903382 0.613527
vt 0.888889 0.613527
vt 0.884058 0.608696
vt 0.521739 0.961353
vt 0.932367 0.603865
vt 0.932367 0.038647
vt 0.980676 0.371981
vt 0.811594 0.768116
vt 0.743961 0.739130
vt 0.516908 0.980676
vt 0.536232 0.980676
vt 0.792271 0.386473
vt 0.806763 0.410628
vt 0.792271 0.410628
vt 0.792271 0.396135
vt 0.661836 0.338164
vt 0.700483 0.342995
vt 0.666667 0.342995
vt 0.676328 0.342995
vt 0.748792 0.386473
vt 0.748792 0.396135
vt 0.739130 0.405797
vt 0.888889 0.338164
vt 0.072464 0.043478
vt 0.106280 0.154589
vt 0.458937 0.951691
vt 0.971014 0.014493
vt 0.927536 0.420290
vt 0.922705 0.420290
vt 0.922705 0.415459
vt 0.898551 0.415459
vt 0.898551 0.420290
vt 0.893720 0.420290
vt 0.932367 0.425121
vt 0.888889 0.425121
vt 0.806763 0.579710
vt 0.971014 0.483092
vt 0.381643 0.864734
vt 0.352657 0.859903
vt 0.352657 0.864734
vt 0.342995 0.864734
vt 0.376812 0.864734
vt 0.381643 0.874396
vt 0.376812 0.874396
vt 0.376812 0.888889
vt 0.376812 0.893720
vt 0.367150 0.898551
vt 0.371981 0.898551
vt 0.352657 0.903382
vt 0.367150 0.903382
vt 0.347826 0.893720
vt 0.347826 0.898551
vt 0.352657 0.898551
vt 0.342995 0.893720
vt 0.338164 0.874396
vt 0.898551 0.458937
vt 0.898551 0.463768
vt 0.913043 0.463768
vt 0.913043 0.468599
vt 0.922705 0.468599
vt 0.922705 0.454106
vt 0.951691 0.454106
vt 0.888889 0.458937
vt 0.913043 0.439614
vt 0.913043 0.449275
vt 0.879227 0.439614
vt 0.879227 0.454106
vt 0.898551 0.444444
vt 0.396135 0.995169
vt 0.555556 0.961353
vt 0.555556 0.951691
vt 0.570048 0.951691
vt 0.541063 0.961353
vt 0.545894 0.961353
vt 0.584541 0.961353
vt 0.971014 0.526570
vt 0.980676 0.521739
vt 0.990338 0.966184
vt 0.666667 0.676328
vt 0.666667 0.657005
vt 0.661836 0.657005
vt 0.661836 0.652174
vt 0.657005 0.652174
vt 0.657005 0.647343
vt 0.647343 0.647343
vt 0.647343 0.642512
vt 0.613527 0.647343
vt 0.603865 0.652174
vt 0.599034 0.652174
vt 0.599034 0.657005
vt 0.594203 0.657005
vt 0.594203 0.676328
vt 0.599034 0.676328
vt 0.599034 0.681159
vt 0.603865 0.681159
vt 0.603865 0.685990
vt 0.956522 0.806763
vt 0.830918 0.386473
vt 0.289855 0.951691
vt 0.811594 0.975845
vt 0.067633 0.990338
vt 0.995169 0.048309
vt 0.946860 0.898551
vt 0.961353 0.057971
vt 0.874396 0.391304
vt 0.444444 0.995169
vt 0.772947 0.714976
vt 0.318841 0.966184
vt 0.512077 0.961353
vt 0.516908 0.961353
vt 0.521739 0.966184
vt 0.468599 0.990338
vt 0.975845 0.183575
vt 0.850242 0.932367
vt 0.888889 0.942029
vt 0.956522 0.135266
vt 0.966184 0.038647
vt 0.961353 0.000000
vt 0.917874 0.714976
vt 0.995169 0.429952
vt 0.869565 0.777778
vt 0.971014 0.086957
vt 0.951691 0.714976
vt 0.975845 0.859903
vt 0.990338 0.405797
vt 0.995169 0.265700
vt 0.913043 0.589372
vt 0.913043 0.603865
vt 0.903382 0.599034
vt 0.903382 0.584541
vt 0.908213 0.584541
vt 0.888889 0.579710
vt 0.903382 0.579710
vt 0.787440 0.980676
vt 0.811594 0.927536
vt 0.937198 0.439614
vt 0.589372 0.995169
vt 0.169082 0.956522
vt 0.917874 0.053140
vt 0.927536 0.043478
vt 0.908213 0.956522
vt 0.995169 0.512077
vt 0.816425 0.357488
vt 0.879227 0.357488
vt 0.985507 0.106280
vt 0.376812 0.980676
vt 0.826087 0.777778
vt 0.980676 0.710145
vt 0.966184 0.705314
vt 0.961353 0.705314
vt 0.942029 0.922705
vt 0.942029 0.927536
vt 0.917874 0.942029
vt 0.898551 0.942029
vt 0.898551 0.932367
vt 0.893720 0.932367
vt 0.893720 0.922705
vt 0.946860 0.913043
vt 0.946860 0.922705
vt 0.908213 0.908213
vt 0.942029 0.908213
vt 0.971014 0.236715
vt 0.980676 0.763285
vt 0.975845 0.763285
vt 0.971014 0.758454
vt 0.971014 0.753623
vt 0.995169 0.086957
vt 0.946860 0.685990
vt 0.502415 0.971014
vt 0.971014 0.628019
vt 0.850242 0.637681
vt 0.806763 0.772947
vt 0.946860 0.072464
vt 0.913043 0.072464
vt 0.913043 0.086957
vt 0.898551 0.086957
vt 0.898551 0.096618
vt 0.951691 0.086957
vt 0.951691 0.077295
vt 0.946860 0.091787
vt 0.946860 0.086957
vt 0.903382 0.106280
vt 0.922705 0.106280
vt 0.241546 0.971014
vt 0.966184 0.975845
vt 0.995169 0.115942
vt 0.961353 0.246377
vt 0.613527 0.685990
vt 0.613527 0.690821
vt 0.661836 0.676328
vt 0.657005 0.681159
vt 0.661836 0.681159
vt 0.647343 0.685990
vt 0.961353 0.898551
vt 0.961353 0.893720
vt 0.951691 0.898551
vt 0.951691 0.903382
vt 0.971014 0.159420
vt 0.961353 0.159420
vt 0.961353 0.154589
vt 0.956522 0.154589
vt 0.956522 0.140097
vt 0.961353 0.135266
vt 0.975845 0.140097
vt 0.975845 0.154589
vt 0.256039 0.951691
vt 0.985507 0.120773
vt 0.922705 0.439614
vt 0.922705 0.434783
vt 0.898551 0.439614
vt 0.014493 0.782609
vt 0.096618 0.758454
vt 0.468599 0.961353
vt 0.033816 0.990338
vt 0.985507 0.652174
vt 0.990338 0.792271
vt 0.995169 0.019324
vt 0.811594 0.908213
vt 0.966184 0.797101
vt 0.961353 0.835749
vt 0.323671 0.951691
vt 0.985507 0.062802
vt 0.579710 0.357488
vt 0.995169 0.579710
vt 0.995169 0.473430
vt 0.893720 0.956522
vt 0.294686 0.801932
vt 0.314010 0.801932
vt 0.314010 0.797101
vt 0.318841 0.792271
vt 0.323671 0.768116
vt 0.927536 0.019324
vt 0.917874 0.019324
vt 0.917874 0.028986
vt 0.922705 0.028986
vt 0.922705 0.033816
vt 0.946860 0.014493
vt 0.946860 0.009662
vt 0.951691 0.019324
vt 0.951691 0.014493
vt 0.961353 0.028986
vt 0.961353 0.019324
vt 0.956522 0.033816
vt 0.956522 0.028986
vt 0.927536 0.038647
vt 0.091787 0.966184
vt 0.840580 0.966184
vt 0.821256 0.966184
vt 0.821256 0.961353
vt 0.816425 0.961353
vt 0.816425 0.956522
vt 0.811594 0.937198
vt 0.816425 0.937198
vt 0.816425 0.932367
vt 0.826087 0.956522
vt 0.830918 0.956522
vt 0.830918 0.961353
vt 0.821256 0.927536
vt 0.840580 0.927536
vt 0.840580 0.932367
vt 0.845411 0.932367
vt 0.830918 0.946860
vt 0.990338 0.917874
vt 0.956522 0.714976
vt 0.782609 0.700483
vt 0.782609 0.705314
vt 0.777778 0.705314
vt 0.782609 0.710145
vt 0.985507 0.512077
vt 0.990338 0.685990
vt 0.806763 0.946860
vt 0.787440 0.956522
vt 0.985507 0.478261
vt 0.961353 0.309179
vt 0.362319 0.956522
vt 0.362319 0.951691
vt 0.357488 0.951691
vt 0.362319 0.961353
vt 0.371981 0.966184
vt 0.371981 0.951691
vt 0.584541 0.951691
vt 0.594203 0.956522
vt 0.594203 0.961353
vt 0.618357 0.961353
vt 0.618357 0.956522
vt 0.613527 0.961353
vt 0.990338 0.859903
vt 0.884058 0.888889
vt 0.888889 0.874396
vt 0.893720 0.879227
vt 0.888889 0.893720
vt 0.966184 0.463768
vt 0.966184 0.468599
vt 0.971014 0.468599
vt 0.975845 0.468599
vt 0.975845 0.463768
vt 0.975845 0.458937
vt 0.971014 0.458937
vt 0.975845 0.454106
vt 0.980676 0.463768
vt 0.342995 0.743961
vt 0.772947 0.908213
vt 0.811594 0.903382
vt 0.729469 0.903382
vt 0.995169 0.000000
vt 0.913043 0.120773
vt 0.913043 0.125604
vt 0.917874 0.130435
vt 0.922705 0.130435
vt 0.922705 0.135266
vt 0.927536 0.135266
vt 0.927536 0.140097
vt 0.951691 0.135266
vt 0.946860 0.135266
vt 0.946860 0.130435
vt 0.942029 0.125604
vt 0.937198 0.125604
vt 0.937198 0.120773
vt 0.932367 0.120773
vt 0.932367 0.115942
vt 0.927536 0.115942
vt 0.927536 0.111111
vt 0.898551 0.106280
vt 0.898551 0.111111
vt 0.903382 0.111111
vt 0.903382 0.115942
vt 0.908213 0.115942
vt 0.908213 0.120773
vt 0.971014 0.275362
vt 0.898551 0.072464
vt 0.980676 0.386473
vt 0.893720 0.975845
vt 0.932367 0.971014
vt 0.801932 0.971014
vt 0.734300 0.922705
vt 0.396135 0.937198
vt 0.386473 0.937198
vt 0.396135 0.922705
vt 0.396135 0.927536
vt 0.405797 0.927536
vt 0.420290 0.932367
vt 0.420290 0.922705
vt 0.458937 0.937198
vt 0.420290 0.951691
vt 0.396135 0.942029
vt 0.405797 0.946860
vt 0.405797 0.942029
vt 0.787440 0.946860
vt 0.570048 0.995169
vt 0.990338 0.888889
vt 0.975845 0.888889
vt 0.966184 0.864734
vt 0.241546 0.951691
vt 0.033816 0.980676
vt 0.420290 0.975845
vt 0.729469 0.956522
vt 0.710145 0.971014
vt 0.980676 0.608696
vt 0.743961 0.758454
vt 0.816425 0.642512
vt 0.975845 0.874396
vt 0.966184 0.869565
vt 0.792271 0.342995
vt 0.990338 0.782609
vt 0.285024 0.792271
vt 0.289855 0.792271
vt 0.289855 0.797101
vt 0.294686 0.797101
vt 0.057971 0.811594
vt 0.086957 0.811594
vt 0.135266 0.797101
vt 0.144928 0.797101
vt 0.173913 0.797101
vt 0.227053 0.763285
vt 0.227053 0.768116
vt 0.222222 0.768116
vt 0.222222 0.787440
vt 0.227053 0.787440
vt 0.227053 0.792271
vt 0.289855 0.763285
vt 0.289855 0.768116
vt 0.285024 0.768116
vt 0.294686 0.763285
vt 0.318841 0.763285
vt 0.314010 0.763285
vt 0.314010 0.758454
vt 0.318841 0.768116
vt 0.246377 0.768116
vt 0.246377 0.763285
vt 0.246377 0.792271
vt 0.246377 0.787440
vt 0.758454 0.927536
vt 0.763285 0.927536
vt 0.763285 0.932367
vt 0.768116 0.932367
vt 0.768116 0.937198
vt 0.772947 0.937198
vt 0.772947 0.942029
vt 0.777778 0.942029
vt 0.777778 0.946860
vt 0.782609 0.946860
vt 0.758454 0.951691
vt 0.758454 0.946860
vt 0.753623 0.946860
vt 0.748792 0.942029
vt 0.748792 0.937198
vt 0.743961 0.937198
vt 0.743961 0.932367
vt 0.739130 0.932367
vt 0.739130 0.927536
vt 0.734300 0.927536
vt 0.758454 0.922705
vt 0.995169 0.227053
vt 0.985507 0.038647
vt 0.975845 0.038647
vt 0.971014 0.033816
vt 0.251208 0.154589
vt 0.140097 0.053140
vt 0.140097 0.062802
vt 0.246377 0.062802
vt 0.246377 0.053140
vt 0.314010 0.053140
vt 0.260870 0.154589
vt 0.260870 0.202899
vt 0.362319 0.222222
vt 0.024155 0.222222
vt 0.251208 0.202899
vt 0.000000 0.357488
vt 0.000000 0.000000
vt 0.014493 0.000000
vt 0.028986 0.014493
vt 0.028986 0.028986
vt 0.043478 0.028986
vt 0.280193 0.951691
vt 0.729469 0.714976
vt 0.990338 0.893720
vt 0.884058 0.782609
vt 0.946860 0.048309
vt 0.951691 0.053140
vt 0.956522 0.062802
vt 0.956522 0.067633
vt 0.917874 0.062802
vt 0.922705 0.067633
vt 0.922705 0.062802
vt 0.927536 0.072464
vt 0.869565 0.014493
vt 0.869565 0.019324
vt 0.864734 0.019324
vt 0.864734 0.024155
vt 0.855072 0.024155
vt 0.855072 0.019324
vt 0.850242 0.019324
vt 0.850242 0.014493
vt 0.888889 0.057971
vt 0.908213 0.057971
vt 0.917874 0.072464
vt 0.584541 0.067633
vt 0.618357 0.067633
vt 0.671498 0.062802
vt 0.695652 0.062802
vt 0.888889 0.009662
vt 0.695652 0.053140
vt 0.671498 0.053140
vt 0.661836 0.033816
vt 0.671498 0.033816
vt 0.671498 0.038647
vt 0.695652 0.038647
vt 0.695652 0.033816
vt 0.705314 0.033816
vt 0.879227 0.014493
vt 0.879227 0.053140
vt 0.855072 0.048309
vt 0.864734 0.048309
vt 0.864734 0.053140
vt 0.695652 0.024155
vt 0.695652 0.028986
vt 0.690821 0.028986
vt 0.690821 0.033816
vt 0.676328 0.033816
vt 0.676328 0.028986
vt 0.671498 0.028986
vt 0.671498 0.024155
vt 0.734300 0.014493
vt 0.729469 0.014493
vt 0.729469 0.019324
vt 0.719807 0.019324
vt 0.719807 0.028986
vt 0.729469 0.028986
vt 0.729469 0.033816
vt 0.705314 0.024155
vt 0.855072 0.053140
vt 0.734300 0.033816
vt 0.840580 0.053140
vt 0.753623 0.033816
vt 0.787440 0.014493
vt 0.748792 0.033816
vt 0.961353 0.381643
vt 0.000000 0.975845
vt 0.995169 0.536232
vt 0.236715 0.850242
vt 0.937198 0.637681
vt 0.579710 0.338164
vt 0.135266 0.966184
vt 0.140097 0.966184
vt 0.135266 0.961353
vt 0.125604 0.961353
vt 0.169082 0.961353
vt 0.159420 0.961353
vt 0.386473 0.811594
vt 0.966184 0.531401
vt 0.971014 0.541063
vt 0.975845 0.536232
vt 0.980676 0.531401
vt 0.748792 0.763285
vt 0.347826 0.971014
vt 0.888889 0.714976
vt 0.821256 0.763285
vt 0.975845 0.376812
vt 0.975845 0.840580
vt 0.990338 0.826087
vt 0.913043 0.613527
vt 0.980676 0.256039
vt 0.806763 0.898551
vt 0.801932 0.893720
vt 0.913043 0.975845
vt 0.971014 0.811594
vt 0.951691 0.478261
vt 0.995169 0.260870
vt 0.980676 0.937198
vt 0.980676 0.202899
vt 0.980676 0.623188
vt 0.879227 0.768116
vt 0.028986 0.333333
vt 0.033816 0.333333
vt 0.009662 0.362319
vt 0.004831 0.362319
vt 0.004831 0.357488
vt 0.024155 0.328502
vt 0.028986 0.328502
vt 0.362319 0.202899
vt 0.362319 0.154589
vt 0.314010 0.043478
vt 0.342995 0.043478
vt 0.342995 0.028986
vt 0.357488 0.028986
vt 0.357488 0.014493
vt 0.371981 0.014493
vt 0.371981 0.000000
vt 0.381643 0.357488
vt 0.381643 0.362319
vt 0.352657 0.338164
vt 0.352657 0.333333
vt 0.357488 0.333333
vt 0.357488 0.328502
vt 0.362319 0.328502
vt 0.362319 0.289855
vt 0.971014 0.314010
vt 0.975845 0.328502
vt 0.980676 0.323671
vt 0.801932 0.898551
vt 0.342995 0.932367
vt 0.917874 0.985507
vt 0.951691 0.000000
vt 0.951691 0.004831
vt 0.966184 0.526570
vt 0.990338 0.173913
vt 0.038647 0.995169
vt 0.579710 0.579710
vt 0.748792 0.579710
vt 0.792271 0.579710
vt 0.144928 0.758454
vt 0.135266 0.758454
vt 0.130435 0.758454
vt 0.169082 0.777778
vt 0.159420 0.777778
vt 0.159420 0.758454
vt 0.893720 0.927536
vt 0.985507 0.091787
vt 0.985507 0.304348
vt 0.985507 0.323671
vt 0.120773 0.980676
vt 0.971014 0.719807
vt 0.971014 0.729469
vt 0.971014 0.478261
vt 0.980676 0.478261
vt 0.985507 0.473430
vt 0.966184 0.473430
vt 0.932367 0.618357
vt 0.434783 0.971014
vt 0.454106 0.956522
vt 0.917874 0.531401
vt 0.386473 0.729469
vt 0.386473 0.371981
vt 0.371981 0.371981
vt 0.371981 0.386473
vt 0.357488 0.386473
vt 0.357488 0.400966
vt 0.342995 0.400966
vt 0.342995 0.415459
vt 0.314010 0.415459
vt 0.246377 0.425121
vt 0.140097 0.434783
vt 0.140097 0.425121
vt 0.072464 0.425121
vt 0.072464 0.415459
vt 0.043478 0.415459
vt 0.043478 0.400966
vt 0.028986 0.400966
vt 0.028986 0.386473
vt 0.014493 0.386473
vt 0.014493 0.371981
vt 0.000000 0.371981
vt 0.000000 0.729469
vt 0.004831 0.729469
vt 0.004831 0.734300
vt 0.009662 0.734300
vt 0.009662 0.739130
vt 0.024155 0.739130
vt 0.024155 0.743961
vt 0.367150 0.743961
vt 0.367150 0.739130
vt 0.376812 0.739130
vt 0.376812 0.734300
vt 0.381643 0.734300
vt 0.990338 0.903382
vt 0.975845 0.826087
vt 0.951691 0.845411
vt 0.975845 0.338164
vt 0.985507 0.338164
vt 0.971014 0.333333
vt 0.782609 0.917874
vt 0.782609 0.922705
vt 0.772947 0.917874
vt 0.777778 0.913043
vt 0.782609 0.913043
vt 0.782609 0.908213
vt 0.792271 0.913043
vt 0.787440 0.917874
vt 0.086957 0.801932
vt 0.980676 0.574879
vt 0.328502 0.971014
vt 0.990338 0.845411
vt 0.367150 0.367150
vt 0.367150 0.371981
vt 0.024155 0.371981
vt 0.009662 0.367150
vt 0.376812 0.367150
vt 0.985507 0.666667
vt 0.985507 0.874396
vt 0.391304 0.990338
vt 0.966184 0.516908
vt 0.966184 0.521739
vt 0.961353 0.521739
vt 0.961353 0.526570
vt 0.942029 0.526570
vt 0.942029 0.521739
vt 0.937198 0.521739
vt 0.971014 0.516908
vt 0.966184 0.487923
vt 0.966184 0.492754
vt 0.946860 0.516908
vt 0.946860 0.521739
vt 0.956522 0.521739
vt 0.956522 0.516908
vt 0.961353 0.516908
vt 0.942029 0.483092
vt 0.937198 0.492754
vt 0.937198 0.487923
vt 0.942029 0.487923
vt 0.961353 0.512077
vt 0.966184 0.512077
vt 0.932367 0.492754
vt 0.937198 0.497585
vt 0.942029 0.492754
vt 0.942029 0.497585
vt 0.946860 0.487923
vt 0.946860 0.492754
vt 0.961353 0.492754
vt 0.956522 0.492754
vt 0.961353 0.497585
vt 0.729469 0.971014
vt 0.937198 0.835749
vt 0.666667 0.405797
vt 0.990338 0.990338
vt 0.990338 0.729469
vt 0.971014 0.309179
vt 0.990338 0.526570
vt 0.893720 0.898551
vt 0.888889 0.898551
vt 0.884058 0.908213
vt 0.888889 0.913043
vt 0.758454 0.729469
vt 0.217391 0.951691
vt 0.985507 0.971014
vt 0.961353 0.690821
vt 0.961353 0.695652
vt 0.966184 0.700483
vt 0.971014 0.705314
vt 0.975845 0.705314
vt 0.884058 0.966184
vt 0.850242 0.961353
vt 0.309179 0.951691
vt 0.956522 0.603865
vt 0.980676 0.265700
vt 0.985507 0.270531
vt 0.975845 0.275362
vt 0.971014 0.270531
vt 0.806763 0.478261
vt 0.975845 0.507246
vt 0.980676 0.502415
vt 0.980676 0.497585
vt 0.980676 0.821256
vt 0.425121 0.975845
vt 0.082126 0.932367
vt 0.840580 0.014493
vt 0.821256 0.043478
vt 0.821256 0.014493
vt 0.753623 0.014493
vt 0.748792 0.014493
vt 0.908213 0.009662
vt 0.917874 0.000000
vt 0.584541 0.004831
vt 0.661836 0.024155
vt 0.367150 0.932367
vt 0.367150 0.908213
vt 0.347826 0.932367
vt 0.888889 0.396135
vt 0.985507 0.932367
vt 0.135266 0.971014
vt 0.946860 0.971014
vt 0.386473 0.980676
vt 0.096618 0.971014
vt 0.096618 0.966184
vt 0.101449 0.966184
vt 0.101449 0.971014
vt 0.091787 0.971014
vt 0.120773 0.971014
vt 0.111111 0.966184
vt 0.115942 0.966184
vt 0.937198 0.975845
vt 0.942029 0.966184
vt 0.980676 0.207729
vt 0.874396 0.342995
vt 0.966184 0.449275
vt 0.584541 0.526570
vt 0.584541 0.521739
vt 0.579710 0.521739
vt 0.917874 0.521739
vt 0.913043 0.521739
vt 0.913043 0.526570
vt 0.908213 0.531401
vt 0.589372 0.531401
vt 0.985507 0.130435
vt 0.975845 0.130435
vt 0.971014 0.125604
vt 0.971014 0.120773
vt 0.975845 0.845411
vt 0.888889 0.975845
vt 0.990338 0.971014
vt 0.888889 0.956522
vt 0.956522 0.946860
vt 0.980676 0.942029
vt 0.386473 0.898551
s 0
usemtl bookshelf_2_Material
f 171/1/1 169/2/1 175/3/1
f 635/4/2 633/5/2 634/6/2
f 46/7/1 53/8/1 50/9/1
f 937/10/2 976/11/2 936/12/2
f 151/13/3 153/14/3 152/15/3
f 710/16/4 737/17/4 709/18/4
f 864/19/5 777/20/5 779/21/5
f 636/22/4 638/23/4 635/24/4
f 200/25/3 198/26/3 202/27/3
f 507/28/6 263/29/6 290/30/6
f 643/31/6 642/32/6 644/33/6
f 74/34/2 72/35/2 70/36/2
f 650/37/3 562/38/3 639/39/3
f 102/40/3 104/41/3 103/42/3
f 33/43/5 39/44/5 37/45/5
f 457/46/3 1201/47/3 459/48/3
f 699/49/5 690/50/5 698/51/5
f 493/52/3 567/53/3 666/54/3
f 1071/55/2 891/25/2 1070/56/2
f 709/57/2 345/58/2 712/59/2
f 189/60/2 203/61/2 241/62/2
f 918/63/6 1124/64/6 943/65/6
f 229/66/2 228/67/2 226/68/2
f 967/69/3 991/70/3 960/71/3
f 1087/72/1 1084/73/1 1085/74/1
f 1215/75/3 1213/76/3 1205/77/3
f 775/78/6 840/79/6 852/80/6
f 1234/81/1 1235/82/1 1233/83/1
f 354/84/2 718/85/2 721/86/2
f 861/87/6 872/88/6 787/89/6
f 677/90/6 676/91/6 678/92/6
f 723/93/4 777/94/4 778/95/4
f 964/96/6 994/97/6 962/98/6
f 816/99/2 809/100/2 742/101/2
f 717/102/6 355/103/6 350/104/6
f 109/105/2 106/106/2 111/67/2
f 736/107/4 804/108/4 797/109/4
f 230/110/1 232/111/1 227/112/1
f 757/113/1 758/114/1 749/115/1
f 1236/116/4 476/117/4 498/118/4
f 750/119/5 742/120/5 741/121/5
f 1139/122/2 1141/123/2 1130/124/2
f 213/125/3 215/126/3 214/127/3
f 412/128/2 1064/129/2 411/130/2
f 54/131/6 383/132/6 57/133/6
f 272/134/4 501/135/4 262/136/4
f 429/137/3 1084/138/3 436/139/3
f 1143/140/4 997/141/4 1152/142/4
f 772/143/6 855/144/6 856/145/6
f 823/146/2 817/147/2 750/148/2
f 1039/149/5 575/150/5 578/151/5
f 60/152/4 62/153/4 59/154/4
f 1173/155/3 453/156/3 1162/157/3
f 292/158/2 290/159/2 503/160/2
f 431/161/6 1055/162/6 1093/163/6
f 455/164/1 460/165/1 452/166/1
f 159/167/5 151/168/5 158/169/5
f 686/170/2 690/171/2 692/172/2
f 281/173/5 290/174/5 279/175/5
f 1086/176/3 907/177/3 1100/178/3
f 716/179/6 758/180/6 715/181/6
f 453/182/6 1175/183/6 1162/184/6
f 345/185/4 711/186/4 712/187/4
f 696/188/6 699/189/6 698/190/6
f 976/191/1 978/192/1 977/193/1
f 822/194/5 743/195/5 744/196/5
f 1211/197/1 1209/198/1 1208/199/1
f 695/200/1 697/201/1 696/202/1
f 734/203/3 790/204/3 789/205/3
f 632/206/4 640/207/4 631/208/4
f 765/209/1 766/210/1 756/211/1
f 842/212/6 765/213/6 832/214/6
f 1204/215/5 1212/197/5 1206/216/5
f 470/217/4 293/218/4 297/219/4
f 898/220/6 1076/221/6 1068/222/6
f 936/223/2 919/224/2 898/225/2
f 127/226/5 119/227/5 136/228/5
f 1002/229/6 984/230/6 977/231/6
f 553/232/1 549/233/1 555/234/1
f 1147/235/1 1143/236/1 1142/237/1
f 598/238/1 1231/239/1 597/240/1
f 650/37/3 647/241/3 646/242/3
f 727/243/6 364/244/6 365/245/6
f 956/246/6 927/247/6 908/248/6
f 1181/249/6 1159/250/6 1169/251/6
f 636/252/2 648/173/2 637/253/2
f 1016/254/4 1010/255/4 1011/26/4
f 732/256/2 785/257/2 731/258/2
f 639/39/3 641/168/3 640/259/3
f 1056/260/6 885/261/6 433/262/6
f 856/263/5 771/264/5 772/265/5
f 907/266/6 1099/267/6 1100/268/6
f 676/269/5 666/270/5 678/271/5
f 734/272/5 730/273/5 729/274/5
f 697/275/2 975/276/2 942/277/2
f 953/278/3 904/279/3 923/280/3
f 870/281/1 871/282/1 861/283/1
f 773/284/3 771/285/3 724/286/3
f 72/287/6 63/288/6 64/289/6
f 1045/290/6 579/291/6 580/292/6
f 761/293/6 721/294/6 762/295/6
f 606/296/5 614/297/5 611/298/5
f 777/94/4 861/87/4 862/299/4
f 609/300/6 372/301/6 337/302/6
f 1153/303/2 471/304/2 472/305/2
f 1124/306/2 1133/307/2 1134/254/2
f 959/129/4 905/308/4 926/309/4
f 12/296/5 14/310/5 16/311/5
f 141/15/2 147/312/2 140/262/2
f 268/313/2 267/314/2 266/315/2
f 526/316/3 509/317/3 508/318/3
f 1219/319/5 1204/320/5 1203/321/5
f 790/322/5 782/323/5 783/324/5
f 754/325/2 743/326/2 753/327/2
f 215/328/6 222/329/6 214/279/6
f 182/330/2 177/331/2 181/332/2
f 752/333/1 760/334/1 761/335/1
f 271/336/3 273/337/3 246/338/3
f 776/339/5 857/340/5 775/341/5
f 198/342/5 1012/343/5 202/344/5
f 962/345/6 929/346/6 911/347/6
f 142/168/1 140/348/1 139/142/1
f 57/349/1 373/350/1 374/351/1
f 993/352/3 1007/353/3 987/354/3
f 27/355/4 21/356/4 23/357/4
f 38/45/5 36/358/5 34/359/5
f 929/360/3 969/361/3 930/362/3
f 252/363/1 256/364/1 249/365/1
f 497/296/6 1233/117/6 1235/118/6
f 175/366/2 172/367/2 174/368/2
f 666/369/4 480/370/4 488/371/4
f 25/372/2 33/373/2 75/374/2
f 280/375/5 501/376/5 504/377/5
f 753/378/4 827/379/4 820/380/4
f 511/381/1 514/382/1 292/383/1
f 807/384/6 805/385/6 738/386/6
f 1092/387/5 885/388/5 1056/389/5
f 1021/390/3 1018/391/3 1024/392/3
f 632/393/2 643/394/2 644/395/2
f 378/396/6 390/397/6 394/398/6
f 421/75/4 888/399/4 1057/400/4
f 951/401/2 902/402/2 922/403/2
f 1205/404/5 1217/405/5 1215/406/5
f 1115/407/3 1125/408/3 1137/409/3
f 608/410/3 604/411/3 613/412/3
f 531/413/6 548/414/6 530/415/6
f 1024/416/6 1034/417/6 1032/418/6
f 431/288/3 1092/419/3 432/420/3
f 881/421/1 385/422/1 879/423/1
f 938/424/4 979/98/4 980/96/4
f 687/425/4 689/172/4 686/426/4
f 678/271/1 668/427/1 667/428/1
f 588/355/5 1225/429/5 587/430/5
f 934/422/1 932/431/1 931/432/1
f 243/433/2 244/434/2 1026/435/2
f 207/436/4 1021/437/4 244/438/4
f 972/439/4 1000/440/4 1001/441/4
f 437/26/4 1104/306/4 1090/254/4
f 964/442/1 963/443/1 956/444/1
f 344/445/1 346/446/1 342/447/1
f 775/341/1 764/448/1 770/449/1
f 890/450/6 1069/451/6 1062/452/6
f 1219/453/4 1221/454/4 1218/455/4
f 449/456/2 1171/457/2 1159/238/2
f 630/458/4 340/459/4 375/460/4
f 997/461/5 1140/462/5 996/463/5
f 918/464/1 1114/237/1 1113/465/1
f 242/466/6 206/467/6 205/468/6
f 731/469/1 735/470/1 794/471/1
f 478/472/2 639/39/2 642/473/2
f 1190/474/4 1166/475/4 1178/476/4
f 402/477/2 1056/478/2 401/162/2
f 104/42/5 83/479/5 103/480/5
f 256/481/3 230/482/3 227/483/3
f 756/211/5 831/484/5 757/113/5
f 650/485/6 567/486/6 563/487/6
f 658/488/6 652/489/6 662/490/6
f 67/491/5 62/151/5 61/492/5
f 75/493/4 56/494/4 76/495/4
f 622/496/1 623/497/1 621/498/1
f 571/499/1 679/500/1 570/501/1
f 736/502/5 734/272/5 733/503/5
f 367/504/4 729/505/4 366/506/4
f 109/507/4 130/508/4 128/509/4
f 329/510/1 326/511/1 330/512/1
f 6/513/4 9/514/4 2/515/4
f 565/516/1 563/517/1 567/518/1
f 659/519/3 661/520/3 660/521/3
f 775/522/3 851/523/3 850/524/3
f 936/525/6 977/526/6 946/527/6
f 73/528/1 72/529/1 74/530/1
f 733/531/2 791/532/2 798/533/2
f 642/473/2 652/534/2 653/535/2
f 763/536/2 756/537/2 720/538/2
f 821/539/6 753/378/6 822/540/6
f 192/541/2 245/542/2 242/338/2
f 199/543/6 186/48/6 184/47/6
f 1183/544/6 1173/545/6 1171/546/6
f 1112/547/6 917/548/6 1092/549/6
f 202/550/6 489/70/6 201/247/6
f 1026/551/6 1025/353/6 1027/552/6
f 373/553/4 603/554/4 338/555/4
f 764/448/5 839/556/5 765/209/5
f 628/557/1 625/558/1 626/559/1
f 1232/560/6 1229/561/6 1231/562/6
f 750/563/4 818/564/4 816/565/4
f 904/566/5 908/567/5 903/568/5
f 941/569/1 1126/570/1 1121/571/1
f 1092/387/1 1055/572/1 1054/573/1
f 720/574/4 757/575/4 755/576/4
f 1163/577/5 1172/578/5 1160/579/5
f 895/580/6 1110/581/6 1114/582/6
f 741/583/3 817/147/3 750/148/3
f 96/584/4 92/585/4 91/586/4
f 1047/587/1 585/588/1 586/589/1
f 979/590/2 1000/591/2 981/592/2
f 419/593/4 1073/55/4 412/594/4
f 765/595/3 834/596/3 832/597/3
f 725/598/6 783/599/6 730/600/6
f 1158/601/5 1167/602/5 1156/603/5
f 1081/604/6 403/605/6 1059/606/6
f 689/202/1 691/607/1 690/50/1
f 734/608/4 800/609/4 791/610/4
f 1156/611/6 414/612/6 407/307/6
f 938/613/2 972/614/2 940/11/2
f 781/615/4 776/616/4 726/617/4
f 533/419/2 549/618/2 535/619/2
f 942/620/4 1130/621/4 1129/622/4
f 414/623/2 1159/624/2 413/625/2
f 436/55/6 1098/626/6 435/627/6
f 187/628/4 189/629/4 190/630/4
f 895/631/2 688/632/2 687/633/2
f 735/634/4 796/635/4 732/636/4
f 100/481/2 115/637/2 99/41/2
f 398/638/6 464/639/6 444/640/6
f 1234/641/2 475/642/2 476/643/2
f 1129/644/2 1131/401/2 1121/645/2
f 970/646/6 937/647/6 932/648/6
f 933/364/2 970/649/2 932/650/2
f 846/651/1 852/652/1 840/597/1
f 1031/653/1 1024/654/1 1026/655/1
f 764/656/3 840/657/3 770/658/3
f 1101/659/3 909/660/3 1089/177/3
f 573/661/3 569/662/3 1032/663/3
f 364/664/3 732/256/3 369/665/3
f 795/666/2 869/667/2 793/668/2
f 1085/669/6 417/670/6 1074/671/6
f 426/672/3 1162/178/3 1161/673/3
f 741/121/1 749/115/1 747/674/1
f 681/4/3 683/478/3 682/162/3
f 419/675/2 1079/139/2 1072/137/2
f 903/474/6 1086/676/6 1087/677/6
f 710/678/1 715/679/1 725/680/1
f 879/681/6 381/682/6 801/683/6
f 722/684/3 766/685/3 764/656/3
f 967/686/1 965/687/1 966/191/1
f 193/688/1 191/689/1 197/690/1
f 1162/691/6 413/692/6 1159/693/6
f 48/694/2 46/695/2 47/696/2
f 50/697/3 52/698/3 51/699/3
f 771/264/1 767/700/1 760/334/1
f 744/701/3 814/702/3 737/703/3
f 71/704/3 73/552/3 61/705/3
f 593/706/2 589/707/2 587/708/2
f 282/709/6 285/710/6 284/328/6
f 20/711/6 14/712/6 18/713/6
f 769/714/2 764/656/2 722/684/2
f 1230/715/5 589/716/5 1229/717/5
f 1076/718/2 901/719/2 1075/720/2
f 1199/721/1 1198/722/1 1197/723/1
f 637/724/1 647/725/1 649/726/1
f 927/727/5 907/728/5 908/729/5
f 1080/730/5 1059/731/5 1057/732/5
f 804/733/3 884/338/3 883/734/3
f 757/575/6 834/735/6 756/736/6
f 395/217/2 386/737/2 380/738/2
f 723/739/1 780/740/1 724/741/1
f 709/57/2 744/701/2 745/742/2
f 800/743/5 790/322/5 791/744/5
f 456/475/6 1177/452/6 1165/745/6
f 776/616/6 722/746/6 764/747/6
f 1078/748/4 905/749/4 902/750/4
f 588/751/3 598/752/3 595/753/3
f 1088/665/3 905/178/3 1083/625/3
f 973/754/1 971/755/1 970/111/1
f 668/756/6 680/23/6 681/24/6
f 1089/757/4 906/268/4 1088/474/4
f 771/758/4 853/759/4 854/760/4
f 676/761/2 669/561/2 668/762/2
f 753/327/2 829/763/2 830/764/2
f 406/765/4 1064/766/4 1065/767/4
f 324/768/1 319/769/1 320/226/1
f 721/86/2 767/770/2 768/771/2
f 396/640/6 343/772/6 392/638/6
f 266/773/6 250/366/6 264/774/6
f 875/775/1 881/776/1 882/777/1
f 1036/778/4 1030/779/4 1033/780/4
f 678/781/2 565/782/2 567/53/2
f 288/783/2 519/784/2 516/785/2
f 82/142/1 78/786/1 77/787/1
f 368/788/3 736/789/3 371/790/3
f 676/91/4 683/534/4 675/791/4
f 992/792/1 994/793/1 988/754/1
f 1206/794/2 1216/75/2 1217/795/2
f 287/796/4 289/797/4 286/709/4
f 735/634/6 801/683/6 802/798/6
f 1208/799/2 466/154/2 1211/800/2
f 536/801/3 553/802/3 540/803/3
f 1225/785/4 1228/804/4 1227/805/4
f 371/806/1 367/807/1 380/808/1
f 255/809/3 223/810/3 221/811/3
f 659/812/6 671/690/6 672/813/6
f 999/814/1 1000/815/1 1006/816/1
f 350/817/2 714/818/2 717/819/2
f 474/820/4 563/487/4 650/485/4
f 382/776/4 881/821/4 804/108/4
f 798/822/6 736/107/6 733/823/6
f 713/824/3 746/581/3 710/825/3
f 356/826/4 720/574/4 353/379/4
f 1024/392/2 1030/827/2 570/828/2
f 443/829/1 397/830/1 79/831/1
f 1157/832/5 1170/833/5 1158/177/5
f 1124/64/4 943/65/4 1138/834/4
f 803/835/3 801/836/3 804/733/3
f 955/837/4 983/838/4 947/839/4
f 39/62/4 41/840/4 37/841/4
f 767/700/5 761/335/5 838/842/5
f 882/843/6 804/108/6 797/109/6
f 885/261/4 1108/34/4 1056/260/4
f 738/844/2 812/845/2 813/846/2
f 573/847/6 276/417/6 568/848/6
f 938/849/1 947/850/1 949/851/1
f 1165/852/5 1162/853/5 1175/854/5
f 247/855/1 254/856/1 246/857/1
f 960/711/3 926/858/3 909/355/3
f 1236/859/3 497/860/3 1235/861/3
f 660/467/1 652/862/1 641/566/1
f 1113/465/5 918/464/5 1120/863/5
f 757/864/3 826/865/3 824/866/3
f 770/867/4 841/868/4 839/869/4
f 659/519/3 565/782/3 492/870/3
f 953/871/6 921/716/6 950/872/6
f 784/873/1 782/323/1 783/324/1
f 685/874/5 571/499/5 679/500/5
f 779/875/6 863/876/6 864/877/6
f 1161/878/6 425/673/6 426/178/6
f 4/879/4 316/514/4 312/880/4
f 1218/881/2 1208/882/2 1204/221/2
f 306/363/6 561/883/6 308/112/6
f 370/884/3 734/203/3 367/885/3
f 1182/886/2 1158/887/2 1170/888/2
f 466/800/6 1213/889/6 1211/890/6
f 1199/891/6 457/892/6 458/660/6
f 872/893/3 869/667/3 793/668/3
f 438/894/1 430/895/1 444/7/1
f 932/896/2 915/174/2 890/749/2
f 659/897/1 651/898/1 639/899/1
f 583/900/3 585/901/3 265/902/3
f 773/903/5 721/904/5 768/905/5
f 726/906/2 784/305/2 725/907/2
f 593/458/4 602/908/4 600/262/4
f 744/701/2 821/909/2 822/910/2
f 445/911/1 447/912/1 446/913/1
f 801/914/5 793/915/5 878/916/5
f 416/917/2 1157/918/2 415/919/2
f 710/678/5 745/920/5 713/921/5
f 860/922/1 858/281/1 859/283/1
f 296/923/6 161/494/6 298/924/6
f 289/925/1 283/926/1 282/927/1
f 955/928/1 960/467/1 961/929/1
f 1184/930/2 1160/931/2 1172/932/2
f 721/904/5 717/933/5 762/934/5
f 872/935/5 785/936/5 787/937/5
f 964/938/3 989/939/3 988/775/3
f 1096/704/1 1081/940/1 1059/731/1
f 775/522/2 860/941/2 776/942/2
f 663/943/4 656/944/4 655/490/4
f 708/945/2 706/946/2 703/947/2
f 854/948/1 855/648/1 847/601/1
f 720/949/5 722/950/5 763/951/5
f 1121/890/2 1117/952/2 1112/320/2
f 1096/202/4 404/161/4 434/953/4
f 727/954/1 788/955/1 728/956/1
f 955/957/3 987/958/3 986/959/3
f 156/960/1 157/302/1 155/961/1
f 978/962/2 1002/592/2 977/467/2
f 483/513/2 1015/963/2 654/964/2
f 720/538/3 758/965/3 756/537/3
f 1011/966/1 564/675/1 566/967/1
f 430/968/4 1079/669/4 420/969/4
f 952/970/1 956/928/1 957/929/1
f 754/971/5 714/972/5 713/921/5
f 114/973/1 107/974/1 112/975/1
f 275/976/3 252/670/3 249/977/3
f 658/795/1 1022/978/1 654/660/1
f 1123/153/2 1113/979/2 1118/890/2
f 1144/980/5 707/981/5 1133/982/5
f 1107/983/4 894/984/4 1111/985/4
f 327/387/1 332/986/1 331/987/1
f 329/988/6 318/989/6 325/990/6
f 990/991/3 1005/352/3 1004/354/3
f 145/992/5 135/786/5 144/993/5
f 1017/994/6 486/995/6 566/996/6
f 424/997/3 1164/998/3 1163/999/3
f 17/1000/5 23/987/5 21/387/5
f 693/12/5 686/725/5 692/726/5
f 384/1001/1 383/1002/1 60/1003/1
f 1025/1004/5 239/343/5 1027/309/5
f 82/1005/2 79/1006/2 80/1007/2
f 344/1008/6 710/16/6 347/1009/6
f 150/169/1 148/992/1 147/348/1
f 291/1010/2 501/1011/2 517/1012/2
f 5/1013/5 2/1000/5 1/1014/5
f 730/1015/2 792/863/2 729/1016/2
f 108/1017/6 88/1018/6 95/1019/6
f 559/1020/5 297/1021/5 294/1022/5
f 123/1023/5 105/1024/5 121/1025/5
f 972/1026/1 979/1027/1 981/1028/1
f 132/1029/6 143/1030/6 83/1031/6
f 359/1032/4 722/746/4 357/1033/4
f 25/359/5 31/1034/5 29/1035/5
f 974/1036/5 1139/1037/5 1130/1038/5
f 306/228/5 307/1039/5 305/1040/5
f 638/697/1 631/1041/1 633/1042/1
f 46/1043/6 51/696/6 47/312/6
f 574/774/1 1034/1044/1 1035/1045/1
f 954/426/3 905/278/3 955/381/3
f 30/1035/5 28/1046/5 26/1047/5
f 847/1048/1 843/249/1 836/1049/1
f 234/977/3 232/1050/3 235/976/3
f 315/1051/4 320/1052/4 311/840/4
f 1151/1053/6 996/1054/6 1140/1055/6
f 274/1056/5 503/1057/5 263/1058/5
f 358/1059/3 723/1060/3 361/224/3
f 382/1061/5 801/914/5 381/1062/5
f 776/616/6 859/1063/6 782/1064/6
f 905/280/5 922/628/5 902/804/5
f 800/743/5 804/1065/5 883/1066/5
f 218/883/6 162/1067/6 217/112/6
f 975/1068/4 1140/1055/4 1139/845/4
f 738/386/4 814/185/4 805/385/4
f 904/1069/6 1075/497/6 901/986/6
f 887/1070/6 1057/400/6 1109/1071/6
f 1164/1072/5 1176/489/5 1163/1043/5
f 580/1073/1 1040/1074/1 1041/1075/1
f 29/960/4 35/1076/4 33/1077/4
f 606/1078/2 617/1079/2 622/1080/2
f 448/861/4 1168/1081/4 1158/1082/4
f 636/22/6 649/1083/6 650/485/6
f 607/1084/5 603/1085/5 604/1086/5
f 168/649/2 164/1087/2 165/650/2
f 540/1088/1 539/1089/1 536/1090/1
f 666/369/4 674/1091/4 665/1092/4
f 729/505/6 791/610/6 734/608/6
f 971/851/6 999/1093/6 978/850/6
f 287/49/5 284/925/5 285/1094/5
f 1204/111/4 1209/1095/4 1207/528/4
f 1013/1075/5 207/1027/5 208/1028/5
f 492/1096/6 667/1097/6 668/756/6
f 1171/1098/5 1162/421/5 1159/1099/5
f 820/1100/1 828/1101/1 829/1102/1
f 947/1103/2 979/190/2 949/773/2
f 1216/455/6 1215/1104/6 1217/1105/6
f 793/1106/4 870/504/4 785/1107/4
f 481/1108/6 591/262/6 495/458/6
f 772/143/6 768/1109/6 767/1110/6
f 428/1111/4 1164/177/4 427/878/4
f 537/1112/1 541/1113/1 543/797/1
f 837/423/6 767/1110/6 838/1114/6
f 627/554/6 622/1115/6 625/66/6
f 808/849/2 806/236/2 807/394/2
f 260/1116/4 279/1117/4 519/1118/4
f 366/1119/3 730/1015/3 363/1120/3
f 1004/225/6 988/440/6 990/441/6
f 1154/1121/1 545/1122/1 1153/1123/1
f 982/1124/6 952/839/6 945/1125/6
f 718/1126/4 752/1127/4 717/102/4
f 771/264/1 777/20/1 779/21/1
f 395/217/2 379/1128/2 381/1129/2
f 418/1130/2 1074/675/2 417/1131/2
f 295/557/5 298/1132/5 546/718/5
f 527/1133/1 522/1134/1 525/1135/1
f 52/699/4 49/1136/4 48/694/4
f 239/371/6 198/1137/6 238/1138/6
f 588/331/4 482/1139/4 496/1140/4
f 767/1110/4 847/1141/4 836/1142/4
f 44/1143/6 38/1077/6 42/989/6
f 299/1144/5 560/1145/5 303/1146/5
f 853/1147/1 861/1088/1 863/1090/1
f 753/378/6 717/102/6 754/1148/6
f 701/1149/4 703/1150/4 700/1151/4
f 785/257/2 861/1152/2 787/1153/2
f 1224/1049/3 1198/525/3 1196/1154/3
f 143/1155/3 145/1156/3 144/1157/3
f 593/1158/1 596/868/1 595/1159/1
f 490/1160/4 208/589/4 209/550/4
f 422/1087/2 1080/1161/2 421/792/2
f 712/187/4 742/1162/4 740/1163/4
f 47/1164/1 340/1165/1 341/1166/1
f 601/517/6 597/1167/6 599/297/6
f 936/1168/1 945/1169/1 944/1170/1
f 954/402/4 922/872/4 924/871/4
f 572/1171/6 575/1172/6 571/1173/6
f 424/1174/1 416/1175/1 405/1176/1
f 154/1177/4 149/1178/4 133/1179/4
f 300/1180/4 307/421/4 560/1181/4
f 118/1118/1 116/42/1 115/1155/1
f 972/919/2 998/1182/2 971/1183/2
f 867/1184/1 875/1185/1 876/1186/1
f 790/204/2 876/1187/2 791/532/2
f 70/1188/6 68/1189/6 69/153/6
f 812/1190/6 744/1191/6 813/1192/6
f 900/749/5 902/1168/5 920/1193/5
f 73/675/4 65/287/4 66/618/4
f 935/855/1 937/1194/1 936/1195/1
f 514/1196/4 521/1197/4 292/1198/4
f 553/1199/6 538/1200/6 540/1113/6
f 331/988/4 334/1201/4 327/990/4
f 241/1202/1 239/1203/1 238/1204/1
f 129/1205/3 112/1206/3 107/1207/3
f 339/1208/6 614/1209/6 374/1210/6
f 533/1211/4 525/405/4 537/1212/4
f 1213/1213/1 1216/854/1 1211/852/1
f 9/1214/2 387/1215/2 389/1216/2
f 845/1217/2 840/657/2 770/658/2
f 642/1218/5 632/1219/5 644/1220/5
f 676/91/4 567/486/4 493/1221/4
f 742/120/1 737/1222/1 738/1223/1
f 333/880/1 336/1224/1 335/1225/1
f 690/1226/2 696/1227/2 698/188/2
f 500/572/4 1153/218/4 472/1228/4
f 1110/1229/1 887/56/1 1109/1230/1
f 772/265/5 844/1231/5 849/1232/5
f 1022/1233/6 485/1234/6 483/1235/6
f 664/1236/1 647/932/1 656/552/1
f 1069/292/2 898/1048/2 1068/1237/2
f 744/1191/6 713/1238/6 745/1239/6
f 101/338/1 99/1240/1 98/1241/1
f 660/1242/1 669/1243/1 671/1244/1
f 1133/482/4 707/1245/4 1148/1246/4
f 1118/1247/4 1128/1156/4 1123/1248/4
f 81/42/2 98/883/2 78/480/2
f 607/1249/4 606/1250/4 605/909/4
f 128/69/1 129/1251/1 127/1252/1
f 316/805/1 311/1253/1 312/558/1
f 573/661/2 586/1254/2 584/1255/2
f 491/1256/1 494/1257/1 495/1258/1
f 801/683/4 880/1259/4 795/1260/4
f 503/1261/4 515/317/4 511/318/4
f 910/727/5 928/1262/5 909/1263/5
f 956/958/3 925/1264/3 957/1265/3
f 1143/1266/2 1149/1267/2 1140/477/2
f 330/1268/6 333/1269/6 335/888/6
f 711/1270/3 749/1271/3 716/1272/3
f 247/1273/4 171/1274/4 255/1275/4
f 219/1276/4 212/279/4 213/1277/4
f 684/1278/4 575/1172/4 571/1173/4
f 737/703/3 712/59/3 709/57/3
f 952/1227/3 984/1184/3 958/1279/3
f 1016/1171/5 1014/967/5 1015/966/5
f 1038/1280/5 573/773/5 1034/1044/5
f 471/1281/6 559/1282/6 499/1283/6
f 726/1284/5 769/1285/5 722/950/5
f 805/1068/3 742/101/3 738/844/3
f 149/1286/2 155/1287/2 148/14/2
f 467/1288/5 465/1289/5 464/429/5
f 668/762/3 494/1290/3 491/1291/3
f 967/1292/4 995/291/4 992/292/4
f 211/1293/4 196/1294/4 210/331/4
f 406/1295/2 1060/1296/2 405/943/2
f 208/330/3 207/1297/3 210/125/3
f 718/85/3 760/1298/3 759/1299/3
f 710/825/2 346/1300/2 347/1301/2
f 659/897/5 668/427/5 667/428/5
f 450/1302/4 1170/1070/4 1160/289/4
f 716/1303/5 720/949/5 755/1304/5
f 1203/454/3 1220/881/3 1219/1305/3
f 520/1306/6 512/1198/6 291/968/6
f 309/879/6 5/1307/6 1/1308/6
f 835/1309/4 761/293/4 760/1310/4
f 1070/455/4 892/222/4 1063/450/4
f 804/733/2 879/1311/2 801/836/2
f 445/1312/2 1169/1313/2 1156/1230/2
f 795/666/2 794/1314/2 735/1315/2
f 839/1316/2 832/597/2 765/595/2
f 41/1040/5 44/1317/5 42/43/5
f 266/1318/5 267/1319/5 1024/654/5
f 1107/1320/2 1112/1321/2 1054/1322/2
f 1039/401/4 1043/1323/4 1036/1324/4
f 738/1223/5 808/1325/5 807/1326/5
f 228/1327/6 249/1328/6 227/1329/6
f 631/1330/3 636/252/3 632/393/3
f 581/1331/4 1047/1332/4 582/290/4
f 878/1333/3 879/1311/3 801/836/3
f 28/1334/6 22/1225/6 26/61/6
f 636/1335/5 646/1336/5 645/1337/5
f 782/1064/4 866/482/4 859/1063/4
f 1127/1338/1 943/1339/1 1123/863/1
f 777/20/1 785/936/1 787/937/1
f 666/54/2 677/1340/2 678/781/2
f 570/1341/4 573/847/4 574/1342/4
f 4/1343/5 7/1046/5 8/510/5
f 393/1344/4 387/1345/4 388/1346/4
f 716/1272/2 757/864/2 749/1271/2
f 1053/1347/1 69/1348/1 59/1349/1
f 782/1350/2 868/244/2 783/1351/2
f 1137/1352/1 1133/982/1 1132/1353/1
f 1043/1354/1 581/403/1 582/1355/1
f 1133/1356/2 1143/223/2 1144/123/2
f 666/270/5 655/539/5 646/1336/5
f 617/1357/1 630/1358/1 620/1359/1
f 285/1360/2 260/1361/2 287/1362/2
f 537/1363/3 555/1131/3 556/1130/3
f 512/1364/1 510/1365/1 291/402/1
f 1113/1024/6 1110/1366/6 1057/1367/6
f 165/1368/4 167/1369/4 168/1370/4
f 722/746/4 765/213/4 763/1371/4
f 817/266/1 824/1372/1 826/578/1
f 1179/1373/6 1156/116/6 1167/1374/6
f 1082/1375/3 903/1242/3 1087/1090/3
f 128/1053/3 135/1376/3 137/561/3
f 767/770/2 843/1377/2 844/1378/2
f 85/1379/3 83/1181/3 86/1380/3
f 1187/1183/3 1165/1302/3 1175/1381/3
f 939/1194/1 940/444/1 933/1195/1
f 909/970/5 905/567/5 906/1382/5
f 1063/1383/2 890/1209/2 1062/1210/2
f 183/1384/6 181/1385/6 180/1386/6
f 792/1387/1 790/322/1 791/744/1
f 984/1388/1 982/132/1 977/283/1
f 301/1389/5 304/1390/5 561/1391/5
f 805/1392/1 811/1393/1 812/1394/1
f 931/1395/6 890/456/6 913/1396/6
f 665/1092/6 646/1397/6 647/1398/6
f 756/736/6 719/1399/6 720/574/6
f 712/59/2 750/148/2 741/583/2
f 1131/1400/1 974/1036/1 1135/982/1
f 461/1401/2 462/1402/2 470/1403/2
f 514/1404/3 506/383/3 507/1405/3
f 1126/1248/6 1117/1347/6 1122/1001/6
f 743/326/3 820/1406/3 819/1407/3
f 743/1408/4 811/1409/4 744/1191/4
f 321/1410/1 317/226/1 318/1411/1
f 777/1412/2 853/1413/2 779/1414/2
f 360/1415/3 727/1416/3 365/278/3
f 797/1417/1 801/914/1 795/1418/1
f 443/2/4 461/1419/4 397/1420/4
f 466/1421/5 463/1422/5 468/1423/5
f 1099/1182/3 912/451/3 1102/918/3
f 505/1424/5 262/1425/5 502/1426/5
f 55/1427/2 1052/622/2 54/888/2
f 137/1428/5 124/1206/5 128/1429/5
f 250/1430/2 276/1431/2 248/1432/2
f 1154/305/3 499/1433/3 559/304/3
f 22/1434/5 20/389/5 18/1435/5
f 1167/301/2 1180/479/2 1179/542/2
f 1192/1436/2 446/1437/2 447/1438/2
f 775/341/5 845/1439/5 770/449/5
f 883/1440/4 875/155/4 800/609/4
f 662/1441/5 657/1442/5 658/1443/5
f 868/1188/1 866/1354/1 867/1355/1
f 123/1444/3 126/1445/3 125/1072/3
f 584/1446/1 1044/853/1 1045/1074/1
f 717/819/3 751/1447/3 714/818/3
f 394/397/2 383/1448/2 384/1449/2
f 785/257/2 788/1450/2 731/258/2
f 36/840/6 30/493/6 34/1451/6
f 397/830/1 404/1452/1 403/1453/1
f 914/1454/2 931/639/2 913/1455/2
f 873/1456/4 867/1457/4 790/1458/4
f 880/983/1 877/1459/1 869/1460/1
f 1041/560/6 1038/686/6 1034/1461/6
f 723/93/6 360/1462/6 361/1132/6
f 727/1416/2 777/1412/2 728/1463/2
f 736/789/3 800/1464/3 799/1465/3
f 509/1466/5 280/229/5 508/1467/5
f 215/1468/5 220/1469/5 221/945/5
f 717/819/2 761/1470/2 762/1471/2
f 442/1472/4 1103/645/4 441/1473/4
f 966/528/1 968/1474/1 962/1475/1
f 761/335/5 753/1476/5 830/1477/5
f 1210/451/6 1206/999/6 1212/998/6
f 817/1478/1 809/1479/1 818/1480/1
f 753/1476/1 751/1481/1 752/333/1
f 992/1482/4 1006/124/4 993/225/4
f 945/993/2 921/1483/2 901/1484/2
f 918/63/4 1059/606/4 1081/604/4
f 513/492/6 502/570/6 510/501/6
f 13/1485/4 19/1486/4 17/1334/4
f 935/1487/6 898/1368/6 915/1488/6
f 110/1489/4 90/1490/4 114/585/4
f 1077/1491/4 900/677/4 1071/220/4
f 961/1492/4 991/71/4 987/69/4
f 947/939/4 920/1493/4 902/12/4
f 162/1494/1 167/1495/1 163/1496/1
f 721/294/6 358/1497/6 354/1498/6
f 114/625/3 88/763/3 113/1499/3
f 830/1500/6 828/1501/6 761/293/6
f 730/1015/3 782/1350/3 781/1502/3
f 356/1503/2 722/684/2 719/1504/2
f 849/1505/3 847/1120/3 772/1506/3
f 945/1507/2 977/1280/2 982/834/2
f 371/1259/4 733/823/4 370/1508/4
f 133/1157/2 139/479/2 132/435/2
f 536/1509/6 522/978/6 529/1510/6
f 653/1511/5 651/898/5 642/1218/5
f 892/431/5 913/1392/5 890/1512/5
f 565/1513/4 639/1514/4 562/1515/4
f 951/601/1 955/1154/1 947/250/1
f 278/1516/6 271/376/6 259/1427/6
f 529/1517/2 548/803/2 551/801/2
f 464/1518/2 465/396/2 443/1519/2
f 177/1520/4 179/1386/4 176/401/4
f 894/1521/1 1112/1522/1 1111/1523/1
f 962/364/3 995/1524/3 966/1525/3
f 1220/1526/1 1208/216/1 1221/215/1
f 315/1527/3 36/1528/3 44/1529/3
f 775/78/4 769/1530/4 774/1531/4
f 415/580/4 1158/625/4 408/1532/4
f 617/460/4 628/1484/4 626/458/4
f 157/1533/3 159/1534/3 158/1286/3
f 400/76/2 1055/288/2 399/1535/2
f 1223/1536/1 1213/406/1 1222/404/1
f 933/1186/4 914/723/4 892/190/4
f 1033/1537/3 269/1538/3 571/1539/3
f 831/1540/2 824/866/2 757/864/2
f 349/1541/2 711/1270/2 348/316/2
f 191/543/2 196/1294/2 197/1542/2
f 791/744/1 797/1417/1 798/1543/1
f 869/1544/6 878/1545/6 793/1106/6
f 352/1546/2 720/538/2 715/1547/2
f 940/1548/4 973/525/4 933/646/4
f 800/1464/2 882/1549/2 797/1550/2
f 363/299/4 725/598/4 362/1551/4
f 1222/319/4 467/1552/4 1208/321/4
f 665/1243/1 675/1553/1 677/1244/1
f 313/840/6 317/1554/6 322/1052/6
f 332/1269/4 319/1554/4 323/1052/4
f 771/285/2 847/1120/2 772/1506/2
f 767/770/3 835/1059/3 760/1298/3
f 873/857/3 875/1291/3 874/856/3
f 460/579/3 1176/474/3 1166/1126/3
f 703/1555/1 705/1556/1 704/1557/1
f 538/1558/3 541/1559/3 522/1560/3
f 930/917/5 911/1561/5 929/1562/5
f 253/1563/4 234/860/4 230/1564/4
f 795/1418/1 785/936/1 796/1565/1
f 85/1566/1 431/1567/1 87/1568/1
f 270/1569/4 679/495/4 267/924/4
f 313/298/1 309/1411/1 310/1478/1
f 521/1365/1 525/784/1 518/1361/1
f 713/1238/4 751/475/4 743/1408/4
f 744/196/5 738/1223/5 813/1570/5
f 1049/1571/6 583/1572/6 584/1569/6
f 667/1573/2 660/521/2 659/519/2
f 1134/1574/6 707/1245/6 708/1575/6
f 876/1137/6 800/609/6 791/610/6
f 990/959/1 989/1576/1 984/958/1
f 921/871/5 904/403/5 901/153/5
f 326/1577/2 307/1578/2 319/1579/2
f 134/483/1 132/41/1 131/1118/1
f 962/1090/3 927/157/3 963/1375/3
f 153/1580/5 143/169/5 152/1581/5
f 613/1582/1 609/1583/1 610/1584/1
f 775/78/4 858/1585/4 852/80/4
f 651/1586/4 660/1587/4 642/32/4
f 183/163/5 178/1588/5 182/1589/5
f 435/129/3 1097/1590/3 440/1591/3
f 244/1592/5 1029/1593/5 1028/1536/5
f 1159/346/5 1156/766/5 1169/767/5
f 452/1594/2 1195/660/2 451/832/2
f 810/1595/1 805/202/1 806/953/1
f 1112/547/4 941/1596/4 1121/1597/4
f 1078/1598/1 1063/1599/1 1064/1600/1
f 682/1601/5 668/427/5 681/1602/5
f 528/223/1 530/1603/1 529/1604/1
f 666/54/3 664/31/3 663/33/3
f 395/808/5 392/1128/5 391/1605/5
f 849/1606/6 843/1607/6 848/1608/6
f 522/1609/1 520/1610/1 517/1611/1
f 1066/594/6 418/1612/6 409/1229/6
f 194/630/6 192/1276/6 195/629/6
f 1140/462/1 996/463/1 1146/498/1
f 850/1613/4 846/1608/4 845/1606/4
f 808/1614/4 809/1615/4 810/1616/4
f 1037/1592/1 575/150/1 576/1617/1
f 90/1618/5 106/1140/5 89/331/5
f 56/1619/1 57/349/1 376/1620/1
f 473/1621/2 636/252/2 632/393/2
f 12/357/6 3/1622/6 10/356/6
f 738/386/6 709/18/6 739/1623/6
f 725/680/5 781/1624/5 726/1284/5
f 817/1625/6 749/1626/6 750/563/6
f 987/192/4 1003/1133/4 979/1135/4
f 362/1627/3 726/906/3 359/1628/3
f 1051/106/1 1048/1629/1 1049/363/1
f 58/132/4 1053/1630/4 55/1631/4
f 782/1350/3 858/1265/3 857/1632/3
f 740/1633/2 738/844/2 739/1634/2
f 1191/1635/2 1206/1636/2 1194/1637/2
f 1189/1638/3 1178/834/3 1177/81/3
f 988/1342/3 1009/780/3 992/1639/3
f 752/1640/3 828/1641/3 827/1415/3
f 716/179/4 750/563/4 748/1642/4
f 646/242/2 656/520/2 647/241/2
f 828/1643/1 836/601/1 837/1644/1
f 736/789/2 795/666/2 735/1315/2
f 856/1353/3 853/1413/3 779/1414/3
f 788/1645/4 777/94/4 728/1646/4
f 532/1647/4 549/1648/4 550/1517/4
f 952/1649/1 950/381/1 945/426/1
f 675/1125/1 680/1650/1 669/697/1
f 9/511/5 15/311/5 13/310/5
f 286/1475/2 282/126/2 284/127/2
f 527/1074/4 281/1009/4 509/1026/4
f 437/967/3 1091/1651/3 430/138/3
f 505/1652/3 512/1653/3 522/1454/3
f 774/1654/3 776/942/3 775/522/3
f 737/1222/1 743/195/1 744/196/1
f 789/1655/4 783/599/4 730/600/4
f 1172/544/4 1186/1656/4 1184/717/4
f 676/761/3 674/1657/3 673/1658/3
f 891/729/5 916/1659/5 892/1388/5
f 709/1660/5 740/1661/5 739/1662/5
f 619/1663/1 615/1086/1 616/1084/1
f 562/1515/6 473/1664/6 639/1514/6
f 522/361/6 508/1195/6 280/362/6
f 1194/1437/1 1192/1665/1 1191/1438/1
f 941/569/5 1129/1666/5 1121/571/5
f 948/738/2 900/1667/2 920/1357/2
f 342/1668/4 395/1669/4 391/772/4
f 965/346/4 909/246/4 928/588/4
f 618/1670/6 610/553/6 615/1671/6
f 727/243/4 785/1107/4 786/1672/4
f 1196/1673/6 1194/1674/6 1205/1675/6
f 246/1676/6 216/1677/6 258/1678/6
f 943/1339/5 1134/1679/5 708/1680/5
f 1178/1205/5 1165/1613/5 1177/1681/5
f 690/186/6 693/1074/6 692/1682/6
f 780/1683/4 771/758/4 724/1684/4
f 993/1576/1 991/344/1 992/342/1
f 650/37/2 563/1685/2 480/1686/2
f 939/225/2 892/1687/2 916/851/2
f 741/1688/6 711/186/6 712/187/6
f 96/1139/3 94/1490/3 97/48/3
f 636/1335/5 634/1689/5 632/1219/5
f 394/1690/5 389/1691/5 393/1692/5
f 1195/1693/4 1203/1694/4 1191/1695/4
f 545/1696/4 559/1282/4 299/1697/4
f 886/292/1 1107/1049/1 1108/96/1
f 485/1071/3 1016/1698/3 1011/1699/3
f 631/802/1 641/724/1 643/1700/1
f 732/636/6 368/1701/6 369/1702/6
f 694/1703/5 700/1394/5 695/200/5
f 404/1704/2 1059/1229/2 403/1332/2
f 302/66/6 546/1705/6 304/363/6
f 1163/240/3 1186/183/3 1174/248/3
f 134/1376/2 116/481/2 117/1706/2
f 1105/1707/3 442/692/3 439/1295/3
f 723/1060/2 771/285/2 724/286/2
f 1207/1708/2 1210/1105/2 1212/451/2
f 1135/1709/6 974/1710/6 1141/886/6
f 602/1630/1 599/1069/1 600/131/1
f 750/119/5 757/113/5 823/1711/5
f 742/1162/6 815/1712/6 741/1688/6
f 969/320/4 912/345/4 930/1713/4
f 585/1714/4 1051/1715/4 586/1572/4
f 474/1716/1 473/1717/1 472/1718/1
f 259/1719/1 258/1720/1 261/1721/1
f 76/1722/3 376/1723/3 388/1724/3
f 952/308/6 925/958/6 904/1265/6
f 224/1388/4 175/1725/4 174/1726/4
f 713/1238/6 351/523/6 346/1727/6
f 438/1590/3 1103/1147/3 1104/1728/3
f 915/282/5 889/1729/5 890/1730/5
f 270/1731/1 267/1319/1 277/1732/1
f 668/762/3 671/1733/3 669/561/3
f 1092/549/4 400/1734/4 432/1735/4
f 1097/1473/6 439/1736/6 440/403/6
f 668/756/4 670/1737/4 667/1097/4
f 534/886/1 535/1738/1 532/1739/1
f 757/575/4 825/1546/4 823/1740/4
f 1228/1044/1 590/1741/1 1227/931/1
f 1152/1742/1 1149/1743/1 1150/1499/1
f 831/877/4 832/214/4 833/876/4
f 865/1744/3 867/1745/3 866/1746/3
f 352/1747/4 716/179/4 349/1748/4
f 190/1459/2 186/422/2 187/1460/2
f 245/927/1 243/1589/1 242/163/1
f 183/1749/2 170/1750/2 258/908/2
f 1213/1552/3 469/889/3 1222/1751/3
f 636/1335/1 639/899/1 632/1219/1
f 706/1752/1 1143/140/1 702/1753/1
f 700/1754/2 704/1649/2 695/171/2
f 646/1397/4 648/1755/4 645/1756/4
f 407/35/2 1158/1757/2 1156/1758/2
f 184/1759/1 189/1760/1 185/1761/1
f 803/1762/5 735/470/5 802/1763/5
f 409/1004/2 1061/128/2 1066/130/2
f 1188/979/4 1163/182/4 1176/1764/4
f 704/1765/6 694/854/6 695/1766/6
f 75/1668/1 388/1420/1 387/1767/1
f 666/270/1 650/1768/1 646/1336/1
f 821/1604/1 819/957/1 820/1769/1
f 1115/1770/5 917/1771/5 1117/643/5
f 944/1493/6 901/1700/6 919/1772/6
f 724/1684/4 760/1310/4 721/294/4
f 716/1303/5 712/1773/5 711/1774/5
f 1165/1757/3 428/1444/3 425/1775/3
f 691/853/4 695/1766/4 690/186/4
f 783/599/6 867/1457/6 790/1458/6
f 777/1412/2 780/1776/2 728/1463/2
f 633/142/6 632/206/6 634/1777/6
f 901/749/5 898/1778/5 919/1185/5
f 268/229/5 250/1428/5 253/1467/5
f 590/1007/4 596/75/4 594/1005/4
f 938/1700/4 916/1487/4 900/1647/4
f 833/1779/1 834/1644/1 824/946/1
f 787/1153/3 863/1780/3 861/1152/3
f 231/364/5 248/110/5 228/1781/5
f 172/1370/6 170/415/6 173/1369/6
f 90/1230/2 87/1782/2 92/1229/2
f 541/1783/4 555/426/4 543/1199/4
f 121/1784/3 119/837/3 122/162/3
f 1057/732/1 885/388/1 1056/389/1
f 1078/254/2 899/581/2 1077/1301/2
f 300/1785/2 236/1692/2 301/1786/2
f 841/1787/1 842/922/1 832/1101/1
f 623/229/6 616/1788/6 621/1670/6
f 532/1789/2 531/1790/2 518/1791/2
f 761/1470/2 837/1792/2 838/1793/2
f 958/1791/6 989/1794/6 956/1795/6
f 731/1796/4 793/1106/4 785/1107/4
f 405/588/6 1061/1797/6 410/1798/6
f 983/1799/1 987/1800/1 979/1677/1
f 516/1658/1 518/1801/1 517/1657/1
f 965/283/3 912/133/3 966/132/3
f 1136/1799/6 941/1596/6 1121/1597/6
f 93/1802/1 92/729/1 97/855/1
f 1029/1803/4 1031/1637/4 1028/551/4
f 1102/1372/4 910/416/4 1101/578/4
f 452/837/4 1201/5/4 1197/1804/4
f 204/1805/4 241/1806/4 203/1144/4
f 458/1436/3 1200/1713/3 1199/198/3
f 424/1042/4 1160/691/4 416/1807/4
f 175/3/1 225/1808/1 223/1809/1
f 171/1/1 170/1810/1 169/2/1
f 175/3/1 223/1809/1 171/1/1
f 635/4/2 638/1811/2 633/5/2
f 46/7/1 49/1146/1 53/8/1
f 937/10/2 971/613/2 976/11/2
f 151/13/3 154/1287/3 153/14/3
f 710/16/4 746/1812/4 737/17/4
f 864/19/5 787/937/5 777/20/5
f 636/22/4 637/1813/4 638/23/4
f 202/27/3 201/1814/3 200/25/3
f 200/25/3 199/1312/3 198/26/3
f 507/28/6 274/1815/6 263/29/6
f 643/31/6 641/1816/6 642/32/6
f 72/35/2 64/1817/2 59/1818/2
f 72/35/2 59/1818/2 62/1819/2
f 69/1820/2 65/1821/2 74/34/2
f 72/35/2 62/1819/2 70/36/2
f 70/36/2 69/1820/2 74/34/2
f 650/37/3 563/1685/3 562/38/3
f 102/40/3 105/637/3 104/41/3
f 33/43/5 35/1317/5 39/44/5
f 457/46/3 1202/508/3 1201/47/3
f 699/49/5 691/607/5 690/50/5
f 666/54/3 488/1822/3 493/52/3
f 567/53/3 678/781/3 666/54/3
f 1071/55/2 900/1823/2 891/25/2
f 709/57/2 344/1824/2 345/58/2
f 241/62/2 238/1825/2 185/1826/2
f 189/60/2 188/1827/2 203/61/2
f 241/62/2 185/1826/2 189/60/2
f 918/63/6 1113/1828/6 1124/64/6
f 229/66/2 231/1050/2 228/67/2
f 967/69/3 992/247/3 991/70/3
f 1085/74/1 1082/1829/1 1087/72/1
f 1087/72/1 1086/1830/1 1084/73/1
f 1215/75/3 1214/1535/3 1213/76/3
f 775/78/6 770/867/6 840/79/6
f 1234/81/1 1236/236/1 1235/82/1
f 354/84/2 355/1687/2 718/85/2
f 861/87/6 871/1831/6 872/88/6
f 677/90/6 675/791/6 676/91/6
f 723/93/4 728/1646/4 777/94/4
f 964/96/6 988/1292/6 994/97/6
f 816/99/2 818/1832/2 809/100/2
f 717/102/6 718/1126/6 355/103/6
f 109/105/2 108/1833/2 106/106/2
f 106/106/2 110/68/2 111/67/2
f 736/107/4 803/1834/4 804/108/4
f 230/110/1 235/1781/1 232/111/1
f 757/113/1 756/211/1 758/114/1
f 1236/116/4 1234/1835/4 476/117/4
f 750/119/5 816/1836/5 742/120/5
f 1139/122/2 1140/1356/2 1141/123/2
f 213/125/3 212/1837/3 215/126/3
f 412/128/2 1073/1591/2 1064/129/2
f 54/131/6 1052/1631/6 383/132/6
f 272/134/4 504/1838/4 501/135/4
f 429/137/3 1085/967/3 1084/138/3
f 1152/142/4 1150/1839/4 1143/140/4
f 997/141/4 1147/1777/4 1152/142/4
f 772/143/6 847/1141/6 855/144/6
f 823/146/2 825/1249/2 817/147/2
f 1039/149/5 1036/1840/5 575/150/5
f 60/152/4 61/1189/4 62/153/4
f 1173/155/3 1185/1091/3 453/156/3
f 292/158/2 521/1827/2 518/1841/2
f 518/1841/2 279/1842/2 290/159/2
f 290/159/2 263/1843/2 503/160/2
f 503/160/2 511/1844/2 292/158/2
f 292/158/2 518/1841/2 290/159/2
f 431/161/6 399/1784/6 1055/162/6
f 452/166/1 450/1845/1 1184/1846/1
f 1184/1846/1 1186/1597/1 455/164/1
f 455/164/1 1188/1847/1 460/165/1
f 460/165/1 459/1848/1 452/166/1
f 452/166/1 1184/1846/1 455/164/1
f 159/167/5 154/689/5 151/168/5
f 686/170/2 689/1754/2 690/171/2
f 281/173/5 507/1203/5 290/174/5
f 1086/176/3 908/659/3 907/177/3
f 716/179/6 749/1626/6 758/180/6
f 453/182/6 1187/1764/6 1175/183/6
f 345/185/4 348/1682/4 711/186/4
f 696/188/6 697/1226/6 699/189/6
f 976/191/1 971/687/1 978/192/1
f 822/194/5 753/1476/5 743/195/5
f 1211/197/1 1210/1713/1 1209/198/1
f 695/200/1 694/1703/1 697/201/1
f 734/203/3 791/532/3 790/204/3
f 632/206/4 639/1514/4 640/207/4
f 765/209/1 764/448/1 766/210/1
f 842/212/6 764/747/6 765/213/6
f 1204/215/5 1207/199/5 1212/197/5
f 470/217/4 236/1228/4 293/218/4
f 898/220/6 897/1491/6 1076/221/6
f 936/223/2 944/1264/2 919/224/2
f 127/226/5 122/1479/5 119/227/5
f 1002/229/6 1005/562/6 984/230/6
f 553/232/1 554/1849/1 551/1850/1
f 548/1851/1 547/1852/1 550/596/1
f 553/232/1 551/1850/1 548/1851/1
f 558/1853/1 557/1530/1 553/232/1
f 552/1854/1 556/1855/1 555/234/1
f 555/234/1 558/1853/1 553/232/1
f 553/232/1 548/1851/1 550/596/1
f 549/233/1 552/1854/1 555/234/1
f 553/232/1 550/596/1 549/233/1
f 1142/237/1 1148/1679/1 1147/235/1
f 1147/235/7 997/461/7 1143/236/7
f 598/238/1 1232/457/1 1231/239/1
f 650/37/3 649/1856/3 647/241/3
f 727/243/6 731/1796/6 364/244/6
f 956/246/6 963/588/6 927/247/6
f 1181/249/6 449/1049/6 1159/250/6
f 636/252/2 645/1857/2 648/173/2
f 1016/254/4 1015/518/4 1010/255/4
f 732/256/2 796/176/2 785/257/2
f 639/39/3 642/473/3 641/168/3
f 433/262/6 401/1821/6 1056/260/6
f 885/261/6 1094/312/6 433/262/6
f 856/263/5 779/21/5 771/264/5
f 907/266/6 911/1858/6 1099/267/6
f 676/269/5 673/1859/5 666/270/5
f 734/272/5 789/1860/5 730/273/5
f 893/1861/2 886/1862/2 693/1863/2
f 693/1863/2 691/1864/2 699/1865/2
f 697/275/2 694/1866/2 705/1867/2
f 893/1861/2 693/1863/2 699/1865/2
f 893/1861/2 699/1865/2 697/275/2
f 941/1868/2 917/1869/2 894/1870/2
f 894/1870/2 893/1861/2 697/275/2
f 705/1867/2 702/1871/2 997/1872/2
f 941/1868/2 894/1870/2 697/275/2
f 697/275/2 705/1867/2 997/1872/2
f 997/1872/2 996/1873/2 975/276/2
f 975/276/2 974/1874/2 942/277/2
f 942/277/2 941/1868/2 697/275/2
f 697/275/2 997/1872/2 975/276/2
f 953/278/3 952/797/3 904/279/3
f 870/281/1 869/1730/1 871/282/1
f 773/284/3 772/1506/3 771/285/3
f 72/287/6 71/618/6 63/288/6
f 1045/290/6 1044/1331/6 579/291/6
f 761/293/6 760/1310/6 721/294/6
f 606/296/5 608/642/5 614/297/5
f 777/94/4 787/89/4 861/87/4
f 609/300/6 612/1875/6 372/301/6
f 1153/303/2 545/1876/2 471/304/2
f 1124/306/2 1132/612/2 1133/307/2
f 959/129/4 955/157/4 905/308/4
f 12/296/5 10/769/5 14/310/5
f 141/15/2 150/13/2 147/312/2
f 266/315/2 264/1877/2 268/313/2
f 268/313/2 269/1538/2 267/314/2
f 526/316/3 527/1878/3 509/317/3
f 1219/319/5 1218/1526/5 1204/320/5
f 790/322/5 865/1879/5 782/323/5
f 754/325/2 713/824/2 743/326/2
f 215/328/6 221/710/6 222/329/6
f 182/330/2 178/1293/2 177/331/2
f 752/333/1 759/1880/1 760/334/1
f 271/336/3 280/1881/3 281/1882/3
f 273/337/3 274/480/3 247/479/3
f 271/336/3 281/1882/3 273/337/3
f 246/338/3 272/1379/3 271/336/3
f 273/337/3 247/479/3 246/338/3
f 776/339/5 782/323/5 857/340/5
f 198/342/5 1019/309/5 1012/343/5
f 962/345/6 968/1713/6 929/346/6
f 142/168/1 141/169/1 140/348/1
f 52/1883/1 378/1884/1 58/1885/1
f 52/1883/1 58/1885/1 55/1886/1
f 45/1887/1 340/1165/1 339/1888/1
f 337/1889/1 56/1619/1 45/1887/1
f 338/1890/1 337/1889/1 45/1887/1
f 51/1891/1 52/1883/1 55/1886/1
f 51/1891/1 55/1886/1 54/1892/1
f 375/1893/1 51/1891/1 54/1892/1
f 338/1890/1 45/1887/1 339/1888/1
f 338/1890/1 339/1888/1 374/351/1
f 375/1893/1 54/1892/1 57/349/1
f 373/350/1 338/1890/1 374/351/1
f 374/351/1 375/1893/1 57/349/1
f 993/352/3 1006/552/3 1007/353/3
f 27/355/4 25/712/4 21/356/4
f 38/45/5 40/44/5 36/358/5
f 929/360/3 968/1658/3 969/361/3
f 252/363/1 257/1629/1 256/364/1
f 497/296/6 475/1894/6 1233/117/6
f 175/366/2 169/930/2 172/367/2
f 666/369/4 646/1397/4 480/370/4
f 75/374/2 387/1215/2 25/372/2
f 25/372/2 29/1895/2 33/373/2
f 33/373/2 45/1896/2 75/374/2
f 280/375/5 278/1897/5 501/376/5
f 753/378/4 752/1127/4 827/379/4
f 511/381/1 515/1469/1 514/382/1
f 807/384/6 806/1898/6 805/385/6
f 1056/389/5 1054/573/5 1092/387/5
f 1092/387/5 1094/605/5 885/388/5
f 1021/390/3 1020/1899/3 1013/1900/3
f 1013/1900/3 490/1901/3 489/1902/3
f 1012/1903/3 1019/1904/3 1018/391/3
f 1013/1900/3 489/1902/3 1012/1903/3
f 1030/827/3 1029/1905/3 1021/390/3
f 1021/390/3 1013/1900/3 1012/1903/3
f 1018/391/3 1025/1906/3 1024/392/3
f 1021/390/3 1012/1903/3 1018/391/3
f 1024/392/3 1030/827/3 1021/390/3
f 632/393/2 631/1330/2 643/394/2
f 378/396/6 341/1907/6 390/397/6
f 1057/400/4 402/1908/4 421/75/4
f 421/75/4 1080/1535/4 888/399/4
f 951/401/2 947/1324/2 902/402/2
f 1205/404/5 1206/1213/5 1217/405/5
f 1096/1909/3 434/8/3 433/1910/3
f 1094/1911/3 1092/1912/3 1115/407/3
f 1095/1913/3 1096/1909/3 433/1910/3
f 1128/1144/3 1120/1914/3 1116/1915/3
f 1116/1915/3 1095/1913/3 433/1910/3
f 1116/1915/3 433/1910/3 1094/1911/3
f 1127/1916/3 1128/1144/3 1116/1915/3
f 1137/409/3 1138/1917/3 1127/1916/3
f 1147/1918/3 1148/1919/3 1137/409/3
f 1151/1920/3 1152/1921/3 1147/1918/3
f 1135/1922/3 1146/1923/3 1145/1924/3
f 1145/1924/3 1151/1920/3 1147/1918/3
f 1137/409/3 1127/1916/3 1116/1915/3
f 1145/1924/3 1147/1918/3 1137/409/3
f 1125/408/3 1136/1925/3 1135/1922/3
f 1135/1922/3 1145/1924/3 1137/409/3
f 1137/409/3 1116/1915/3 1094/1911/3
f 1115/407/3 1119/1926/3 1126/429/3
f 1137/409/3 1094/1911/3 1115/407/3
f 1125/408/3 1135/1922/3 1137/409/3
f 1115/407/3 1126/429/3 1125/408/3
f 619/1927/3 623/1928/3 624/1929/3
f 624/1929/3 627/1930/3 628/1931/3
f 620/1932/3 630/1933/3 375/1743/3
f 624/1929/3 628/1931/3 620/1932/3
f 613/412/3 618/1934/3 619/1927/3
f 619/1927/3 624/1929/3 620/1932/3
f 620/1932/3 375/1743/3 374/1935/3
f 620/1932/3 374/1935/3 614/1936/3
f 613/412/3 619/1927/3 620/1932/3
f 372/1937/3 612/1938/3 613/412/3
f 604/411/3 373/1722/3 372/1937/3
f 608/410/3 607/1939/3 604/411/3
f 620/1932/3 614/1936/3 608/410/3
f 604/411/3 372/1937/3 613/412/3
f 613/412/3 620/1932/3 608/410/3
f 531/413/6 547/1647/6 548/414/6
f 1024/416/6 1035/848/6 1034/417/6
f 431/288/3 1093/619/3 1092/419/3
f 881/421/1 386/1490/1 385/422/1
f 938/424/4 949/526/4 979/98/4
f 687/425/4 688/170/4 689/172/4
f 678/271/1 676/269/1 668/427/1
f 588/355/5 1226/858/5 1225/429/5
f 934/422/1 933/1940/1 932/431/1
f 240/1941/2 204/1942/2 206/1943/2
f 240/1941/2 206/1943/2 243/433/2
f 1026/435/2 1027/1944/2 239/1945/2
f 1026/435/2 239/1945/2 240/1941/2
f 1028/1946/2 1031/1002/2 1026/435/2
f 244/434/2 1028/1946/2 1026/435/2
f 1026/435/2 240/1941/2 243/433/2
f 244/438/4 245/1947/4 193/1233/4
f 207/436/4 1020/1948/4 1021/437/4
f 244/438/4 193/1233/4 207/436/4
f 972/439/4 981/1093/4 1000/440/4
f 437/26/4 438/27/4 1104/306/4
f 964/442/1 962/1949/1 963/443/1
f 380/808/1 359/1950/1 357/1951/1
f 357/1951/1 356/1952/1 353/1953/1
f 353/1953/1 352/1954/1 349/1955/1
f 349/1955/1 348/1956/1 345/1957/1
f 344/445/1 347/1958/1 346/446/1
f 346/446/1 351/1959/1 350/1960/1
f 350/1960/1 355/1961/1 354/1962/1
f 358/1963/1 361/1964/1 360/1965/1
f 346/446/1 350/1960/1 354/1962/1
f 343/1605/1 380/808/1 357/1951/1
f 365/1966/1 364/1967/1 379/515/1
f 360/1965/1 365/1966/1 379/515/1
f 343/1605/1 357/1951/1 353/1953/1
f 343/1605/1 353/1953/1 349/1955/1
f 358/1963/1 360/1965/1 379/515/1
f 354/1962/1 358/1963/1 379/515/1
f 343/1605/1 349/1955/1 345/1957/1
f 343/1605/1 345/1957/1 344/445/1
f 354/1962/1 379/515/1 342/447/1
f 346/446/1 354/1962/1 342/447/1
f 342/447/1 343/1605/1 344/445/1
f 775/341/1 776/339/1 764/448/1
f 890/450/6 889/455/6 1069/451/6
f 1219/453/4 1220/1305/4 1221/454/4
f 449/456/2 1183/1396/2 1171/457/2
f 630/458/4 629/1274/4 340/459/4
f 997/461/5 1143/236/5 1140/462/5
f 918/464/1 895/1968/1 1114/237/1
f 242/466/6 243/591/6 206/467/6
f 731/469/1 732/1969/1 735/470/1
f 642/473/2 477/1970/2 478/472/2
f 478/472/3 562/38/3 639/39/3
f 1190/474/4 460/1126/4 1166/475/4
f 402/477/2 1057/1267/2 1056/478/2
f 104/42/5 86/1155/5 83/479/5
f 256/481/3 257/1971/3 230/482/3
f 756/211/5 765/209/5 831/484/5
f 650/485/6 678/92/6 567/486/6
f 654/1972/6 653/1043/6 652/489/6
f 652/489/6 661/944/6 662/490/6
f 658/488/6 654/1972/6 652/489/6
f 67/491/5 70/1973/5 62/151/5
f 75/493/4 45/1422/4 56/494/4
f 622/496/1 624/1974/1 623/497/1
f 570/501/1 572/1488/1 571/499/1
f 679/500/1 569/1975/1 570/501/1
f 736/502/5 799/1976/5 734/272/5
f 367/504/4 734/608/4 729/505/4
f 124/1977/4 123/584/4 109/507/4
f 109/507/4 112/46/4 130/508/4
f 128/509/4 124/1977/4 109/507/4
f 329/510/1 325/1343/1 326/511/1
f 6/513/4 11/1978/4 9/514/4
f 565/516/1 562/1523/1 563/517/1
f 659/519/3 662/1979/3 661/520/3
f 775/522/3 852/1727/3 851/523/3
f 936/525/6 976/424/6 977/526/6
f 73/528/1 71/1618/1 72/529/1
f 733/531/2 734/203/2 791/532/2
f 642/473/2 641/168/2 652/534/2
f 763/536/2 765/595/2 756/537/2
f 821/539/6 820/380/6 753/378/6
f 242/338/2 205/1980/2 195/1981/2
f 192/541/2 193/1982/2 245/542/2
f 242/338/2 195/1981/2 192/541/2
f 199/543/6 200/1983/6 186/48/6
f 1183/544/6 1185/1984/6 1173/545/6
f 1092/549/6 1054/1985/6 1112/547/6
f 917/548/6 1115/1986/6 1092/549/6
f 202/550/6 1012/1160/6 489/70/6
f 1026/551/6 1024/1803/6 1025/353/6
f 373/553/4 604/1671/4 603/554/4
f 764/448/5 770/449/5 839/556/5
f 628/557/1 627/1987/1 625/558/1
f 1232/560/6 1230/1461/6 1229/561/6
f 750/563/4 817/1625/4 818/564/4
f 904/566/5 925/1382/5 908/567/5
f 941/569/1 1125/1988/1 1126/570/1
f 1126/570/1 1122/1989/1 1121/571/1
f 1092/387/1 1093/1990/1 1055/572/1
f 720/574/4 756/736/4 757/575/4
f 1163/577/5 1174/848/5 1172/578/5
f 895/580/6 896/1991/6 1110/581/6
f 741/583/3 815/1992/3 817/147/3
f 96/584/4 97/1977/4 92/585/4
f 1047/587/1 1046/1798/1 585/588/1
f 979/590/2 1003/991/2 1000/591/2
f 419/593/4 1072/627/4 1073/55/4
f 765/595/3 756/537/3 834/596/3
f 725/598/6 784/1993/6 783/599/6
f 1158/601/5 1168/1644/5 1167/602/5
f 1081/604/6 422/1994/6 403/605/6
f 689/202/1 688/201/1 691/607/1
f 734/608/4 799/1995/4 800/609/4
f 1156/611/6 1155/1991/6 414/612/6
f 938/613/2 980/938/2 972/614/2
f 781/615/4 782/1064/4 776/616/4
f 533/419/2 552/1363/2 549/618/2
f 942/620/4 974/1710/4 1130/621/4
f 414/623/2 1155/672/2 1159/624/2
f 436/55/6 1084/1996/6 1098/626/6
f 187/628/4 188/1997/4 189/629/4
f 895/631/2 918/1998/2 943/1999/2
f 943/1999/2 702/1871/2 701/2000/2
f 701/2000/2 694/1866/2 691/1864/2
f 701/2000/2 691/1864/2 688/632/2
f 895/631/2 943/1999/2 701/2000/2
f 887/2001/2 896/2002/2 895/631/2
f 885/2003/2 888/2004/2 887/2001/2
f 693/1863/2 886/1862/2 885/2003/2
f 687/633/2 693/1863/2 885/2003/2
f 885/2003/2 887/2001/2 895/631/2
f 895/631/2 701/2000/2 688/632/2
f 687/633/2 885/2003/2 895/631/2
f 735/634/4 795/1260/4 796/635/4
f 100/481/2 118/2005/2 115/637/2
f 398/638/6 462/2006/6 464/639/6
f 1234/641/2 1233/2007/2 475/642/2
f 1129/644/2 1130/1520/2 1131/401/2
f 970/646/6 971/1548/6 937/647/6
f 933/364/2 973/2008/2 970/649/2
f 846/651/1 851/1531/1 852/652/1
f 1031/653/1 1030/2009/1 1024/654/1
f 764/656/3 842/1628/3 840/657/3
f 1101/659/3 910/978/3 909/660/3
f 1032/663/3 1034/2010/3 573/661/3
f 569/662/3 568/2011/3 1032/663/3
f 364/664/3 731/258/3 732/256/3
f 795/666/2 880/2012/2 869/667/2
f 1085/669/6 429/969/6 417/670/6
f 426/672/3 423/624/3 1162/178/3
f 741/121/1 750/119/1 749/115/1
f 681/4/3 680/1811/3 683/478/3
f 419/675/2 420/2013/2 1079/139/2
f 903/474/6 908/757/6 1086/676/6
f 736/502/1 735/470/1 732/1969/1
f 732/1969/1 731/469/1 727/954/1
f 727/954/1 728/956/1 723/739/1
f 723/739/1 724/741/1 721/904/1
f 718/2014/1 717/933/1 714/972/1
f 723/739/1 721/904/1 718/2014/1
f 732/1969/1 727/954/1 723/739/1
f 733/503/1 736/502/1 732/1969/1
f 729/274/1 734/272/1 733/503/1
f 725/680/1 730/273/1 729/274/1
f 722/950/1 726/1284/1 725/680/1
f 715/679/1 720/949/1 719/2015/1
f 719/2015/1 722/950/1 725/680/1
f 725/680/1 729/274/1 733/503/1
f 733/503/1 732/1969/1 723/739/1
f 723/739/1 718/2014/1 714/972/1
f 714/972/1 713/921/1 710/678/1
f 710/678/1 709/1660/1 712/1773/1
f 711/1774/1 716/1303/1 715/679/1
f 710/678/1 712/1773/1 711/1774/1
f 723/739/1 714/972/1 710/678/1
f 725/680/1 733/503/1 723/739/1
f 715/679/1 719/2015/1 725/680/1
f 710/678/1 711/1774/1 715/679/1
f 725/680/1 723/739/1 710/678/1
f 879/681/6 385/2016/6 381/682/6
f 722/684/3 719/1504/3 766/685/3
f 967/686/1 960/1801/1 965/687/1
f 197/690/1 211/1738/1 207/2017/1
f 193/688/1 192/167/1 191/689/1
f 197/690/1 207/2017/1 193/688/1
f 1162/691/6 423/1807/6 413/692/6
f 48/694/2 49/1136/2 46/695/2
f 50/697/3 53/837/3 52/698/3
f 771/264/1 772/265/1 767/700/1
f 744/701/3 811/2018/3 814/702/3
f 73/552/3 66/591/3 68/466/3
f 73/552/3 68/466/3 67/2019/3
f 60/2020/3 63/2021/3 71/704/3
f 73/552/3 67/2019/3 61/705/3
f 61/705/3 60/2020/3 71/704/3
f 590/2022/2 594/2023/2 593/706/2
f 593/706/2 600/2024/2 599/2025/2
f 597/2026/2 1231/2027/2 1229/2028/2
f 593/706/2 599/2025/2 597/2026/2
f 1225/2029/2 1227/2030/2 590/2022/2
f 593/706/2 597/2026/2 1229/2028/2
f 1225/2029/2 590/2022/2 593/706/2
f 481/2031/2 482/2032/2 587/708/2
f 587/708/2 1225/2029/2 593/706/2
f 593/706/2 1229/2028/2 589/707/2
f 589/707/2 481/2031/2 587/708/2
f 282/709/6 283/796/6 285/710/6
f 20/711/6 16/355/6 14/712/6
f 769/714/2 770/658/2 764/656/2
f 1230/715/5 591/2033/5 589/716/5
f 1076/718/2 897/559/2 901/719/2
f 1197/723/1 1201/2034/1 1202/2035/1
f 1199/721/1 1200/2036/1 1196/2037/1
f 1197/723/1 1202/2035/1 1199/721/1
f 1198/722/1 1195/1280/1 1197/723/1
f 1199/721/1 1196/2037/1 1198/722/1
f 637/724/1 648/2038/1 647/725/1
f 927/727/5 911/1263/5 907/728/5
f 1057/732/5 888/2039/5 1080/730/5
f 1080/730/5 1081/940/5 1059/731/5
f 804/733/3 881/2040/3 884/338/3
f 757/575/6 824/2041/6 834/735/6
f 380/738/2 396/1359/2 395/217/2
f 386/737/2 382/2042/2 380/738/2
f 723/739/1 728/956/1 780/740/1
f 709/57/2 737/703/2 744/701/2
f 800/743/5 873/2043/5 790/322/5
f 456/475/6 1189/476/6 1177/452/6
f 776/616/6 726/617/6 722/746/6
f 1078/748/4 1083/1186/4 905/749/4
f 588/751/3 496/2044/3 495/2045/3
f 591/2046/3 1230/2047/3 1232/2048/3
f 588/751/3 495/2045/3 591/2046/3
f 1228/2049/3 1226/2050/3 588/751/3
f 595/753/3 596/2051/3 592/2052/3
f 592/2052/3 1228/2049/3 588/751/3
f 588/751/3 591/2046/3 1232/2048/3
f 598/752/3 601/2053/3 602/2054/3
f 588/751/3 1232/2048/3 598/752/3
f 595/753/3 592/2052/3 588/751/3
f 598/752/3 602/2054/3 595/753/3
f 1088/665/3 906/176/3 905/178/3
f 973/754/1 972/793/1 971/755/1
f 668/756/6 669/2055/6 680/23/6
f 1089/757/4 909/267/4 906/268/4
f 771/758/4 779/875/4 853/759/4
f 676/761/2 675/2056/2 669/561/2
f 753/327/2 820/1406/2 829/763/2
f 406/765/4 411/1797/4 1064/766/4
f 324/768/1 323/296/1 319/769/1
f 721/86/2 760/1298/2 767/770/2
f 396/640/6 380/1669/6 343/772/6
f 266/773/6 265/1103/6 250/366/6
f 875/775/1 884/2057/1 881/776/1
f 1036/778/4 1037/1585/4 1030/779/4
f 678/781/2 667/1573/2 565/782/2
f 288/783/2 287/1362/2 260/1361/2
f 516/785/2 259/715/2 285/1360/2
f 516/785/2 285/1360/2 283/2058/2
f 288/783/2 260/1361/2 519/784/2
f 516/785/2 283/2058/2 288/783/2
f 82/142/1 81/348/1 78/786/1
f 368/788/3 735/1315/3 736/789/3
f 676/91/4 682/535/4 683/534/4
f 992/792/1 995/1161/1 994/793/1
f 1206/794/2 1211/77/2 1216/75/2
f 287/796/4 288/1112/4 289/797/4
f 735/634/6 795/1260/6 801/683/6
f 1208/799/2 467/152/2 466/154/2
f 536/801/3 554/1700/3 553/802/3
f 1225/785/4 1226/1364/4 1228/804/4
f 379/515/1 364/1967/1 369/2059/1
f 379/515/1 369/2059/1 368/2060/1
f 362/2061/1 359/1950/1 380/808/1
f 367/807/1 366/2062/1 363/2063/1
f 363/2063/1 362/2061/1 380/808/1
f 380/808/1 379/515/1 368/2060/1
f 371/806/1 370/2064/1 367/807/1
f 380/808/1 368/2060/1 371/806/1
f 367/807/1 363/2063/1 380/808/1
f 220/2065/3 219/2066/3 218/1755/3
f 218/1755/3 217/1974/3 216/2067/3
f 216/2067/3 254/2068/3 255/809/3
f 223/810/3 225/1244/3 224/1242/3
f 220/2065/3 218/1755/3 216/2067/3
f 224/1242/3 222/1092/3 221/811/3
f 220/2065/3 216/2067/3 255/809/3
f 223/810/3 224/1242/3 221/811/3
f 221/811/3 220/2065/3 255/809/3
f 659/812/6 660/1587/6 671/690/6
f 1009/2069/1 1008/2070/1 1004/2071/1
f 1004/2071/1 1005/2072/1 1002/2073/1
f 999/814/1 998/2074/1 1001/1251/1
f 1004/2071/1 1002/2073/1 999/814/1
f 1006/816/1 1009/2069/1 1004/2071/1
f 1003/2075/1 1007/2076/1 1006/816/1
f 999/814/1 1001/1251/1 1000/815/1
f 1000/815/1 1003/2075/1 1006/816/1
f 1006/816/1 1004/2071/1 999/814/1
f 350/817/2 351/280/2 714/818/2
f 650/485/4 636/22/4 474/820/4
f 474/820/4 479/2077/4 563/487/4
f 382/776/4 386/2078/4 881/821/4
f 798/822/6 797/109/6 736/107/6
f 713/824/3 743/326/3 746/581/3
f 356/826/4 719/1399/4 720/574/4
f 1030/827/2 1037/1373/2 576/2079/2
f 1030/827/2 576/2079/2 572/2080/2
f 574/2081/2 1035/1722/2 1024/392/2
f 1030/827/2 572/2080/2 570/828/2
f 570/828/2 574/2081/2 1024/392/2
f 79/831/1 84/2082/1 443/829/1
f 397/830/1 80/2083/1 79/831/1
f 1157/832/5 1160/1594/5 1170/833/5
f 1138/834/4 1132/83/4 1124/64/4
f 943/65/4 1127/1507/4 1138/834/4
f 803/835/3 802/2084/3 801/836/3
f 955/837/4 986/1804/4 983/838/4
f 39/62/4 43/1051/4 41/840/4
f 767/700/5 760/334/5 761/335/5
f 882/843/6 881/821/6 804/108/6
f 885/261/4 886/2085/4 1108/34/4
f 738/844/2 805/1068/2 812/845/2
f 568/848/6 569/2086/6 573/847/6
f 573/847/6 577/1639/6 276/417/6
f 938/849/1 948/2087/1 947/850/1
f 1165/852/5 1161/2088/5 1162/853/5
f 247/855/1 255/1195/1 254/856/1
f 960/711/3 959/1424/3 926/858/3
f 1236/859/3 498/2089/3 497/860/3
f 660/467/1 661/468/1 652/862/1
f 1120/863/5 1118/2090/5 1113/465/5
f 918/464/5 1116/2091/5 1120/863/5
f 757/864/3 749/1271/3 826/865/3
f 770/867/4 840/79/4 841/868/4
f 492/870/3 486/2092/3 659/519/3
f 659/519/3 667/1573/3 565/782/3
f 953/871/6 923/979/6 921/716/6
f 784/873/1 776/339/1 782/323/1
f 685/874/5 684/2093/5 571/499/5
f 779/875/6 853/759/6 863/876/6
f 1161/878/6 1165/1111/6 425/673/6
f 4/879/4 8/2094/4 316/514/4
f 1218/881/2 1221/2095/2 1208/882/2
f 306/363/6 301/1705/6 561/883/6
f 370/884/3 733/531/3 734/203/3
f 1182/886/2 448/1739/2 1158/887/2
f 466/800/6 468/799/6 1213/889/6
f 1199/891/6 1202/2096/6 457/892/6
f 872/893/3 871/2097/3 869/667/3
f 444/7/1 439/2098/1 442/2099/1
f 442/2099/1 441/2100/1 438/894/1
f 438/894/1 437/2101/1 430/895/1
f 430/895/1 420/2102/1 398/1021/1
f 444/7/1 442/2099/1 438/894/1
f 430/895/1 398/1021/1 444/7/1
f 932/896/2 935/1204/2 915/174/2
f 639/899/1 667/428/1 659/897/1
f 659/897/1 657/1442/1 651/898/1
f 651/898/1 642/1218/1 639/899/1
f 577/2103/3 1038/2104/3 1040/2105/3
f 579/2106/3 1044/2107/3 583/900/3
f 577/2103/3 1040/2105/3 579/2106/3
f 265/902/3 276/1431/3 577/2103/3
f 685/2108/3 270/2109/3 265/902/3
f 578/2110/3 684/2111/3 685/2108/3
f 1042/2112/3 1039/2113/3 578/2110/3
f 585/901/3 1046/2114/3 581/2115/3
f 581/2115/3 1042/2112/3 578/2110/3
f 578/2110/3 685/2108/3 265/902/3
f 265/902/3 577/2103/3 579/2106/3
f 583/900/3 1048/2116/3 1050/313/3
f 265/902/3 579/2106/3 583/900/3
f 581/2115/3 578/2110/3 265/902/3
f 583/900/3 1050/313/3 585/901/3
f 585/901/3 581/2115/3 265/902/3
f 773/903/5 724/741/5 721/904/5
f 726/906/2 776/942/2 784/305/2
f 593/458/4 595/2117/4 602/908/4
f 744/701/2 811/2018/2 821/909/2
f 1190/2118/1 1189/2119/1 456/2120/1
f 456/2120/1 1187/2121/1 453/2122/1
f 453/2122/1 1185/973/1 1183/2123/1
f 449/2124/1 1181/2125/1 445/911/1
f 453/2122/1 1183/2123/1 449/2124/1
f 1190/2118/1 456/2120/1 453/2122/1
f 459/1848/1 460/165/1 1190/2118/1
f 454/2126/1 458/2127/1 457/2128/1
f 457/2128/1 459/1848/1 1190/2118/1
f 453/2122/1 449/2124/1 445/911/1
f 445/911/1 1179/2129/1 1180/2130/1
f 448/2131/1 1182/2132/1 450/1845/1
f 445/911/1 1180/2130/1 448/2131/1
f 457/2128/1 1190/2118/1 453/2122/1
f 454/2126/1 457/2128/1 453/2122/1
f 445/911/1 448/2131/1 450/1845/1
f 450/1845/1 452/166/1 451/2133/1
f 450/1845/1 451/2133/1 447/912/1
f 454/2126/1 453/2122/1 445/911/1
f 446/913/1 454/2126/1 445/911/1
f 445/911/1 450/1845/1 447/912/1
f 801/914/5 795/1418/5 793/915/5
f 416/917/2 1160/997/2 1157/918/2
f 710/678/5 709/1660/5 745/920/5
f 860/922/1 852/2134/1 858/281/1
f 296/923/6 237/1622/6 161/494/6
f 289/925/1 288/1094/1 283/926/1
f 955/928/1 959/962/1 960/467/1
f 1184/930/2 450/1045/2 1160/931/2
f 721/904/5 718/2014/5 717/933/5
f 872/935/5 793/915/5 785/936/5
f 964/938/3 956/614/3 989/939/3
f 1059/731/1 1058/884/1 1096/704/1
f 1096/704/1 1095/2135/1 1081/940/1
f 775/522/2 852/1727/2 860/941/2
f 663/943/4 664/1296/4 656/944/4
f 708/945/2 707/1779/2 706/946/2
f 854/948/1 853/647/1 855/648/1
f 720/949/5 719/2015/5 722/950/5
f 1121/890/2 1122/979/2 1117/952/2
f 1096/202/4 1058/163/4 404/161/4
f 727/954/1 731/469/1 788/955/1
f 955/957/3 961/1769/3 987/958/3
f 156/960/1 160/990/1 157/302/1
f 978/962/2 999/590/2 1002/592/2
f 654/964/2 1022/1978/2 483/513/2
f 483/513/2 484/2136/2 564/2137/2
f 483/513/2 564/2137/2 1010/2138/2
f 1014/2139/2 651/219/2 654/964/2
f 483/513/2 1010/2138/2 1015/963/2
f 1015/963/2 1014/2139/2 654/964/2
f 720/538/3 715/1547/3 758/965/3
f 1011/966/1 1010/2140/1 564/675/1
f 430/968/4 1091/1306/4 1079/669/4
f 952/970/1 958/2141/1 956/928/1
f 754/971/5 717/933/5 714/972/5
f 109/2142/1 111/859/1 114/973/1
f 114/973/1 113/2143/1 107/974/1
f 112/975/1 109/2142/1 114/973/1
f 275/976/3 277/671/3 252/670/3
f 658/795/1 1023/2144/1 1022/978/1
f 1123/153/2 1124/871/2 1113/979/2
f 1144/980/5 706/2145/5 707/981/5
f 1107/983/4 893/1489/4 894/984/4
f 327/387/1 328/605/1 332/986/1
f 329/988/6 321/1143/6 318/989/6
f 990/991/3 984/591/3 1005/352/3
f 145/992/5 138/348/5 135/786/5
f 564/2146/6 484/2147/6 477/2148/6
f 477/2148/6 642/32/6 651/1586/6
f 477/2148/6 651/1586/6 1014/2149/6
f 564/2146/6 477/2148/6 1014/2149/6
f 1017/994/6 657/2150/6 659/812/6
f 564/2146/6 1014/2149/6 1017/994/6
f 486/995/6 487/2151/6 566/996/6
f 566/996/6 564/2146/6 1017/994/6
f 1017/994/6 659/812/6 486/995/6
f 424/997/3 427/918/3 1164/998/3
f 17/1000/5 19/2031/5 23/987/5
f 693/12/5 687/10/5 686/725/5
f 1052/2152/1 59/1349/1 64/2153/1
f 1052/2152/1 64/2153/1 63/2154/1
f 66/2155/1 65/2156/1 384/1001/1
f 60/1003/1 69/1348/1 68/2157/1
f 68/2157/1 66/2155/1 384/1001/1
f 383/1002/1 1052/2152/1 63/2154/1
f 60/1003/1 68/2157/1 384/1001/1
f 383/1002/1 63/2154/1 60/1003/1
f 1025/1004/5 1018/2158/5 239/343/5
f 82/1005/2 77/1697/2 79/1006/2
f 344/1008/6 709/18/6 710/16/6
f 150/169/1 149/1581/1 148/992/1
f 291/1010/2 510/2159/2 502/1389/2
f 502/1389/2 262/2160/2 501/1011/2
f 501/1011/2 278/2161/2 517/1012/2
f 517/1012/2 520/2162/2 291/1010/2
f 291/1010/2 502/1389/2 501/1011/2
f 5/1013/5 6/2031/5 2/1000/5
f 730/1015/2 783/1351/2 792/863/2
f 108/1017/6 121/2163/6 122/2164/6
f 127/2165/6 129/2166/6 107/2167/6
f 108/1017/6 122/2164/6 127/2165/6
f 89/2168/6 106/2169/6 108/1017/6
f 95/1019/6 87/2170/6 89/2168/6
f 88/1018/6 94/659/6 95/1019/6
f 107/2167/6 113/2171/6 88/1018/6
f 108/1017/6 127/2165/6 107/2167/6
f 95/1019/6 89/2168/6 108/1017/6
f 108/1017/6 107/2167/6 88/1018/6
f 545/1122/5 544/2172/5 297/1021/5
f 297/1021/5 293/7/5 294/1022/5
f 559/1020/5 545/1122/5 297/1021/5
f 108/2173/5 109/860/5 123/1023/5
f 123/1023/5 125/2174/5 105/1024/5
f 105/1024/5 102/1419/5 120/2175/5
f 121/1025/5 108/2173/5 123/1023/5
f 105/1024/5 120/2175/5 121/1025/5
f 972/1026/1 980/2176/1 979/1027/1
f 116/2177/6 131/2178/6 132/1029/6
f 132/1029/6 139/2179/6 140/2180/6
f 140/2180/6 147/2181/6 148/2182/6
f 148/2182/6 155/2183/6 157/1480/6
f 157/1480/6 158/2184/6 151/2185/6
f 151/2185/6 152/2186/6 143/1030/6
f 143/1030/6 144/2187/6 135/2188/6
f 135/2188/6 136/2189/6 119/2190/6
f 119/2190/6 120/2191/6 102/2192/6
f 102/2192/6 103/2193/6 83/1031/6
f 83/1031/6 84/2054/6 79/2194/6
f 79/2194/6 77/2195/6 78/2196/6
f 78/2196/6 98/2197/6 99/2198/6
f 99/2198/6 115/2199/6 116/2177/6
f 132/1029/8 140/2180/8 148/2182/8
f 99/2198/1 116/2177/1 132/1029/1
f 83/1031/6 79/2194/6 78/2196/6
f 83/1031/6 78/2196/6 99/2198/6
f 119/2190/1 102/2192/1 83/1031/1
f 143/1030/9 135/2188/9 119/2190/9
f 148/2182/6 157/1480/6 151/2185/6
f 143/1030/10 119/2190/10 83/1031/10
f 148/2182/6 151/2185/6 143/1030/6
f 83/1031/6 99/2198/6 132/1029/6
f 132/1029/6 148/2182/6 143/1030/6
f 359/1032/4 726/617/4 722/746/4
f 25/359/5 27/358/5 31/1034/5
f 974/1036/5 975/2200/5 1139/1037/5
f 306/228/5 308/2201/5 307/1039/5
f 638/697/1 637/1650/1 631/1041/1
f 46/1043/6 50/695/6 51/696/6
f 574/774/1 573/773/1 1034/1044/1
f 954/426/3 924/797/3 905/278/3
f 30/1035/5 32/1034/5 28/1046/5
f 847/1048/1 848/2202/1 843/249/1
f 234/977/3 233/66/3 232/1050/3
f 315/1051/4 324/1268/4 320/1052/4
f 1140/1055/6 1149/2203/6 1151/1053/6
f 1151/1053/6 1145/2204/6 996/1054/6
f 274/1056/5 506/1825/5 503/1057/5
f 358/1059/3 724/286/3 723/1060/3
f 382/1061/5 804/1065/5 801/914/5
f 776/616/6 860/2205/6 859/1063/6
f 905/280/5 924/279/5 922/628/5
f 800/743/5 797/1417/5 804/1065/5
f 218/883/6 164/1180/6 162/1067/6
f 975/1068/4 996/1054/4 1140/1055/4
f 738/386/4 737/17/4 814/185/4
f 904/1069/6 1082/1974/6 1075/497/6
f 887/1070/6 888/399/6 1057/400/6
f 1164/1072/5 1166/1445/5 1176/489/5
f 580/1073/1 579/1446/1 1040/1074/1
f 29/960/4 31/2206/4 35/1076/4
f 610/2207/2 609/2208/2 337/61/2
f 337/61/2 338/2209/2 603/2210/2
f 603/2210/2 605/2211/2 606/1078/2
f 611/2212/2 339/2213/2 340/961/2
f 337/61/1 603/2210/1 606/1078/1
f 611/2212/2 340/961/2 629/2214/2
f 610/2207/2 337/61/2 606/1078/2
f 606/1078/2 611/2212/2 629/2214/2
f 617/1079/2 626/1427/2 625/2215/2
f 606/1078/2 629/2214/2 617/1079/2
f 615/2216/2 610/2207/2 606/1078/2
f 622/1080/2 621/2217/2 616/2218/2
f 616/2218/2 615/2216/2 606/1078/2
f 617/1079/2 625/2215/2 622/1080/2
f 622/1080/2 616/2218/2 606/1078/2
f 448/861/4 1180/2219/4 1168/1081/4
f 636/22/6 637/1813/6 649/1083/6
f 607/1084/5 605/1400/5 603/1085/5
f 168/649/2 162/2220/2 164/1087/2
f 540/1088/1 538/2221/1 539/1089/1
f 666/369/4 673/2222/4 674/1091/4
f 729/505/6 792/2223/6 791/610/6
f 971/851/6 998/439/6 999/1093/6
f 287/49/5 286/51/5 284/925/5
f 1204/111/4 1208/755/4 1209/1095/4
f 1013/1075/5 1020/1073/5 207/1027/5
f 668/756/6 491/2224/6 492/1096/6
f 492/1096/11 565/1513/11 667/1097/11
f 1171/1098/5 1173/144/5 1162/421/5
f 820/1100/1 827/1787/1 828/1101/1
f 947/1103/2 983/189/2 979/190/2
f 1216/455/6 1214/453/6 1215/1104/6
f 793/1106/4 869/1544/4 870/504/4
f 481/1108/6 589/2225/6 591/262/6
f 772/143/6 773/2226/6 768/1109/6
f 428/1111/4 1166/833/4 1164/177/4
f 537/1112/1 542/1200/1 541/1113/1
f 837/423/6 836/1142/6 767/1110/6
f 627/554/6 624/555/6 622/1115/6
f 808/849/2 810/851/2 806/236/2
f 260/1116/4 273/1610/4 281/2227/4
f 279/1117/4 518/2228/4 519/1118/4
f 260/1116/4 281/2227/4 279/1117/4
f 366/1119/3 729/1016/3 730/1015/3
f 1004/225/6 1008/1482/6 988/440/6
f 1154/1121/1 559/1020/1 545/1122/1
f 982/1124/6 985/838/6 952/839/6
f 718/1126/4 759/2229/4 752/1127/4
f 771/264/1 778/2230/1 777/20/1
f 385/2231/2 386/737/2 395/217/2
f 379/1128/2 380/738/2 382/2042/2
f 381/1129/2 385/2231/2 395/217/2
f 379/1128/2 382/2042/2 381/1129/2
f 418/1130/2 1067/2013/2 1074/675/2
f 295/557/5 296/1251/5 298/1132/5
f 527/1133/1 526/1466/1 522/1134/1
f 52/699/4 53/697/4 49/1136/4
f 239/371/6 1018/2232/6 1019/155/6
f 198/1137/6 185/2233/6 238/1138/6
f 239/371/6 1019/155/6 198/1137/6
f 588/331/4 587/48/4 482/1139/4
f 767/1110/4 772/143/4 847/1141/4
f 44/1143/6 40/1076/6 38/1077/6
f 299/1144/5 300/1805/5 560/1145/5
f 853/1147/1 862/1728/1 861/1088/1
f 753/378/6 752/1127/6 717/102/6
f 701/1149/4 702/1753/4 703/1150/4
f 785/257/2 870/2170/2 861/1152/2
f 1224/1049/3 1223/96/3 1198/525/3
f 143/1155/3 146/1118/3 145/1156/3
f 593/1158/1 594/1601/1 596/868/1
f 490/1160/4 1013/587/4 208/589/4
f 422/1087/2 1081/2220/2 1080/1161/2
f 712/187/4 741/1688/4 742/1162/4
f 378/1884/1 52/1883/1 48/2234/1
f 47/1164/1 51/1891/1 375/1893/1
f 341/1166/1 378/1884/1 48/2234/1
f 47/1164/1 375/1893/1 340/1165/1
f 341/1166/1 48/2234/1 47/1164/1
f 340/1165/1 45/1887/1 341/1166/1
f 601/517/6 598/1313/6 597/1167/6
f 936/1168/1 946/2235/1 945/1169/1
f 954/402/4 951/2033/4 922/872/4
f 572/1171/6 576/1561/6 575/1172/6
f 429/2236/1 436/2237/1 435/2238/1
f 435/2238/1 440/2239/1 439/2098/1
f 439/2098/1 444/7/1 443/829/1
f 443/829/1 95/2240/1 96/2241/1
f 96/2241/1 432/2242/1 433/2243/1
f 434/2244/1 404/1452/1 407/2245/1
f 96/2241/1 433/2243/1 434/2244/1
f 439/2098/1 443/829/1 96/2241/1
f 435/2238/1 439/2098/1 96/2241/1
f 435/2238/1 96/2241/1 434/2244/1
f 429/2236/1 435/2238/1 434/2244/1
f 407/2245/1 414/2246/1 413/2247/1
f 423/2248/1 426/2249/1 425/2250/1
f 434/2244/1 407/2245/1 413/2247/1
f 434/2244/1 413/2247/1 423/2248/1
f 409/2251/1 418/2252/1 417/2253/1
f 405/1176/1 410/2254/1 409/2251/1
f 412/2255/1 411/2256/1 406/2257/1
f 420/2102/1 419/2258/1 412/2255/1
f 415/2259/1 408/2260/1 398/1021/1
f 416/1175/1 415/2259/1 398/1021/1
f 398/1021/1 420/2102/1 412/2255/1
f 398/1021/1 412/2255/1 406/2257/1
f 428/2261/1 427/2262/1 424/1174/1
f 434/2244/1 423/2248/1 425/2250/1
f 434/2244/1 425/2250/1 428/2261/1
f 398/1021/1 406/2257/1 405/1176/1
f 429/2236/1 434/2244/1 428/2261/1
f 417/2253/1 429/2236/1 428/2261/1
f 417/2253/1 428/2261/1 424/1174/1
f 409/2251/1 417/2253/1 424/1174/1
f 416/1175/1 398/1021/1 405/1176/1
f 405/1176/1 409/2251/1 424/1174/1
f 86/2263/4 104/2264/4 105/2265/4
f 105/2265/4 125/2266/4 126/2267/4
f 126/2267/4 137/2268/4 138/2269/4
f 138/2269/4 145/2270/4 146/2271/4
f 146/2271/4 153/2272/4 154/1177/4
f 154/1177/4 159/974/4 160/2143/4
f 160/2143/4 156/1497/4 149/1178/4
f 149/1178/4 150/2273/4 141/2274/4
f 141/2274/4 142/2275/4 133/1179/4
f 133/1179/4 134/2276/4 117/2277/4
f 117/2277/4 118/2278/4 100/2279/4
f 100/2279/4 101/2280/4 81/2281/4
f 81/2281/4 82/2282/4 80/2206/4
f 80/2206/4 85/2283/4 86/2263/4
f 80/2206/4 86/2263/4 105/2265/4
f 81/2281/4 80/2206/4 105/2265/4
f 126/2267/4 138/2269/4 146/2271/4
f 81/2281/4 105/2265/4 126/2267/4
f 133/1179/1 117/2277/1 100/2279/1
f 100/2279/4 81/2281/4 126/2267/4
f 100/2279/4 126/2267/4 146/2271/4
f 149/1178/4 141/2274/4 133/1179/4
f 133/1179/4 100/2279/4 146/2271/4
f 154/1177/4 160/2143/4 149/1178/4
f 133/1179/4 146/2271/4 154/1177/4
f 300/1180/4 305/1067/4 307/421/4
f 118/1118/1 117/41/1 116/42/1
f 972/919/2 1001/918/2 998/1182/2
f 867/1184/1 874/1778/1 875/1185/1
f 790/204/2 867/1745/2 876/1187/2
f 70/1188/6 67/2284/6 68/1189/6
f 812/1190/6 811/1409/6 744/1191/6
f 900/749/5 899/1170/5 902/1168/5
f 73/675/4 74/2140/4 65/287/4
f 935/855/1 932/1262/1 937/1194/1
f 514/1196/4 524/1607/4 521/1197/4
f 553/1199/6 557/1783/6 538/1200/6
f 331/988/4 336/1611/4 334/1201/4
f 241/1202/1 240/2087/1 239/1203/1
f 129/1205/3 130/1429/3 112/1206/3
f 339/1208/6 611/1006/6 614/1209/6
f 537/1212/4 556/2285/4 552/2286/4
f 533/1211/4 534/2287/4 518/1616/4
f 537/1212/4 552/2286/4 533/1211/4
f 525/405/4 542/406/4 537/1212/4
f 533/1211/4 518/1616/4 525/405/4
f 1213/1213/1 1214/405/1 1216/854/1
f 341/2288/2 45/1896/2 33/373/2
f 33/373/2 37/2289/2 41/2290/2
f 42/2291/2 38/2292/2 34/2293/2
f 341/2288/2 33/373/2 41/2290/2
f 42/2291/2 34/2293/2 342/2294/2
f 341/2288/2 41/2290/2 42/2291/2
f 341/2288/2 42/2291/2 342/2294/2
f 391/2295/2 398/2296/2 397/2297/2
f 341/2288/2 342/2294/2 391/2295/2
f 390/2298/2 341/2288/2 391/2295/2
f 397/2297/2 309/2299/2 1/2300/2
f 390/2298/2 391/2295/2 397/2297/2
f 389/1216/2 390/2298/2 397/2297/2
f 1/2300/2 2/2301/2 9/1214/2
f 9/1214/2 13/2302/2 17/2303/2
f 17/2303/2 21/2304/2 25/372/2
f 17/2303/2 25/372/2 387/1215/2
f 397/2297/2 1/2300/2 9/1214/2
f 9/1214/2 17/2303/2 387/1215/2
f 389/1216/2 397/2297/2 9/1214/2
f 845/1217/2 846/745/2 840/657/2
f 642/1218/5 639/899/5 632/1219/5
f 493/1221/4 494/2305/4 676/91/4
f 676/91/4 678/92/4 567/486/4
f 742/120/1 741/121/1 737/1222/1
f 333/880/1 334/2306/1 336/1224/1
f 690/1226/2 695/1279/2 696/1227/2
f 500/572/4 1154/1990/4 1153/218/4
f 1110/1229/1 896/55/1 887/56/1
f 772/265/5 767/700/5 844/1231/5
f 1022/1233/6 1023/1948/6 485/1234/6
f 664/1236/1 665/367/1 647/932/1
f 1069/292/2 889/1332/2 898/1048/2
f 744/1191/6 743/1408/6 713/1238/6
f 101/338/1 100/1379/1 99/1240/1
f 660/1242/1 670/2307/1 669/1243/1
f 1148/1246/4 1142/1971/4 1133/482/4
f 707/1245/4 1137/1678/4 1148/1246/4
f 1118/1247/4 1120/1116/4 1128/1156/4
f 81/42/2 101/40/2 98/883/2
f 607/1249/4 608/2308/4 606/1250/4
f 128/69/1 130/247/1 129/1251/1
f 316/805/1 315/1085/1 311/1253/1
f 573/661/2 569/662/2 679/2309/2
f 679/2309/2 571/1539/2 575/2310/2
f 575/2310/2 1036/501/2 1043/720/2
f 582/2311/2 1047/2312/2 586/1254/2
f 575/2310/2 1043/720/2 582/2311/2
f 573/661/2 679/2309/2 575/2310/2
f 1041/2313/2 1034/2010/2 573/661/2
f 584/1255/2 1045/2314/2 580/2315/2
f 580/2315/2 1041/2313/2 573/661/2
f 573/661/2 575/2310/2 582/2311/2
f 586/1254/2 1051/1253/2 1049/2316/2
f 573/661/2 582/2311/2 586/1254/2
f 584/1255/2 580/2315/2 573/661/2
f 586/1254/2 1049/2316/2 584/1255/2
f 172/2317/1 173/2318/1 180/2319/1
f 180/2319/1 181/2320/1 177/2321/1
f 176/2322/1 166/2323/1 165/2324/1
f 180/2319/1 177/2321/1 176/2322/1
f 172/2317/1 180/2319/1 176/2322/1
f 497/2325/1 498/2326/1 237/2327/1
f 237/2327/1 236/1039/1 499/2328/1
f 500/2329/1 233/2330/1 234/2331/1
f 237/2327/1 499/2328/1 500/2329/1
f 497/2325/1 237/2327/1 500/2329/1
f 497/2325/1 500/2329/1 234/2331/1
f 172/2317/1 176/2322/1 165/2324/1
f 172/2317/1 165/2324/1 475/2332/1
f 497/2325/1 234/2331/1 229/2333/1
f 229/2333/1 226/2334/1 200/2335/1
f 200/2335/1 201/2336/1 489/2337/1
f 490/2338/1 209/2339/1 210/2340/1
f 229/2333/1 200/2335/1 489/2337/1
f 229/2333/1 489/2337/1 490/2338/1
f 174/2341/1 172/2317/1 475/2332/1
f 224/2342/1 174/2341/1 475/2332/1
f 497/2325/1 229/2333/1 490/2338/1
f 224/2342/1 475/2332/1 497/2325/1
f 213/2343/1 214/2344/1 222/2345/1
f 222/2345/1 224/2342/1 497/2325/1
f 194/2346/1 195/2347/1 205/2348/1
f 205/2348/1 206/2349/1 204/2350/1
f 203/2351/1 188/2352/1 187/2353/1
f 205/2348/1 204/2350/1 203/2351/1
f 194/2346/1 205/2348/1 203/2351/1
f 203/2351/1 187/2353/1 473/1717/1
f 473/1717/1 478/2354/1 477/2355/1
f 477/2355/1 484/2356/1 483/2357/1
f 485/2358/1 487/2359/1 486/2360/1
f 473/1717/1 477/2355/1 483/2357/1
f 194/2346/1 203/2351/1 473/1717/1
f 196/2361/1 194/2346/1 473/1717/1
f 196/2361/1 473/1717/1 483/2357/1
f 210/2340/1 196/2361/1 483/2357/1
f 210/2340/1 483/2357/1 485/2358/1
f 219/2362/1 213/2343/1 222/2345/1
f 219/2362/1 222/2345/1 497/2325/1
f 490/2338/1 210/2340/1 485/2358/1
f 486/2360/1 492/2363/1 491/1256/1
f 490/2338/1 485/2358/1 486/2360/1
f 218/2364/1 219/2362/1 497/2325/1
f 488/2365/1 481/2366/1 495/1258/1
f 218/2364/5 497/2325/5 490/2338/5
f 493/2367/1 488/2365/1 495/1258/1
f 495/1258/1 218/2364/1 490/2338/1
f 490/2338/1 486/2360/1 491/1256/1
f 494/1257/1 493/2367/1 495/1258/1
f 495/1258/1 490/2338/1 491/1256/1
f 801/683/4 879/681/4 880/1259/4
f 503/1261/4 506/251/4 515/317/4
f 910/727/5 912/855/5 928/1262/5
f 956/958/3 908/223/3 925/1264/3
f 1143/1266/2 1150/1588/2 1149/1267/2
f 330/1268/6 326/1052/6 333/1269/6
f 711/1270/3 747/2368/3 749/1271/3
f 247/1273/4 274/1815/4 263/29/4
f 263/29/4 261/2369/4 171/1274/4
f 171/1274/4 223/1108/4 255/1275/4
f 247/1273/4 263/29/4 171/1274/4
f 219/1276/4 220/329/4 212/279/4
f 684/1278/4 578/2370/4 575/1172/4
f 737/703/3 741/583/3 712/59/3
f 952/1227/3 985/1186/3 984/1184/3
f 1016/1171/5 1017/1173/5 1014/967/5
f 1038/1280/5 577/190/5 573/773/5
f 471/1281/6 545/1696/6 559/1282/6
f 726/1284/5 774/117/5 769/1285/5
f 805/1068/3 809/100/3 742/101/3
f 149/1286/2 156/1533/2 155/1287/2
f 464/429/5 462/7/5 467/1288/5
f 467/1288/5 469/2371/5 465/1289/5
f 668/762/3 676/761/3 494/1290/3
f 967/1292/4 966/97/4 995/291/4
f 211/1293/4 197/1542/4 196/1294/4
f 406/1295/2 1065/1707/2 1060/1296/2
f 210/125/3 209/332/3 208/330/3
f 207/1297/3 211/1837/3 210/125/3
f 718/85/3 721/86/3 760/1298/3
f 710/825/2 713/824/2 346/1300/2
f 659/897/5 672/2372/5 668/427/5
f 450/1302/4 1182/1381/4 1170/1070/4
f 716/1303/5 715/679/5 720/949/5
f 1203/454/3 1222/221/3 1220/881/3
f 520/1306/6 523/1197/6 512/1198/6
f 309/879/6 314/2094/6 5/1307/6
f 835/1309/4 828/1501/4 761/293/4
f 1070/455/4 891/221/4 892/222/4
f 804/733/2 881/2040/2 879/1311/2
f 445/1312/2 1181/255/2 1169/1313/2
f 795/666/2 793/668/2 794/1314/2
f 839/1316/2 841/651/2 832/597/2
f 41/1040/5 43/2373/5 44/1317/5
f 276/2374/5 265/2375/5 266/1318/5
f 568/2376/5 276/2374/5 266/1318/5
f 1024/654/5 1032/2377/5 568/2376/5
f 1033/2378/5 1030/2009/5 1024/654/5
f 269/2379/5 1033/2378/5 1024/654/5
f 1024/654/5 568/2376/5 266/1318/5
f 267/1319/5 269/2379/5 1024/654/5
f 1054/1322/2 1056/1582/2 1108/2380/2
f 1107/1320/2 1111/1146/2 1112/1321/2
f 1054/1322/2 1108/2380/2 1107/1320/2
f 1039/401/4 1042/1384/4 1043/1323/4
f 738/1223/5 742/120/5 808/1325/5
f 233/437/6 226/1947/6 228/1327/6
f 228/1327/6 248/2381/6 276/1503/6
f 276/1503/6 275/2382/6 249/1328/6
f 249/1328/6 256/2383/6 227/1329/6
f 227/1329/6 232/2384/6 233/437/6
f 228/1327/6 276/1503/6 249/1328/6
f 227/1329/6 233/437/6 228/1327/6
f 631/1330/3 637/253/3 636/252/3
f 581/1331/4 1046/1704/4 1047/1332/4
f 878/1333/3 877/375/3 879/1311/3
f 28/1334/6 24/1485/6 22/1225/6
f 636/1335/5 650/1768/5 646/1336/5
f 782/1064/4 865/1574/4 866/482/4
f 1123/863/1 1128/1138/1 1127/1338/1
f 943/1339/1 1124/2091/1 1123/863/1
f 777/20/1 786/2385/1 785/936/1
f 666/54/2 665/2386/2 677/1340/2
f 570/1341/4 569/2086/4 573/847/4
f 4/1343/5 3/1047/5 7/1046/5
f 376/2387/4 377/1014/4 393/1344/4
f 393/1344/4 389/2388/4 387/1345/4
f 388/1346/4 376/2387/4 393/1344/4
f 716/1272/2 755/2389/2 757/864/2
f 59/1349/1 1052/2152/1 1053/1347/1
f 1053/1347/1 384/1001/1 65/2156/1
f 69/1348/1 60/1003/1 59/1349/1
f 1053/1347/1 65/2156/1 69/1348/1
f 782/1350/2 859/2390/2 868/244/2
f 1132/1353/1 1138/603/1 1137/1352/1
f 1137/1352/12 707/981/12 1133/982/12
f 1043/1354/1 1042/1736/1 581/403/1
f 1133/1356/2 1142/2391/2 1143/223/2
f 666/270/5 663/1547/5 655/539/5
f 617/1357/1 629/2392/1 630/1358/1
f 285/1360/2 259/715/2 260/1361/2
f 537/1363/3 543/618/3 555/1131/3
f 512/1364/1 513/2393/1 510/1365/1
f 1057/1367/2 1059/1808/2 1113/1024/2
f 1113/1024/2 1114/2394/2 1110/1366/2
f 1110/1366/2 1109/2395/2 1057/1367/2
f 165/1368/4 166/491/4 167/1369/4
f 722/746/4 764/747/4 765/213/4
f 817/266/1 825/1858/1 824/1372/1
f 1179/1373/6 445/2007/6 1156/116/6
f 1082/1375/3 904/156/3 903/1242/3
f 127/2396/3 136/1706/3 135/1376/3
f 135/1376/3 138/230/3 137/561/3
f 128/1053/3 127/2396/3 135/1376/3
f 767/770/2 836/2397/2 843/1377/2
f 85/1379/3 84/1240/3 83/1181/3
f 1187/1183/3 456/1562/3 1165/1302/3
f 939/1194/1 938/442/1 940/444/1
f 909/970/5 926/2141/5 905/567/5
f 1063/1383/2 892/2398/2 890/1209/2
f 183/1384/6 182/2399/6 181/1385/6
f 792/1387/1 783/324/1 790/322/1
f 984/1388/1 985/2400/1 982/132/1
f 301/1389/5 302/2160/5 304/1390/5
f 805/1392/1 814/1512/1 811/1393/1
f 931/1395/6 932/2401/6 890/456/6
f 665/1092/6 666/369/6 646/1397/6
f 756/736/6 766/2402/6 719/1399/6
f 712/59/2 748/2403/2 750/148/2
f 1135/982/1 1136/980/1 1131/1400/1
f 1131/1400/1 1130/1038/1 974/1036/1
f 303/2404/2 560/2405/2 307/1578/2
f 307/1578/2 318/2406/2 317/2407/2
f 310/2408/2 309/2299/2 397/2297/2
f 307/1578/2 317/2407/2 310/2408/2
f 297/2409/2 544/2410/2 303/2404/2
f 303/2404/2 307/1578/2 310/2408/2
f 310/2408/2 397/2297/2 461/1401/2
f 297/2409/2 303/2404/2 310/2408/2
f 470/1403/2 297/2409/2 310/2408/2
f 398/2296/2 391/2295/2 392/2411/2
f 343/2412/2 342/2294/2 34/2293/2
f 343/2412/2 34/2293/2 30/2413/2
f 26/2414/2 22/2415/2 18/2416/2
f 343/2412/2 30/2413/2 26/2414/2
f 343/2412/2 26/2414/2 18/2416/2
f 18/2416/2 14/2417/2 10/2418/2
f 10/2418/2 3/2419/2 4/1308/2
f 4/1308/2 312/879/2 311/2420/2
f 311/2420/2 320/2421/2 319/1579/2
f 319/1579/2 308/2422/2 561/2423/2
f 304/2424/2 546/2425/2 298/2426/2
f 319/1579/2 561/2423/2 304/2424/2
f 4/1308/2 311/2420/2 319/1579/2
f 343/2412/2 18/2416/2 10/2418/2
f 10/2418/2 4/1308/2 319/1579/2
f 319/1579/2 304/2424/2 298/2426/2
f 319/1579/2 298/2426/2 161/2427/2
f 343/2412/2 10/2418/2 319/1579/2
f 392/2411/2 343/2412/2 319/1579/2
f 398/2296/2 392/2411/2 319/1579/2
f 462/1402/2 398/2296/2 319/1579/2
f 462/1402/2 319/1579/2 161/2427/2
f 470/1403/2 310/2408/2 461/1401/2
f 462/1402/2 161/2427/2 470/1403/2
f 281/2428/3 525/1560/3 524/2429/3
f 514/1404/3 515/2430/3 506/383/3
f 281/2428/3 524/2429/3 514/1404/3
f 506/383/3 274/1413/3 507/1405/3
f 507/1405/3 281/2428/3 514/1404/3
f 1126/1248/6 1119/1247/6 1117/1347/6
f 743/326/3 753/327/3 820/1406/3
f 743/1408/4 819/1748/4 811/1409/4
f 321/1410/1 322/768/1 317/226/1
f 777/1412/2 862/383/2 853/1413/2
f 360/1415/3 728/1463/3 727/1416/3
f 797/1417/1 804/1065/1 801/914/1
f 443/2/4 463/2431/4 461/1419/4
f 466/1421/5 467/1288/5 462/7/5
f 462/7/5 461/829/5 463/1422/5
f 463/1422/5 465/1289/5 469/2371/5
f 463/1422/5 469/2371/5 468/1423/5
f 466/1421/5 462/7/5 463/1422/5
f 1099/1182/3 911/745/3 912/451/3
f 505/1424/5 272/2432/5 262/1425/5
f 55/1427/2 1053/1099/2 1052/622/2
f 137/1428/5 126/2433/5 124/1206/5
f 248/1432/2 251/2434/2 253/2435/2
f 250/1430/2 265/902/2 276/1431/2
f 248/1432/2 253/2435/2 250/1430/2
f 1154/305/3 500/2436/3 499/1433/3
f 22/1434/5 24/572/5 20/389/5
f 1167/301/2 1168/990/2 1180/479/2
f 1192/1436/2 1193/2437/2 446/1437/2
f 775/341/5 850/1345/5 845/1439/5
f 883/1440/4 884/157/4 875/155/4
f 662/1441/5 659/897/5 657/1442/5
f 868/1188/1 859/2284/1 866/1354/1
f 123/1444/3 124/2438/3 126/1445/3
f 584/1446/1 583/2088/1 1044/853/1
f 717/819/3 752/1640/3 751/1447/3
f 394/397/2 393/447/2 377/2439/2
f 377/2439/2 57/2440/2 383/1448/2
f 384/1449/2 58/2441/2 378/1907/2
f 394/397/2 377/2439/2 383/1448/2
f 384/1449/2 378/1907/2 394/397/2
f 785/257/2 787/1153/2 788/1450/2
f 36/840/6 32/841/6 30/493/6
f 401/2442/1 433/2243/1 432/2242/1
f 400/2443/1 399/2444/1 397/830/1
f 401/2442/1 432/2242/1 400/2443/1
f 422/2445/1 421/2446/1 402/2447/1
f 401/2442/1 400/2443/1 397/830/1
f 403/1453/1 422/2445/1 402/2447/1
f 402/2447/1 401/2442/1 397/830/1
f 397/830/1 398/1021/1 408/2260/1
f 408/2260/1 407/2245/1 404/1452/1
f 403/1453/1 402/2447/1 397/830/1
f 397/830/1 408/2260/1 404/1452/1
f 914/1454/2 934/2448/2 931/639/2
f 873/1456/4 874/2449/4 867/1457/4
f 880/983/1 879/985/1 877/1459/1
f 1041/560/6 1040/193/6 1038/686/6
f 723/93/6 728/1646/6 360/1462/6
f 727/1416/2 786/2450/2 777/1412/2
f 736/789/3 797/1550/3 800/1464/3
f 509/1466/5 281/1134/5 280/229/5
f 215/1468/5 212/2451/5 220/1469/5
f 717/819/2 752/1640/2 761/1470/2
f 442/1472/4 1106/644/4 1103/645/4
f 966/528/1 969/1095/1 968/1474/1
f 761/335/5 752/333/5 753/1476/5
f 1210/451/6 1211/1708/6 1206/999/6
f 817/1478/1 815/226/1 809/1479/1
f 753/1476/1 743/195/1 751/1481/1
f 992/1482/4 1009/122/4 1006/124/4
f 945/993/2 950/2452/2 921/1483/2
f 1095/2453/4 1116/2454/4 918/63/4
f 918/63/4 1113/1828/4 1059/606/4
f 1081/604/4 1095/2453/4 918/63/4
f 513/492/6 505/1617/6 502/570/6
f 13/1485/4 15/2173/4 19/1486/4
f 935/1487/6 936/1647/6 898/1368/6
f 114/585/4 111/984/4 110/1489/4
f 90/1490/4 93/586/4 114/585/4
f 1077/1491/4 899/676/4 900/677/4
f 961/1492/4 960/1794/4 991/71/4
f 947/939/4 948/777/4 920/1493/4
f 216/1390/1 217/1391/1 162/1494/1
f 162/1494/1 168/1344/1 167/1495/1
f 163/1496/1 216/1390/1 162/1494/1
f 721/294/6 724/1684/6 358/1497/6
f 114/625/3 93/1532/3 88/763/3
f 830/1500/6 829/1609/6 828/1501/6
f 730/1015/3 783/1351/3 782/1350/3
f 356/1503/2 357/2382/2 722/684/2
f 849/1505/3 848/1119/3 847/1120/3
f 945/1507/2 946/1044/2 977/1280/2
f 371/1259/4 736/107/4 733/823/4
f 133/1157/2 142/1155/2 139/479/2
f 551/2455/6 554/2456/6 536/1509/6
f 536/1509/6 539/2457/6 522/978/6
f 522/978/6 517/2164/6 528/2458/6
f 529/1510/6 551/2455/6 536/1509/6
f 522/978/6 528/2458/6 529/1510/6
f 653/1511/5 654/2459/5 651/898/5
f 892/431/5 914/432/5 913/1392/5
f 565/1513/4 667/1097/4 639/1514/4
f 951/601/1 954/525/1 955/1154/1
f 259/1427/6 516/1241/6 517/2460/6
f 278/1516/6 280/2461/6 271/376/6
f 259/1427/6 517/2460/6 278/1516/6
f 529/1517/2 530/1648/2 548/803/2
f 443/1519/2 444/2462/2 464/1518/2
f 465/396/2 463/2439/2 443/1519/2
f 177/1520/4 178/1385/4 179/1386/4
f 894/1521/1 917/1771/1 1112/1522/1
f 962/364/3 994/2008/3 995/1524/3
f 1220/1526/1 1222/320/1 1208/216/1
f 315/1527/3 316/2463/3 8/2464/3
f 8/2464/3 7/2465/3 12/2466/3
f 12/2466/3 16/2467/3 20/2468/3
f 20/2468/3 24/2469/3 28/2470/3
f 28/2470/3 32/2471/3 36/1528/3
f 36/1528/3 40/2472/3 44/1529/3
f 43/2473/3 39/2474/3 35/2475/3
f 35/2475/3 31/2476/3 27/2477/3
f 27/2477/3 23/2478/3 19/2479/3
f 19/2479/3 15/2480/3 11/2481/3
f 11/2481/3 6/2482/3 5/2483/3
f 5/2483/3 314/2484/3 313/2485/3
f 313/2485/3 322/2486/3 321/2487/3
f 321/2487/3 329/2488/3 330/2489/3
f 330/2489/3 335/2490/3 336/2491/3
f 331/2492/3 332/2493/3 323/2494/3
f 330/2489/3 336/2491/3 331/2492/3
f 313/2485/3 321/2487/3 330/2489/3
f 11/2481/3 5/2483/3 313/2485/3
f 19/2479/3 11/2481/3 313/2485/3
f 313/2485/3 330/2489/3 331/2492/3
f 323/2494/3 324/2495/3 315/1527/3
f 313/2485/3 331/2492/3 323/2494/3
f 27/2477/3 19/2479/3 313/2485/3
f 35/2475/3 27/2477/3 313/2485/3
f 313/2485/3 323/2494/3 315/1527/3
f 315/1527/3 8/2464/3 12/2466/3
f 315/1527/3 12/2466/3 20/2468/3
f 35/2475/3 313/2485/3 315/1527/3
f 43/2473/3 35/2475/3 315/1527/3
f 315/1527/3 20/2468/3 28/2470/3
f 315/1527/3 28/2470/3 36/1528/3
f 44/1529/3 43/2473/3 315/1527/3
f 775/78/4 770/867/4 769/1530/4
f 415/580/4 1157/623/4 1158/625/4
f 617/460/4 620/655/4 628/1484/4
f 157/1533/3 160/1595/3 159/1534/3
f 400/76/2 1054/420/2 1055/288/2
f 1223/1536/1 1224/1592/1 1213/406/1
f 933/1186/4 934/2034/4 914/723/4
f 575/2310/3 1036/501/3 1033/1537/3
f 269/1538/3 267/314/3 679/2309/3
f 571/1539/3 575/2310/3 1033/1537/3
f 269/1538/3 679/2309/3 571/1539/3
f 831/1540/2 833/2202/2 824/866/2
f 349/1541/2 716/1272/2 711/1270/2
f 191/543/2 194/1983/2 196/1294/2
f 791/744/1 800/743/1 797/1417/1
f 869/1544/6 877/308/6 878/1545/6
f 352/1546/2 353/2041/2 720/538/2
f 940/1548/4 972/527/4 973/525/4
f 800/1464/2 875/1291/2 882/1549/2
f 363/299/4 730/600/4 725/598/4
f 1222/319/4 469/1751/4 467/1552/4
f 665/1243/1 674/2496/1 675/1553/1
f 313/840/6 310/1451/6 317/1554/6
f 332/1269/4 328/459/4 319/1554/4
f 771/285/2 854/2497/2 847/1120/2
f 767/770/3 836/2397/3 835/1059/3
f 873/857/3 800/1464/3 875/1291/3
f 460/579/3 1188/578/3 1176/474/3
f 703/1555/1 702/2498/1 705/1556/1
f 538/1558/3 557/2499/3 558/2500/3
f 541/1559/3 542/946/3 525/947/3
f 538/1558/3 558/2500/3 541/1559/3
f 522/1560/3 539/2501/3 538/1558/3
f 541/1559/3 525/947/3 522/1560/3
f 930/917/5 912/2370/5 911/1561/5
f 252/2502/4 277/2503/4 269/1486/4
f 269/1486/4 268/2504/4 253/1563/4
f 253/1563/4 251/2505/4 231/2506/4
f 231/2506/4 229/2507/4 234/860/4
f 234/860/4 235/2508/4 230/1564/4
f 230/1564/4 257/2509/4 252/2502/4
f 252/2502/4 269/1486/4 253/1563/4
f 253/1563/4 231/2506/4 234/860/4
f 230/1564/4 252/2502/4 253/1563/4
f 795/1418/1 793/915/1 785/936/1
f 443/829/1 84/2082/1 85/1566/1
f 80/2083/1 397/830/1 399/2444/1
f 85/1566/1 80/2083/1 399/2444/1
f 431/1567/1 432/2242/1 96/2241/1
f 85/1566/1 399/2444/1 431/1567/1
f 87/1568/1 95/2240/1 443/829/1
f 431/1567/1 96/2241/1 91/2510/1
f 87/1568/1 443/829/1 85/1566/1
f 431/1567/1 91/2510/1 87/1568/1
f 270/1569/4 685/1571/4 679/495/4
f 313/298/1 314/1410/1 309/1411/1
f 521/1365/1 524/2393/1 525/784/1
f 713/1238/4 714/2511/4 751/475/4
f 744/196/5 737/1222/5 738/1223/5
f 1049/1571/6 1048/1715/6 583/1572/6
f 667/1573/2 670/2512/2 660/521/2
f 1134/1574/6 1133/482/6 707/1245/6
f 876/1137/6 875/155/6 800/609/6
f 990/959/1 988/2513/1 989/1576/1
f 921/871/5 923/402/5 904/403/5
f 327/2514/2 334/2515/2 333/2516/2
f 326/1577/2 325/2517/2 318/2406/2
f 327/2514/2 333/2516/2 326/1577/2
f 319/1579/2 328/2518/2 327/2514/2
f 307/1578/2 308/2422/2 319/1579/2
f 326/1577/2 318/2406/2 307/1578/2
f 319/1579/2 327/2514/2 326/1577/2
f 134/483/1 133/481/1 132/41/1
f 962/1090/3 911/129/3 927/157/3
f 153/1580/5 146/167/5 143/169/5
f 613/1582/1 612/1322/1 609/1583/1
f 775/78/4 857/2519/4 858/1585/4
f 657/2150/4 659/812/4 660/1587/4
f 660/1587/4 641/1816/4 642/32/4
f 651/1586/4 657/2150/4 660/1587/4
f 183/163/5 179/1266/5 178/1588/5
f 435/129/3 1098/2520/3 1097/1590/3
f 244/1592/5 1021/1840/5 1029/1593/5
f 1159/346/5 1155/1665/5 1156/766/5
f 452/1594/2 1197/892/2 1195/660/2
f 810/1595/1 809/2521/1 805/202/1
f 1112/547/4 917/548/4 941/1596/4
f 1090/2522/1 1104/2523/1 1103/2524/1
f 1103/2524/1 1106/2525/1 1105/2526/1
f 1097/2527/1 1098/2528/1 1084/73/1
f 1079/1071/1 1091/2529/1 1090/2522/1
f 1064/1600/1 1073/2530/1 1072/2531/1
f 1097/2527/1 1084/73/1 1086/1830/1
f 1086/1830/1 1100/2532/1 1099/2533/1
f 1102/2534/1 1101/2535/1 1089/2536/1
f 1097/2527/1 1086/1830/1 1099/2533/1
f 1105/2526/1 1097/2527/1 1099/2533/1
f 1060/2537/1 1065/1005/1 1064/1600/1
f 1067/2538/1 1066/2539/1 1061/2540/1
f 1105/2526/1 1099/2533/1 1102/2534/1
f 1089/2536/1 1088/2541/1 1083/2542/1
f 1103/2524/1 1105/2526/1 1102/2534/1
f 1103/2524/1 1102/2534/1 1089/2536/1
f 1085/74/1 1074/2543/1 1067/2538/1
f 1075/2544/1 1082/1829/1 1085/74/1
f 1068/2545/1 1076/2546/1 1075/2544/1
f 1062/2547/1 1069/2548/1 1068/2545/1
f 1071/2549/1 1070/2550/1 1063/1599/1
f 1062/2547/4 1068/2545/4 1075/2544/4
f 1075/2544/1 1085/74/1 1067/2538/1
f 1075/2544/1 1067/2538/1 1061/2540/1
f 1062/2547/1 1075/2544/1 1061/2540/1
f 1090/2522/1 1103/2524/1 1089/2536/1
f 1090/2522/1 1089/2536/1 1083/2542/1
f 1062/2547/1 1061/2540/1 1060/2537/1
f 1063/1599/1 1062/2547/1 1060/2537/1
f 1079/1071/1 1090/2522/1 1083/2542/1
f 1078/1598/1 1077/2551/1 1071/2549/1
f 1079/1071/1 1083/2542/1 1078/1598/1
f 1072/2531/1 1079/1071/1 1078/1598/1
f 1078/1598/6 1071/2549/6 1063/1599/6
f 1063/1599/1 1060/2537/1 1064/1600/1
f 1064/1600/1 1072/2531/1 1078/1598/1
f 682/1601/5 676/269/5 668/427/5
f 528/223/1 531/2391/1 530/1603/1
f 666/54/3 665/2386/3 664/31/3
f 395/808/5 396/2136/5 392/1128/5
f 849/1606/6 844/1196/6 843/1607/6
f 522/1609/1 523/2552/1 520/1610/1
f 1066/594/6 1067/593/6 418/1612/6
f 194/630/6 191/1277/6 192/1276/6
f 1146/498/1 1141/82/1 1140/462/1
f 996/463/1 1145/2553/1 1146/498/1
f 850/1613/4 851/1681/4 846/1608/4
f 808/1614/4 742/1162/4 809/1615/4
f 1037/1592/1 1036/1840/1 575/150/1
f 90/1618/5 110/529/5 106/1140/5
f 56/1619/1 337/1889/1 372/2554/1
f 372/2554/1 373/350/1 57/349/1
f 57/349/1 377/1691/1 376/1620/1
f 56/1619/1 372/2554/1 57/349/1
f 473/1621/2 474/750/2 636/252/2
f 12/357/6 7/430/6 3/1622/6
f 738/386/6 737/17/6 709/18/6
f 725/680/5 730/273/5 781/1624/5
f 817/1625/6 826/104/6 749/1626/6
f 987/192/4 1007/2555/4 1003/1133/4
f 362/1627/3 725/907/3 726/906/3
f 1051/106/1 1050/1833/1 1048/1629/1
f 58/132/4 384/2400/4 1053/1630/4
f 782/1350/3 859/2390/3 858/1265/3
f 740/1633/2 742/101/2 738/844/2
f 1191/1635/2 1204/2556/2 1206/1636/2
f 1189/1638/3 1190/750/3 1178/834/3
f 988/1342/3 1008/1531/3 1009/780/3
f 752/1640/3 761/1470/3 828/1641/3
f 716/179/4 749/1626/4 750/563/4
f 646/242/2 655/1979/2 656/520/2
f 828/1643/1 835/948/1 836/601/1
f 736/789/2 797/1550/2 795/666/2
f 856/1353/3 855/2557/3 853/1413/3
f 788/1645/4 787/89/4 777/94/4
f 532/1647/4 535/414/4 549/1648/4
f 952/1649/1 953/2451/1 950/381/1
f 675/1125/1 683/1124/1 680/1650/1
f 9/511/5 11/512/5 15/311/5
f 286/1475/2 289/1474/2 282/126/2
f 527/1074/4 525/1682/4 281/1009/4
f 437/967/3 1090/2558/3 1091/1651/3
f 522/1454/3 280/2559/3 504/2560/3
f 504/2560/3 272/2162/3 505/1652/3
f 505/1652/3 513/2561/3 512/1653/3
f 512/1653/3 523/2562/3 522/1454/3
f 522/1454/3 504/2560/3 505/1652/3
f 774/1654/3 726/906/3 776/942/3
f 737/1222/1 746/2563/1 743/195/1
f 789/1655/4 790/1458/4 783/599/4
f 1172/544/4 1174/1984/4 1186/1656/4
f 676/761/3 675/2056/3 674/1657/3
f 891/729/5 900/728/5 916/1659/5
f 709/1660/5 712/1773/5 740/1661/5
f 619/1663/1 618/1167/1 615/1086/1
f 562/1515/6 478/2564/6 473/1664/6
f 473/1664/6 632/206/6 639/1514/6
f 522/361/6 526/2565/6 508/1195/6
f 1194/1437/1 1193/346/1 1192/1665/1
f 941/569/5 942/384/5 1129/1666/5
f 948/738/2 938/398/2 900/1667/2
f 342/1668/4 379/2308/4 395/1669/4
f 965/346/4 960/347/4 909/246/4
f 618/1670/6 613/1788/6 610/553/6
f 727/243/4 731/1796/4 785/1107/4
f 1196/1673/6 1200/468/6 454/1746/6
f 454/1746/6 446/2566/6 1193/2567/6
f 1194/1674/6 1206/2568/6 1205/1675/6
f 454/1746/6 1193/2567/6 1194/1674/6
f 1213/2569/6 1224/2570/6 1196/1673/6
f 1196/1673/6 454/1746/6 1194/1674/6
f 1205/1675/6 1213/2569/6 1196/1673/6
f 258/1678/1 262/136/1 272/134/1
f 246/1676/6 254/2571/6 216/1677/6
f 258/1678/6 272/134/6 246/1676/6
f 216/1677/6 163/2572/6 258/1678/6
f 703/1555/5 702/2498/5 943/1339/5
f 943/1339/5 1124/2091/5 1134/1679/5
f 708/1680/5 703/1555/5 943/1339/5
f 1178/1205/5 1166/1207/5 1165/1613/5
f 690/186/6 691/853/6 693/1074/6
f 780/1683/4 779/875/4 771/758/4
f 993/1576/1 987/2513/1 991/344/1
f 480/1686/2 646/242/2 650/37/2
f 563/1685/2 479/2573/2 480/1686/2
f 939/225/2 933/224/2 892/1687/2
f 741/1688/6 747/1766/6 711/186/6
f 96/1139/3 95/421/3 94/1490/3
f 636/1335/5 635/2574/5 634/1689/5
f 394/1690/5 390/1884/5 389/1691/5
f 447/1037/4 451/2575/4 1195/1693/4
f 1195/1693/4 1198/2576/4 1223/280/4
f 1223/280/4 1222/817/4 1203/1694/4
f 1203/1694/4 1204/2577/4 1191/1695/4
f 1191/1695/4 1192/2578/4 447/1037/4
f 1195/1693/4 1223/280/4 1203/1694/4
f 1191/1695/4 447/1037/4 1195/1693/4
f 299/1697/4 303/1690/4 544/2579/4
f 299/1697/4 544/2579/4 545/1696/4
f 559/1282/4 294/1006/4 299/1697/4
f 886/292/1 893/1237/1 1107/1049/1
f 485/1071/3 1023/1235/3 658/2580/3
f 658/2580/3 657/1234/3 1017/2581/3
f 658/2580/3 1017/2581/3 1016/1698/3
f 566/2582/3 487/1070/3 485/1071/3
f 1011/1699/3 566/2582/3 485/1071/3
f 485/1071/3 658/2580/3 1016/1698/3
f 631/802/1 640/2038/1 641/724/1
f 732/636/6 735/634/6 368/1701/6
f 694/1703/5 701/1393/5 700/1394/5
f 404/1704/2 1058/1612/2 1059/1229/2
f 302/66/6 295/1115/6 546/1705/6
f 1163/240/3 455/184/3 1186/183/3
f 134/1376/2 131/2005/2 116/481/2
f 1105/1707/3 1106/693/3 442/692/3
f 723/1060/2 778/2583/2 771/285/2
f 1207/1708/2 1209/1104/2 1210/1105/2
f 1141/886/6 1146/2584/6 1135/1709/6
f 974/1710/6 1130/621/6 1141/886/6
f 602/1630/1 601/1726/1 599/1069/1
f 750/119/5 749/115/5 757/113/5
f 742/1162/6 809/1615/6 815/1712/6
f 969/320/4 966/952/4 912/345/4
f 585/1714/4 1050/2585/4 1051/1715/4
f 475/2332/1 165/2324/1 164/2586/1
f 218/2364/1 495/1258/1 496/2587/1
f 218/2364/1 496/2587/1 482/2588/1
f 164/2586/1 218/2364/1 482/2588/1
f 481/2366/1 488/2365/1 480/2589/1
f 475/2332/1 164/2586/1 482/2588/1
f 481/2366/1 480/2589/1 479/2590/1
f 475/2332/1 482/2588/1 481/2366/1
f 237/2327/1 498/2326/1 476/2591/1
f 475/2332/1 481/2366/1 479/2590/1
f 161/2592/1 237/2327/1 476/2591/1
f 475/2332/1 479/2590/1 474/1716/1
f 161/2592/1 476/2591/1 475/2332/1
f 499/2328/1 236/1039/1 470/1307/1
f 471/2593/1 499/2328/1 470/1307/1
f 470/1307/1 161/2592/1 475/2332/1
f 470/1307/1 475/2332/1 474/1716/1
f 472/1718/1 471/2593/1 470/1307/1
f 233/2330/1 500/2329/1 472/1718/1
f 200/2335/1 226/2334/1 233/2330/1
f 473/1717/1 187/2353/1 186/2594/1
f 200/2335/1 233/2330/1 472/1718/1
f 186/2594/1 200/2335/1 472/1718/1
f 472/1718/1 470/1307/1 474/1716/1
f 473/1717/1 186/2594/1 472/1718/1
f 274/1056/1 273/2595/1 260/2596/1
f 259/1719/1 271/2597/1 272/2432/1
f 263/1058/1 274/1056/1 260/2596/1
f 259/1719/1 272/2432/1 262/1425/1
f 261/1721/1 263/1058/1 260/2596/1
f 259/1719/1 262/1425/1 258/1720/1
f 261/1721/1 260/2596/1 259/1719/1
f 76/1722/3 56/2598/3 376/1723/3
f 952/308/6 957/309/6 925/958/6
f 224/1388/4 225/729/4 175/1725/4
f 713/1238/6 714/2511/6 351/523/6
f 438/1590/3 441/2520/3 1103/1147/3
f 915/282/5 898/2599/5 889/1729/5
f 277/1732/1 275/2600/1 276/2374/1
f 277/1732/1 276/2374/1 265/2375/1
f 267/1319/1 269/2379/1 277/1732/1
f 277/1732/1 265/2375/1 270/1731/1
f 668/762/3 672/2601/3 671/1733/3
f 1092/549/4 1054/1985/4 400/1734/4
f 1097/1473/6 1105/1472/6 439/1736/6
f 668/756/4 669/2055/4 670/1737/4
f 534/886/1 533/2602/1 535/1738/1
f 757/575/4 824/2041/4 825/1546/4
f 1228/1044/1 592/1507/1 590/1741/1
f 1152/1742/1 1151/2398/1 1149/1743/1
f 831/877/4 765/213/4 832/214/4
f 865/1744/3 790/204/3 867/1745/3
f 352/1747/4 715/181/4 716/179/4
f 190/1459/2 184/1940/2 186/422/2
f 245/927/1 244/926/1 243/1589/1
f 167/2603/2 166/2604/2 176/2605/2
f 167/2603/2 176/2605/2 179/2606/2
f 258/908/2 163/2607/2 167/2603/2
f 171/2608/2 261/2452/2 258/908/2
f 180/2609/2 173/2610/2 170/1750/2
f 170/1750/2 171/2608/2 258/908/2
f 258/908/2 167/2603/2 179/2606/2
f 183/1749/2 180/2609/2 170/1750/2
f 258/908/2 179/2606/2 183/1749/2
f 1213/1552/3 468/890/3 469/889/3
f 636/1335/1 650/1768/1 639/899/1
f 706/1752/6 1144/2378/6 1143/140/6
f 1143/140/6 997/141/6 702/1753/6
f 702/1753/6 703/1150/6 706/1752/6
f 700/1754/2 703/1468/2 704/1649/2
f 646/1397/4 647/1398/4 648/1755/4
f 407/35/2 408/1775/2 1158/1757/2
f 198/2611/1 199/1053/1 184/1759/1
f 184/1759/1 190/2612/1 189/1760/1
f 185/1761/1 198/2611/1 184/1759/1
f 803/1762/5 736/502/5 735/470/5
f 409/1004/2 410/2158/2 1061/128/2
f 1188/979/4 455/2613/4 1163/182/4
f 704/1765/6 705/405/6 694/854/6
f 75/1668/1 76/3/1 388/1420/1
f 666/270/1 678/271/1 650/1768/1
f 821/1604/1 811/1603/1 819/957/1
f 1117/643/5 1119/641/5 1115/1770/5
f 917/1771/5 1112/1522/5 1117/643/5
f 944/1493/6 945/12/6 901/1700/6
f 724/1684/4 771/758/4 760/1310/4
f 716/1303/5 748/2614/5 712/1773/5
f 1165/1757/3 1166/2438/3 428/1444/3
f 691/853/4 694/854/4 695/1766/4
f 783/599/6 868/1701/6 867/1457/6
f 777/1412/2 779/1414/2 780/1776/2
f 633/142/6 631/208/6 632/206/6
f 901/749/5 897/1193/5 898/1778/5
f 268/229/5 264/2433/5 250/1428/5
f 590/1007/4 592/795/4 596/75/4
f 938/1700/4 939/1772/4 916/1487/4
f 833/1779/1 832/1643/1 834/1644/1
f 787/1153/3 864/2615/3 863/1780/3
f 231/364/5 251/365/5 248/110/5
f 172/1370/6 169/413/6 170/415/6
f 90/1230/2 89/1663/2 87/1782/2
f 87/1782/2 91/1332/2 92/1229/2
f 541/1783/4 558/425/4 555/426/4
f 121/1784/3 120/698/3 119/837/3
f 1057/732/1 888/2039/1 885/388/1
f 1078/254/2 902/611/2 899/581/2
f 300/1785/2 299/2616/2 294/2617/2
f 294/2617/2 293/2618/2 236/1692/2
f 236/1692/2 237/1434/2 296/2619/2
f 295/2620/2 302/2621/2 301/1786/2
f 236/1692/2 296/2619/2 295/2620/2
f 300/1785/2 294/2617/2 236/1692/2
f 306/2622/2 305/2623/2 300/1785/2
f 236/1692/2 295/2620/2 301/1786/2
f 301/1786/2 306/2622/2 300/1785/2
f 841/1787/1 840/2134/1 842/922/1
f 623/229/6 619/231/6 616/1788/6
f 532/1789/2 550/2624/2 547/2625/2
f 531/1790/2 528/2626/2 517/2627/2
f 532/1789/2 547/2625/2 531/1790/2
f 518/1791/2 534/1492/2 532/1789/2
f 531/1790/2 517/2627/2 518/1791/2
f 761/1470/2 828/1641/2 837/1792/2
f 958/1791/6 984/1492/6 989/1794/6
f 731/1796/4 794/2628/4 793/1106/4
f 405/588/6 1060/765/6 1061/1797/6
f 983/1799/1 986/2629/1 987/1800/1
f 516/1658/1 519/2630/1 518/1801/1
f 965/283/3 928/1102/3 912/133/3
f 1121/1597/6 1131/2572/6 1136/1799/6
f 1136/1799/6 1125/2631/6 941/1596/6
f 97/855/1 94/857/1 88/2632/1
f 93/1802/1 90/2633/1 92/729/1
f 97/855/1 88/2632/1 93/1802/1
f 1029/1803/4 1030/1635/4 1031/1637/4
f 1102/1372/4 912/418/4 910/416/4
f 452/837/4 459/6/4 1201/5/4
f 204/1805/4 240/2634/4 241/1806/4
f 458/1436/3 454/2437/3 1200/1713/3
f 424/1042/4 1163/1041/4 1160/691/4
